s_no,category,question,answer,difficulty,grade_level,source,keyword_tag
1,Mathematics,What is 27 multiplied by 23?,621,Advanced,Class 6,NCERT,Multiplication
2,Mathematics,What is the sum of 74 and 87?,161,Basic,Class 6,Nepal Curriculum,Addition
3,Mathematics,What is the sum of 85 and 45?,130,Advanced,Class 11,Nepal Curriculum,Addition
4,Mathematics,What is the sum of 53 and 23?,76,Medium,Class 8,CDC Nepal,Addition
5,Mathematics,"Find the mean of the numbers 4, 7, 10, 13.",8.5,Advanced,Class 9,NCERT,Statistics
6,Mathematics,What is 47 multiplied by 90?,4230,Basic,Class 10,CBSE,Multiplication
7,Mathematics,What is the area of a rectangle with length 15 cm and width 7 cm?,105 cm²,Basic,Class 11,NCERT,Mensuration
8,Mathematics,Solve for x: 3x + 16 = 52,x = 12,Medium,Class 12,CBSE,Linear Equations
9,Mathematics,What is the formula for the volume of a cylinder?,πr²h,Advanced,Class 8,NCERT,Mensuration
10,Mathematics,What is 58 multiplied by 44?,2552,Advanced,Class 7,Nepal Curriculum,Multiplication
11,Mathematics,What is the circumference of a circle with radius 7 cm? (Use π=22/7),44 cm,Basic,Class 12,CDC Nepal,Circles
12,Mathematics,What is the value of sin 30°?,01-Feb,Advanced,Class 10,CBSE,Trigonometry
13,Mathematics,Find the simple interest on Rs. 1000 at 5% per annum for 2 years.,Rs. 100,Medium,Class 8,CDC Nepal,Commercial Mathematics
14,Mathematics,What is the HCF of 12 and 18?,6,Basic,Class 6,CBSE,HCF and LCM
15,Mathematics,Solve for x: 5x + 7 = 32,x = 5,Medium,Class 9,NCERT,Linear Equations
16,Mathematics,Solve: 3y - 7 = 14,y = 7,Advanced,Class 7,NCERT,Linear Equations
17,Mathematics,Find the value of tan 45°.,1,Medium,Class 10,CBSE,Trigonometry
18,Mathematics,What is the area of a rectangle with length 11 cm and width 15 cm?,165 cm²,Basic,Class 12,CBSE,Mensuration
19,Mathematics,Solve for x: 2x + 28 = 58,x = 15,Basic,Class 8,CBSE,Linear Equations
20,Mathematics,Simplify: 2(x + 3) - 4x,-2x + 6,Basic,Class 12,Nepal Curriculum,Algebra
21,Mathematics,Solve the quadratic equation x² - 5x + 6 = 0,x=2 or x=3,Advanced,Class 10,NCERT,Quadratic Equations
22,Mathematics,Simplify: 2(x + 3) - 4x,-2x + 6,Basic,Class 9,Nepal Curriculum,Algebra
23,Mathematics,What is the slope of the line y = 2x + 3?,2,Basic,Class 11,CDC Nepal,Coordinate Geometry
24,Mathematics,What is the sum of 70 and 80?,150,Advanced,Class 12,CBSE,Addition
25,Mathematics,What is the value of sin 30°?,01-Feb,Medium,Class 10,CBSE,Trigonometry
26,Mathematics,What is the number of sides in a hexagon?,6,Medium,Class 6,CDC Nepal,Polygons
27,Mathematics,Find the probability of getting heads in a fair coin toss.,01-Feb,Basic,Class 10,NCERT,Probability
28,Mathematics,What is the sum of 90 and 17?,107,Advanced,Class 7,NCERT,Addition
29,Mathematics,What is the area of a rectangle with length 7 cm and width 13 cm?,91 cm²,Medium,Class 12,CDC Nepal,Mensuration
30,Mathematics,What is the HCF of 12 and 18?,6,Advanced,Class 6,CDC Nepal,HCF and LCM
31,Mathematics,Find the simple interest on Rs. 1000 at 5% per annum for 2 years.,Rs. 100,Medium,Class 8,NCERT,Commercial Mathematics
32,Mathematics,Solve: 3y - 7 = 14,y = 7,Medium,Class 7,CDC Nepal,Linear Equations
33,Mathematics,What is the sum of 53 and 23?,76,Basic,Class 11,Nepal Curriculum,Addition
34,Mathematics,What is the Pythagorean theorem?,a² + b² = c²,Basic,Class 8,Nepal Curriculum,Triangles
35,Mathematics,Find the probability of getting heads in a fair coin toss.,01-Feb,Basic,Class 10,NCERT,Probability
36,Mathematics,Convert 0.75 to a fraction in lowest terms.,03-Apr,Basic,Class 6,Nepal Curriculum,Fractions and Decimals
37,Mathematics,Find the simple interest on Rs. 1000 at 5% per annum for 2 years.,Rs. 100,Medium,Class 8,CDC Nepal,Commercial Mathematics
38,Mathematics,What is the formula for the volume of a cylinder?,πr²h,Medium,Class 7,CDC Nepal,Mensuration
39,Mathematics,Convert 0.75 to a fraction in lowest terms.,03-Apr,Advanced,Class 6,CDC Nepal,Fractions and Decimals
40,Mathematics,Simplify: 2(x + 3) - 4x,-2x + 6,Basic,Class 8,NCERT,Algebra
41,Mathematics,What is the area of a rectangle with length 11 cm and width 5 cm?,55 cm²,Basic,Class 6,NCERT,Mensuration
42,Mathematics,What is the area of a rectangle with length 13 cm and width 6 cm?,78 cm²,Basic,Class 6,CDC Nepal,Mensuration
43,Mathematics,What is the slope of the line y = 2x + 3?,2,Basic,Class 11,NCERT,Coordinate Geometry
44,Mathematics,What is the value of sin 30°?,01-Feb,Advanced,Class 9,CBSE,Trigonometry
45,Mathematics,What is the value of π approximately to two decimal places?,3.14,Basic,Class 9,CBSE,Circles
46,Mathematics,Solve for x: 2x + 7 = 45,x = 19,Medium,Class 12,Nepal Curriculum,Linear Equations
47,Mathematics,"Find the mean of the numbers 4, 7, 10, 13.",8.5,Medium,Class 7,CBSE,Statistics
48,Mathematics,Convert 0.75 to a fraction in lowest terms.,03-Apr,Advanced,Class 6,NCERT,Fractions and Decimals
49,Mathematics,What is the HCF of 12 and 18?,6,Medium,Class 10,CBSE,HCF and LCM
50,Mathematics,Find the sum of interior angles of a triangle.,180 degrees,Advanced,Class 7,Nepal Curriculum,Geometry
51,Mathematics,Find the value of tan 45°.,1,Basic,Class 10,CBSE,Trigonometry
52,Mathematics,What is the number of sides in a hexagon?,6,Medium,Class 6,CDC Nepal,Polygons
53,Mathematics,Solve for x: 2x + 5 = 11,x = 3,Basic,Class 7,CDC Nepal,Linear Equations
54,Mathematics,What is the number of sides in a hexagon?,6,Basic,Class 6,CBSE,Polygons
55,Mathematics,What is the Pythagorean theorem?,a² + b² = c²,Advanced,Class 8,CDC Nepal,Triangles
56,Mathematics,What is the area of a rectangle with length 8 cm and width 12 cm?,96 cm²,Basic,Class 6,Nepal Curriculum,Mensuration
57,Mathematics,Solve for x: 2x + 5 = 11,x = 3,Medium,Class 6,CBSE,Linear Equations
58,Mathematics,Find the probability of getting heads in a fair coin toss.,01-Feb,Advanced,Class 10,CBSE,Probability
59,Mathematics,Find the probability of getting heads in a fair coin toss.,01-Feb,Medium,Class 12,Nepal Curriculum,Probability
60,Mathematics,What is 52 multiplied by 62?,3224,Basic,Class 12,Nepal Curriculum,Multiplication
61,Mathematics,Find the sum of interior angles of a triangle.,180 degrees,Medium,Class 7,NCERT,Geometry
62,Mathematics,Solve for x: 3x + 5 = 29,x = 8,Basic,Class 7,Nepal Curriculum,Linear Equations
63,Mathematics,What is the formula for the volume of a cylinder?,πr²h,Basic,Class 8,CBSE,Mensuration
64,Mathematics,What is the area of a triangle with base 6 cm and height 8 cm?,24 cm²,Medium,Class 7,CBSE,Mensuration
65,Mathematics,What is the area of a rectangle with length 7 cm and width 3 cm?,21 cm²,Medium,Class 6,NCERT,Mensuration
66,Mathematics,Solve for x: 2x + 17 = 51,x = 17,Basic,Class 8,Nepal Curriculum,Linear Equations
67,Mathematics,Solve: 3y - 7 = 14,y = 7,Basic,Class 7,Nepal Curriculum,Linear Equations
68,Mathematics,What is the area of a rectangle with length 5 cm and width 3 cm?,15 cm²,Advanced,Class 6,CBSE,Mensuration
69,Mathematics,What is the area of a rectangle with length 13 cm and width 9 cm?,117 cm²,Advanced,Class 6,CBSE,Mensuration
70,Mathematics,What is 95 multiplied by 58?,5510,Advanced,Class 8,Nepal Curriculum,Multiplication
71,Mathematics,Solve for x: 5x + 30 = 65,x = 7,Basic,Class 8,CBSE,Linear Equations
72,Mathematics,What is the area of a rectangle with length 15 cm and width 15 cm?,225 cm²,Advanced,Class 9,Nepal Curriculum,Mensuration
73,Mathematics,What is 40 minus 96?,-56,Advanced,Class 8,Nepal Curriculum,Subtraction
74,Mathematics,What is the sum of 70 and 88?,158,Basic,Class 7,CDC Nepal,Addition
75,Mathematics,What is the area of a rectangle with length 9 cm and width 10 cm?,90 cm²,Advanced,Class 11,CDC Nepal,Mensuration
76,Mathematics,What is the number of sides in a hexagon?,6,Advanced,Class 6,NCERT,Polygons
77,Mathematics,What is 41 minus 25?,16,Basic,Class 7,Nepal Curriculum,Subtraction
78,Mathematics,What is the Pythagorean theorem?,a² + b² = c²,Advanced,Class 11,CDC Nepal,Triangles
79,Mathematics,What is the area of a rectangle with length 10 cm and width 10 cm?,100 cm²,Medium,Class 10,CBSE,Mensuration
80,Mathematics,What is the area of a triangle with base 6 cm and height 8 cm?,24 cm²,Advanced,Class 12,CDC Nepal,Mensuration
81,Mathematics,What is the area of a rectangle with length 6 cm and width 7 cm?,42 cm²,Medium,Class 8,CBSE,Mensuration
82,Mathematics,Convert 0.75 to a fraction in lowest terms.,03-Apr,Basic,Class 6,Nepal Curriculum,Fractions and Decimals
83,Mathematics,What is the HCF of 12 and 18?,6,Advanced,Class 6,NCERT,HCF and LCM
84,Mathematics,Solve for x: 5x + 17 = 52,x = 7,Basic,Class 8,NCERT,Linear Equations
85,Mathematics,Solve for x: 4x + 29 = 77,x = 12,Medium,Class 12,CDC Nepal,Linear Equations
86,Mathematics,Solve for x: 5x + 20 = 65,x = 9,Medium,Class 12,NCERT,Linear Equations
87,Mathematics,What is the value of π approximately to two decimal places?,3.14,Advanced,Class 9,CDC Nepal,Circles
88,Mathematics,What is the slope of the line y = 2x + 3?,2,Advanced,Class 10,NCERT,Coordinate Geometry
89,Mathematics,Solve: 3y - 7 = 14,y = 7,Basic,Class 7,CDC Nepal,Linear Equations
90,Mathematics,What is the formula for the volume of a cylinder?,πr²h,Medium,Class 8,Nepal Curriculum,Mensuration
91,Mathematics,Solve: 3y - 7 = 14,y = 7,Medium,Class 8,CBSE,Linear Equations
92,Mathematics,"Find the mean of the numbers 4, 7, 10, 13.",8.5,Basic,Class 9,Nepal Curriculum,Statistics
93,Mathematics,Find the probability of getting heads in a fair coin toss.,01-Feb,Advanced,Class 12,Nepal Curriculum,Probability
94,Mathematics,What is 95 multiplied by 24?,2280,Basic,Class 10,Nepal Curriculum,Multiplication
95,Mathematics,What is the area of a rectangle with length 14 cm and width 14 cm?,196 cm²,Medium,Class 8,NCERT,Mensuration
96,Mathematics,What is the area of a rectangle with length 7 cm and width 12 cm?,84 cm²,Medium,Class 7,CDC Nepal,Mensuration
97,Mathematics,What is the value of sin 30°?,01-Feb,Basic,Class 10,Nepal Curriculum,Trigonometry
98,Mathematics,Simplify: 2(x + 3) - 4x,-2x + 6,Advanced,Class 8,NCERT,Algebra
99,Mathematics,What is the area of a rectangle with length 13 cm and width 8 cm?,104 cm²,Basic,Class 10,NCERT,Mensuration
100,Mathematics,Find the sum of interior angles of a triangle.,180 degrees,Basic,Class 8,CDC Nepal,Geometry
101,Mathematics,Solve for x: 4x + 24 = 92,x = 17,Medium,Class 11,CDC Nepal,Linear Equations
102,Mathematics,Solve for x: 2x + 13 = 29,x = 8,Medium,Class 12,CDC Nepal,Linear Equations
103,Mathematics,What is the Pythagorean theorem?,a² + b² = c²,Advanced,Class 8,CDC Nepal,Triangles
104,Mathematics,Find the simple interest on Rs. 1000 at 5% per annum for 2 years.,Rs. 100,Medium,Class 8,CDC Nepal,Commercial Mathematics
105,Mathematics,What is the formula for the volume of a cylinder?,πr²h,Medium,Class 8,CBSE,Mensuration
106,Mathematics,What is 62 multiplied by 72?,4464,Basic,Class 10,Nepal Curriculum,Multiplication
107,Mathematics,Solve for x: 2x + 14 = 16,x = 1,Medium,Class 11,Nepal Curriculum,Linear Equations
108,Mathematics,Solve for x: 4x + 18 = 86,x = 17,Basic,Class 7,CBSE,Linear Equations
109,Mathematics,What is the Pythagorean theorem?,a² + b² = c²,Medium,Class 8,CBSE,Triangles
110,Mathematics,What is the value of sin 30°?,01-Feb,Medium,Class 10,Nepal Curriculum,Trigonometry
111,Mathematics,Find the simple interest on Rs. 1000 at 5% per annum for 2 years.,Rs. 100,Medium,Class 8,CBSE,Commercial Mathematics
112,Mathematics,What is the sum of 32 and 48?,80,Basic,Class 12,Nepal Curriculum,Addition
113,Mathematics,Solve for x: 2x + 5 = 11,x = 3,Advanced,Class 7,Nepal Curriculum,Linear Equations
114,Mathematics,What is the slope of the line y = 2x + 3?,2,Medium,Class 12,CBSE,Coordinate Geometry
115,Mathematics,What is the formula for the volume of a cylinder?,πr²h,Medium,Class 9,CDC Nepal,Mensuration
116,Mathematics,What is the area of a rectangle with length 5 cm and width 3 cm?,15 cm²,Medium,Class 6,NCERT,Mensuration
117,Mathematics,What is the sum of 82 and 48?,130,Basic,Class 11,Nepal Curriculum,Addition
118,Mathematics,Solve: 3y - 7 = 14,y = 7,Advanced,Class 7,Nepal Curriculum,Linear Equations
119,Mathematics,Solve for x: 5x + 14 = 109,x = 19,Medium,Class 9,NCERT,Linear Equations
120,Mathematics,What is the area of a rectangle with length 7 cm and width 13 cm?,91 cm²,Basic,Class 11,NCERT,Mensuration
121,Mathematics,Solve the quadratic equation x² - 5x + 6 = 0,x=2 or x=3,Advanced,Class 10,Nepal Curriculum,Quadratic Equations
122,Mathematics,What is the Pythagorean theorem?,a² + b² = c²,Advanced,Class 8,CDC Nepal,Triangles
123,Mathematics,Find the probability of getting heads in a fair coin toss.,01-Feb,Medium,Class 10,CBSE,Probability
124,Mathematics,What is the number of sides in a hexagon?,6,Basic,Class 9,Nepal Curriculum,Polygons
125,Mathematics,What is the HCF of 12 and 18?,6,Basic,Class 10,NCERT,HCF and LCM
126,Mathematics,Simplify: 2(x + 3) - 4x,-2x + 6,Advanced,Class 8,CBSE,Algebra
127,Mathematics,What is the area of a rectangle with length 7 cm and width 11 cm?,77 cm²,Advanced,Class 9,CDC Nepal,Mensuration
128,Mathematics,What is the area of a rectangle with length 12 cm and width 7 cm?,84 cm²,Basic,Class 10,NCERT,Mensuration
129,Mathematics,What is the slope of the line y = 2x + 3?,2,Advanced,Class 11,CBSE,Coordinate Geometry
130,Mathematics,What is the area of a rectangle with length 10 cm and width 7 cm?,70 cm²,Basic,Class 12,Nepal Curriculum,Mensuration
131,Mathematics,Find the simple interest on Rs. 1000 at 5% per annum for 2 years.,Rs. 100,Advanced,Class 9,CBSE,Commercial Mathematics
132,Mathematics,What is the circumference of a circle with radius 7 cm? (Use π=22/7),44 cm,Advanced,Class 8,CDC Nepal,Circles
133,Mathematics,Convert 0.75 to a fraction in lowest terms.,03-Apr,Advanced,Class 8,NCERT,Fractions and Decimals
134,Mathematics,What is the sum of 61 and 75?,136,Medium,Class 8,CDC Nepal,Addition
135,Mathematics,What is the area of a rectangle with length 10 cm and width 13 cm?,130 cm²,Advanced,Class 7,CDC Nepal,Mensuration
136,Mathematics,What is the Pythagorean theorem?,a² + b² = c²,Medium,Class 7,CDC Nepal,Triangles
137,Mathematics,What is the number of sides in a hexagon?,6,Advanced,Class 6,Nepal Curriculum,Polygons
138,Mathematics,What is the area of a rectangle with length 4 cm and width 6 cm?,24 cm²,Advanced,Class 8,NCERT,Mensuration
139,Mathematics,Solve for x: 4x + 18 = 58,x = 10,Basic,Class 6,CDC Nepal,Linear Equations
140,Mathematics,Solve for x: 3x + 7 = 67,x = 20,Basic,Class 7,CBSE,Linear Equations
141,Mathematics,What is the area of a triangle with base 6 cm and height 8 cm?,24 cm²,Medium,Class 12,CBSE,Mensuration
142,Mathematics,What is the slope of the line y = 2x + 3?,2,Advanced,Class 8,CDC Nepal,Coordinate Geometry
143,Mathematics,Solve for x: 5x + 19 = 109,x = 18,Medium,Class 9,CBSE,Linear Equations
144,Mathematics,What is 62 minus 15?,47,Basic,Class 11,CDC Nepal,Subtraction
145,Mathematics,What is the number of sides in a hexagon?,6,Medium,Class 12,Nepal Curriculum,Polygons
146,Mathematics,What is the Pythagorean theorem?,a² + b² = c²,Basic,Class 6,NCERT,Triangles
147,Mathematics,Solve for x: 2x + 20 = 30,x = 5,Medium,Class 9,CBSE,Linear Equations
148,Mathematics,What is the value of π approximately to two decimal places?,3.14,Advanced,Class 9,CBSE,Circles
149,Mathematics,What is the number of sides in a hexagon?,6,Advanced,Class 12,CDC Nepal,Polygons
150,Mathematics,What is the sum of 97 and 46?,143,Advanced,Class 6,NCERT,Addition
151,Mathematics,Solve for x: 2x + 6 = 26,x = 10,Basic,Class 6,CBSE,Linear Equations
152,Mathematics,Solve for x: 5x + 23 = 63,x = 8,Basic,Class 8,Nepal Curriculum,Linear Equations
153,Mathematics,What is the area of a rectangle with length 5 cm and width 3 cm?,15 cm²,Advanced,Class 6,CDC Nepal,Mensuration
154,Mathematics,What is 91 minus 42?,49,Medium,Class 7,CBSE,Subtraction
155,Mathematics,What is the area of a rectangle with length 5 cm and width 4 cm?,20 cm²,Medium,Class 12,CDC Nepal,Mensuration
156,Mathematics,What is the area of a rectangle with length 10 cm and width 7 cm?,70 cm²,Medium,Class 10,Nepal Curriculum,Mensuration
157,Mathematics,What is 83 multiplied by 55?,4565,Medium,Class 12,CBSE,Multiplication
158,Mathematics,Solve for x: 2x + 24 = 62,x = 19,Basic,Class 8,CDC Nepal,Linear Equations
159,Mathematics,What is 34 minus 89?,-55,Basic,Class 8,Nepal Curriculum,Subtraction
160,Mathematics,Solve for x: 2x + 23 = 53,x = 15,Medium,Class 11,CBSE,Linear Equations
161,Mathematics,What is the area of a rectangle with length 5 cm and width 6 cm?,30 cm²,Medium,Class 6,Nepal Curriculum,Mensuration
162,Mathematics,What is the formula for the volume of a cylinder?,πr²h,Advanced,Class 8,CDC Nepal,Mensuration
163,Mathematics,What is the Pythagorean theorem?,a² + b² = c²,Advanced,Class 8,NCERT,Triangles
164,Mathematics,Find the probability of getting heads in a fair coin toss.,01-Feb,Advanced,Class 10,CDC Nepal,Probability
165,Mathematics,What is 60 minus 11?,49,Advanced,Class 12,NCERT,Subtraction
166,Mathematics,What is the area of a rectangle with length 13 cm and width 8 cm?,104 cm²,Advanced,Class 11,NCERT,Mensuration
167,Mathematics,Find the probability of getting heads in a fair coin toss.,01-Feb,Basic,Class 9,NCERT,Probability
168,Mathematics,What is the area of a rectangle with length 4 cm and width 5 cm?,20 cm²,Advanced,Class 9,NCERT,Mensuration
169,Mathematics,What is 78 minus 27?,51,Medium,Class 8,CDC Nepal,Subtraction
170,Mathematics,Convert 0.75 to a fraction in lowest terms.,03-Apr,Medium,Class 6,Nepal Curriculum,Fractions and Decimals
171,Mathematics,What is the area of a rectangle with length 7 cm and width 3 cm?,21 cm²,Basic,Class 11,CBSE,Mensuration
172,Mathematics,What is the Pythagorean theorem?,a² + b² = c²,Basic,Class 8,CBSE,Triangles
173,Mathematics,"Find the mean of the numbers 4, 7, 10, 13.",8.5,Advanced,Class 9,CBSE,Statistics
174,Mathematics,What is the formula for the volume of a cylinder?,πr²h,Basic,Class 8,CDC Nepal,Mensuration
175,Mathematics,What is the value of sin 30°?,01-Feb,Advanced,Class 10,NCERT,Trigonometry
176,Mathematics,What is the circumference of a circle with radius 7 cm? (Use π=22/7),44 cm,Basic,Class 7,Nepal Curriculum,Circles
177,Mathematics,Convert 0.75 to a fraction in lowest terms.,03-Apr,Basic,Class 6,Nepal Curriculum,Fractions and Decimals
178,Mathematics,Find the value of tan 45°.,1,Medium,Class 7,NCERT,Trigonometry
179,Mathematics,What is the HCF of 12 and 18?,6,Basic,Class 6,CBSE,HCF and LCM
180,Mathematics,What is 55 multiplied by 40?,2200,Advanced,Class 6,CBSE,Multiplication
181,Mathematics,What is the formula for the volume of a cylinder?,πr²h,Basic,Class 8,CDC Nepal,Mensuration
182,Mathematics,Solve for x: 2x + 19 = 43,x = 12,Medium,Class 11,Nepal Curriculum,Linear Equations
183,Mathematics,Solve for x: 2x + 20 = 22,x = 1,Basic,Class 6,CDC Nepal,Linear Equations
184,Mathematics,What is 20 multiplied by 51?,1020,Medium,Class 6,Nepal Curriculum,Multiplication
185,Mathematics,What is the formula for the volume of a cylinder?,πr²h,Advanced,Class 8,CBSE,Mensuration
186,Mathematics,Find the value of tan 45°.,1,Advanced,Class 10,CDC Nepal,Trigonometry
187,Mathematics,What is the number of sides in a hexagon?,6,Basic,Class 9,Nepal Curriculum,Polygons
188,Mathematics,What is the value of π approximately to two decimal places?,3.14,Medium,Class 7,CDC Nepal,Circles
189,Mathematics,What is the area of a rectangle with length 8 cm and width 5 cm?,40 cm²,Medium,Class 8,CDC Nepal,Mensuration
190,Mathematics,What is the area of a rectangle with length 5 cm and width 3 cm?,15 cm²,Basic,Class 6,NCERT,Mensuration
191,Mathematics,What is the area of a rectangle with length 11 cm and width 11 cm?,121 cm²,Basic,Class 8,CBSE,Mensuration
192,Mathematics,Solve for x: 2x + 5 = 11,x = 3,Medium,Class 9,CBSE,Linear Equations
193,Mathematics,What is the sum of 71 and 38?,109,Basic,Class 8,CBSE,Addition
194,Mathematics,What is the area of a rectangle with length 15 cm and width 9 cm?,135 cm²,Basic,Class 8,NCERT,Mensuration
195,Mathematics,What is 44 minus 99?,-55,Advanced,Class 11,CBSE,Subtraction
196,Mathematics,Solve the quadratic equation x² - 5x + 6 = 0,x=2 or x=3,Basic,Class 10,CDC Nepal,Quadratic Equations
197,Mathematics,What is the number of sides in a hexagon?,6,Basic,Class 6,Nepal Curriculum,Polygons
198,Mathematics,What is the Pythagorean theorem?,a² + b² = c²,Medium,Class 8,CBSE,Triangles
199,Mathematics,What is the circumference of a circle with radius 7 cm? (Use π=22/7),44 cm,Advanced,Class 7,NCERT,Circles
200,Mathematics,What is the area of a rectangle with length 7 cm and width 10 cm?,70 cm²,Basic,Class 7,CDC Nepal,Mensuration
201,Mathematics,What is 75 minus 24?,51,Medium,Class 9,CDC Nepal,Subtraction
202,Mathematics,What is the slope of the line y = 2x + 3?,2,Medium,Class 11,CBSE,Coordinate Geometry
203,Mathematics,What is the value of π approximately to two decimal places?,3.14,Advanced,Class 9,NCERT,Circles
204,Mathematics,What is the value of sin 30°?,01-Feb,Basic,Class 10,CBSE,Trigonometry
205,Mathematics,Find the sum of interior angles of a triangle.,180 degrees,Basic,Class 7,CDC Nepal,Geometry
206,Mathematics,What is the value of π approximately to two decimal places?,3.14,Advanced,Class 9,Nepal Curriculum,Circles
207,Mathematics,What is the sum of 15 and 65?,80,Advanced,Class 12,CDC Nepal,Addition
208,Mathematics,What is the area of a rectangle with length 14 cm and width 13 cm?,182 cm²,Medium,Class 12,CDC Nepal,Mensuration
209,Mathematics,What is the value of π approximately to two decimal places?,3.14,Basic,Class 9,Nepal Curriculum,Circles
210,Mathematics,What is 23 minus 41?,-18,Medium,Class 10,CDC Nepal,Subtraction
211,Mathematics,What is 31 multiplied by 19?,589,Medium,Class 9,NCERT,Multiplication
212,Mathematics,What is the area of a rectangle with length 13 cm and width 5 cm?,65 cm²,Medium,Class 7,Nepal Curriculum,Mensuration
213,Mathematics,What is the formula for the volume of a cylinder?,πr²h,Basic,Class 8,Nepal Curriculum,Mensuration
214,Mathematics,What is the number of sides in a hexagon?,6,Basic,Class 11,CDC Nepal,Polygons
215,Mathematics,What is the area of a rectangle with length 12 cm and width 13 cm?,156 cm²,Advanced,Class 10,CBSE,Mensuration
216,Mathematics,Solve for x: 5x + 25 = 105,x = 16,Medium,Class 11,CBSE,Linear Equations
217,Mathematics,What is the area of a rectangle with length 7 cm and width 10 cm?,70 cm²,Basic,Class 10,CDC Nepal,Mensuration
218,Mathematics,"Find the mean of the numbers 4, 7, 10, 13.",8.5,Medium,Class 9,NCERT,Statistics
219,Mathematics,What is the area of a rectangle with length 15 cm and width 14 cm?,210 cm²,Medium,Class 10,NCERT,Mensuration
220,Mathematics,Solve for x: 3x + 6 = 54,x = 16,Medium,Class 12,CDC Nepal,Linear Equations
221,Mathematics,What is the circumference of a circle with radius 7 cm? (Use π=22/7),44 cm,Advanced,Class 7,Nepal Curriculum,Circles
222,Mathematics,What is the Pythagorean theorem?,a² + b² = c²,Medium,Class 8,Nepal Curriculum,Triangles
223,Mathematics,Simplify: 2(x + 3) - 4x,-2x + 6,Medium,Class 8,CBSE,Algebra
224,Mathematics,What is 22 multiplied by 81?,1782,Advanced,Class 6,CDC Nepal,Multiplication
225,Mathematics,Find the value of tan 45°.,1,Basic,Class 10,NCERT,Trigonometry
226,Mathematics,What is the value of π approximately to two decimal places?,3.14,Medium,Class 7,Nepal Curriculum,Circles
227,Mathematics,What is the area of a rectangle with length 8 cm and width 5 cm?,40 cm²,Medium,Class 6,NCERT,Mensuration
228,Mathematics,What is the sum of 49 and 33?,82,Advanced,Class 9,CBSE,Addition
229,Mathematics,What is the HCF of 12 and 18?,6,Basic,Class 9,NCERT,HCF and LCM
230,Mathematics,Find the sum of interior angles of a triangle.,180 degrees,Advanced,Class 7,NCERT,Geometry
231,Mathematics,What is the area of a rectangle with length 5 cm and width 5 cm?,25 cm²,Advanced,Class 12,Nepal Curriculum,Mensuration
232,Mathematics,What is the area of a rectangle with length 3 cm and width 9 cm?,27 cm²,Advanced,Class 12,CBSE,Mensuration
233,Mathematics,What is the Pythagorean theorem?,a² + b² = c²,Medium,Class 7,Nepal Curriculum,Triangles
234,Mathematics,Solve for x: 5x + 19 = 114,x = 19,Basic,Class 8,CBSE,Linear Equations
235,Mathematics,What is the value of sin 30°?,01-Feb,Advanced,Class 10,Nepal Curriculum,Trigonometry
236,Mathematics,Convert 0.75 to a fraction in lowest terms.,03-Apr,Advanced,Class 6,NCERT,Fractions and Decimals
237,Mathematics,What is 30 minus 44?,-14,Basic,Class 10,Nepal Curriculum,Subtraction
238,Mathematics,What is the smallest prime number?,2,Basic,Class 6,CDC Nepal,Prime Numbers
239,Mathematics,What is the area of a triangle with base 6 cm and height 8 cm?,24 cm²,Medium,Class 7,CDC Nepal,Mensuration
240,Mathematics,Solve for x: 4x + 30 = 46,x = 4,Basic,Class 8,Nepal Curriculum,Linear Equations
241,Mathematics,Simplify: 2(x + 3) - 4x,-2x + 6,Medium,Class 8,Nepal Curriculum,Algebra
242,Mathematics,What is the smallest prime number?,2,Medium,Class 9,CBSE,Prime Numbers
243,Mathematics,What is the HCF of 12 and 18?,6,Advanced,Class 6,CDC Nepal,HCF and LCM
244,Mathematics,Simplify: 2(x + 3) - 4x,-2x + 6,Basic,Class 8,NCERT,Algebra
245,Mathematics,Solve: 3y - 7 = 14,y = 7,Advanced,Class 7,CDC Nepal,Linear Equations
246,Mathematics,Find the simple interest on Rs. 1000 at 5% per annum for 2 years.,Rs. 100,Advanced,Class 8,NCERT,Commercial Mathematics
247,Mathematics,Solve for x: 4x + 12 = 16,x = 1,Medium,Class 10,CDC Nepal,Linear Equations
248,Mathematics,What is the area of a rectangle with length 5 cm and width 3 cm?,15 cm²,Advanced,Class 6,NCERT,Mensuration
249,Mathematics,Solve for x: 2x + 25 = 57,x = 16,Medium,Class 10,CDC Nepal,Linear Equations
250,Mathematics,Solve for x: 4x + 12 = 24,x = 3,Basic,Class 8,NCERT,Linear Equations
251,Mathematics,What is 79 multiplied by 53?,4187,Medium,Class 11,Nepal Curriculum,Multiplication
252,Mathematics,What is the area of a rectangle with length 15 cm and width 5 cm?,75 cm²,Medium,Class 11,NCERT,Mensuration
253,Mathematics,What is 35 minus 15?,20,Basic,Class 9,CBSE,Subtraction
254,Mathematics,Solve for x: 4x + 16 = 44,x = 7,Medium,Class 12,NCERT,Linear Equations
255,Mathematics,Solve: 3y - 7 = 14,y = 7,Medium,Class 8,CDC Nepal,Linear Equations
256,Mathematics,Solve for x: 4x + 30 = 94,x = 16,Medium,Class 9,CBSE,Linear Equations
257,Mathematics,Solve for x: 4x + 15 = 39,x = 6,Medium,Class 11,NCERT,Linear Equations
258,Mathematics,Simplify: 2(x + 3) - 4x,-2x + 6,Medium,Class 8,CDC Nepal,Algebra
259,Mathematics,What is the Pythagorean theorem?,a² + b² = c²,Medium,Class 8,NCERT,Triangles
260,Mathematics,Solve for x: 2x + 26 = 30,x = 2,Basic,Class 8,CDC Nepal,Linear Equations
261,Mathematics,Solve the quadratic equation x² - 5x + 6 = 0,x=2 or x=3,Basic,Class 10,CDC Nepal,Quadratic Equations
262,Mathematics,What is the area of a rectangle with length 5 cm and width 3 cm?,15 cm²,Basic,Class 6,CBSE,Mensuration
263,Mathematics,What is the slope of the line y = 2x + 3?,2,Basic,Class 11,Nepal Curriculum,Coordinate Geometry
264,Mathematics,What is the slope of the line y = 2x + 3?,2,Medium,Class 8,Nepal Curriculum,Coordinate Geometry
265,Mathematics,What is 24 multiplied by 13?,312,Medium,Class 9,Nepal Curriculum,Multiplication
266,Mathematics,Solve for x: 5x + 11 = 56,x = 9,Medium,Class 9,CBSE,Linear Equations
267,Mathematics,What is the sum of 19 and 67?,86,Basic,Class 9,CDC Nepal,Addition
268,Mathematics,What is the area of a rectangle with length 14 cm and width 4 cm?,56 cm²,Advanced,Class 12,CBSE,Mensuration
269,Mathematics,What is the area of a triangle with base 6 cm and height 8 cm?,24 cm²,Basic,Class 12,Nepal Curriculum,Mensuration
270,Mathematics,What is the value of sin 30°?,01-Feb,Basic,Class 10,CDC Nepal,Trigonometry
271,Mathematics,Convert 0.75 to a fraction in lowest terms.,03-Apr,Advanced,Class 6,CDC Nepal,Fractions and Decimals
272,Mathematics,What is 60 multiplied by 71?,4260,Basic,Class 10,CDC Nepal,Multiplication
273,Mathematics,What is the sum of 50 and 92?,142,Advanced,Class 12,CDC Nepal,Addition
274,Mathematics,Convert 0.75 to a fraction in lowest terms.,03-Apr,Medium,Class 10,Nepal Curriculum,Fractions and Decimals
275,Mathematics,What is the area of a triangle with base 6 cm and height 8 cm?,24 cm²,Medium,Class 7,Nepal Curriculum,Mensuration
276,Mathematics,Solve the quadratic equation x² - 5x + 6 = 0,x=2 or x=3,Medium,Class 10,Nepal Curriculum,Quadratic Equations
277,Mathematics,What is the area of a triangle with base 6 cm and height 8 cm?,24 cm²,Medium,Class 7,NCERT,Mensuration
278,Mathematics,What is the number of sides in a hexagon?,6,Advanced,Class 6,Nepal Curriculum,Polygons
279,Mathematics,What is the area of a rectangle with length 5 cm and width 12 cm?,60 cm²,Advanced,Class 10,Nepal Curriculum,Mensuration
280,Mathematics,Find the value of tan 45°.,1,Advanced,Class 10,CBSE,Trigonometry
281,Mathematics,What is 92 minus 83?,9,Basic,Class 10,Nepal Curriculum,Subtraction
282,Mathematics,Solve for x: 4x + 25 = 97,x = 18,Medium,Class 9,CBSE,Linear Equations
283,Mathematics,Solve for x: 2x + 10 = 16,x = 3,Medium,Class 12,CDC Nepal,Linear Equations
284,Mathematics,What is the area of a rectangle with length 8 cm and width 14 cm?,112 cm²,Basic,Class 9,CBSE,Mensuration
285,Mathematics,What is 57 multiplied by 75?,4275,Medium,Class 12,NCERT,Multiplication
286,Mathematics,What is the Pythagorean theorem?,a² + b² = c²,Basic,Class 8,CDC Nepal,Triangles
287,Mathematics,Find the sum of interior angles of a triangle.,180 degrees,Basic,Class 7,CDC Nepal,Geometry
288,Mathematics,What is the slope of the line y = 2x + 3?,2,Basic,Class 9,CBSE,Coordinate Geometry
289,Mathematics,Solve the quadratic equation x² - 5x + 6 = 0,x=2 or x=3,Medium,Class 10,CDC Nepal,Quadratic Equations
290,Mathematics,What is 60 minus 74?,-14,Medium,Class 8,Nepal Curriculum,Subtraction
291,Mathematics,"Find the mean of the numbers 4, 7, 10, 13.",8.5,Basic,Class 9,CBSE,Statistics
292,Mathematics,Solve for x: 2x + 18 = 20,x = 1,Medium,Class 12,Nepal Curriculum,Linear Equations
293,Mathematics,Solve for x: 2x + 23 = 49,x = 13,Medium,Class 11,Nepal Curriculum,Linear Equations
294,Mathematics,Simplify: 2(x + 3) - 4x,-2x + 6,Basic,Class 8,CDC Nepal,Algebra
295,Mathematics,What is 22 minus 60?,-38,Advanced,Class 8,CBSE,Subtraction
296,Mathematics,What is the area of a rectangle with length 9 cm and width 11 cm?,99 cm²,Basic,Class 8,NCERT,Mensuration
297,Mathematics,What is the HCF of 12 and 18?,6,Advanced,Class 6,CDC Nepal,HCF and LCM
298,Mathematics,Solve for x: 4x + 10 = 90,x = 20,Basic,Class 7,CDC Nepal,Linear Equations
299,Mathematics,What is the area of a rectangle with length 11 cm and width 11 cm?,121 cm²,Medium,Class 11,CDC Nepal,Mensuration
300,Mathematics,Solve for x: 5x + 23 = 43,x = 4,Basic,Class 8,CBSE,Linear Equations
301,Mathematics,What is the area of a rectangle with length 7 cm and width 13 cm?,91 cm²,Advanced,Class 11,Nepal Curriculum,Mensuration
302,Mathematics,What is the area of a rectangle with length 14 cm and width 12 cm?,168 cm²,Medium,Class 10,CDC Nepal,Mensuration
303,Mathematics,Find the probability of getting heads in a fair coin toss.,01-Feb,Basic,Class 10,NCERT,Probability
304,Mathematics,What is the Pythagorean theorem?,a² + b² = c²,Medium,Class 8,Nepal Curriculum,Triangles
305,Mathematics,Solve for x: 2x + 5 = 11,x = 3,Medium,Class 7,Nepal Curriculum,Linear Equations
306,Mathematics,What is the area of a rectangle with length 8 cm and width 5 cm?,40 cm²,Medium,Class 10,CDC Nepal,Mensuration
307,Mathematics,What is the area of a rectangle with length 14 cm and width 13 cm?,182 cm²,Advanced,Class 8,CBSE,Mensuration
308,Mathematics,What is the area of a rectangle with length 6 cm and width 7 cm?,42 cm²,Basic,Class 7,CBSE,Mensuration
309,Mathematics,Solve for x: 4x + 14 = 62,x = 12,Medium,Class 11,NCERT,Linear Equations
310,Mathematics,What is the HCF of 12 and 18?,6,Medium,Class 10,CBSE,HCF and LCM
311,Mathematics,What is the area of a rectangle with length 5 cm and width 3 cm?,15 cm²,Medium,Class 6,CBSE,Mensuration
312,Mathematics,What is the formula for the volume of a cylinder?,πr²h,Basic,Class 7,Nepal Curriculum,Mensuration
313,Mathematics,What is the slope of the line y = 2x + 3?,2,Basic,Class 11,NCERT,Coordinate Geometry
314,Mathematics,What is 62 multiplied by 52?,3224,Basic,Class 10,CDC Nepal,Multiplication
315,Mathematics,What is the HCF of 12 and 18?,6,Basic,Class 6,Nepal Curriculum,HCF and LCM
316,Mathematics,Simplify: 2(x + 3) - 4x,-2x + 6,Medium,Class 9,CBSE,Algebra
317,Mathematics,Solve for x: 2x + 5 = 11,x = 3,Basic,Class 7,Nepal Curriculum,Linear Equations
318,Mathematics,Solve for x: 2x + 17 = 29,x = 6,Medium,Class 11,CDC Nepal,Linear Equations
319,Mathematics,Simplify: 2(x + 3) - 4x,-2x + 6,Basic,Class 8,CBSE,Algebra
320,Mathematics,Solve for x: 5x + 9 = 99,x = 18,Basic,Class 6,CDC Nepal,Linear Equations
321,Mathematics,Find the sum of interior angles of a triangle.,180 degrees,Medium,Class 7,CDC Nepal,Geometry
322,Mathematics,What is the area of a rectangle with length 15 cm and width 7 cm?,105 cm²,Basic,Class 11,Nepal Curriculum,Mensuration
323,Mathematics,What is the number of sides in a hexagon?,6,Medium,Class 6,CDC Nepal,Polygons
324,Mathematics,What is 27 minus 71?,-44,Medium,Class 6,Nepal Curriculum,Subtraction
325,Mathematics,What is the value of π approximately to two decimal places?,3.14,Basic,Class 9,CBSE,Circles
326,Mathematics,Solve for x: 3x + 6 = 42,x = 12,Basic,Class 8,NCERT,Linear Equations
327,Mathematics,What is the area of a rectangle with length 13 cm and width 7 cm?,91 cm²,Medium,Class 7,CBSE,Mensuration
328,Mathematics,What is 87 minus 57?,30,Basic,Class 7,CDC Nepal,Subtraction
329,Mathematics,Find the value of tan 45°.,1,Advanced,Class 12,NCERT,Trigonometry
330,Mathematics,What is the sum of 82 and 24?,106,Advanced,Class 10,Nepal Curriculum,Addition
331,Mathematics,What is the Pythagorean theorem?,a² + b² = c²,Basic,Class 7,NCERT,Triangles
332,Mathematics,What is the sum of 75 and 67?,142,Advanced,Class 11,CDC Nepal,Addition
333,Mathematics,Solve: 3y - 7 = 14,y = 7,Medium,Class 7,NCERT,Linear Equations
334,Mathematics,Solve for x: 3x + 23 = 26,x = 1,Medium,Class 11,NCERT,Linear Equations
335,Mathematics,"Find the mean of the numbers 4, 7, 10, 13.",8.5,Advanced,Class 9,NCERT,Statistics
336,Mathematics,Solve for x: 3x + 29 = 47,x = 6,Basic,Class 6,CDC Nepal,Linear Equations
337,Mathematics,What is the value of π approximately to two decimal places?,3.14,Medium,Class 9,CDC Nepal,Circles
338,Mathematics,Convert 0.75 to a fraction in lowest terms.,03-Apr,Basic,Class 6,CBSE,Fractions and Decimals
339,Mathematics,Convert 0.75 to a fraction in lowest terms.,03-Apr,Medium,Class 6,Nepal Curriculum,Fractions and Decimals
340,Mathematics,What is the Pythagorean theorem?,a² + b² = c²,Basic,Class 7,CDC Nepal,Triangles
341,Mathematics,Solve for x: 4x + 11 = 31,x = 5,Medium,Class 12,NCERT,Linear Equations
342,Mathematics,Solve: 3y - 7 = 14,y = 7,Advanced,Class 7,NCERT,Linear Equations
343,Mathematics,What is the area of a rectangle with length 5 cm and width 3 cm?,15 cm²,Basic,Class 6,NCERT,Mensuration
344,Mathematics,What is 15 minus 61?,-46,Advanced,Class 11,Nepal Curriculum,Subtraction
345,Mathematics,What is the area of a rectangle with length 7 cm and width 6 cm?,42 cm²,Basic,Class 12,CBSE,Mensuration
346,Mathematics,What is 28 multiplied by 94?,2632,Advanced,Class 12,Nepal Curriculum,Multiplication
347,Mathematics,What is the area of a rectangle with length 9 cm and width 11 cm?,99 cm²,Basic,Class 8,CDC Nepal,Mensuration
348,Mathematics,"Find the mean of the numbers 4, 7, 10, 13.",8.5,Advanced,Class 9,CDC Nepal,Statistics
349,Mathematics,Solve for x: 5x + 10 = 60,x = 10,Basic,Class 8,CDC Nepal,Linear Equations
350,Mathematics,Find the probability of getting heads in a fair coin toss.,01-Feb,Medium,Class 10,Nepal Curriculum,Probability
351,Mathematics,Convert 0.75 to a fraction in lowest terms.,03-Apr,Advanced,Class 6,Nepal Curriculum,Fractions and Decimals
352,Mathematics,What is the formula for the volume of a cylinder?,πr²h,Basic,Class 8,NCERT,Mensuration
353,Mathematics,What is the area of a rectangle with length 6 cm and width 3 cm?,18 cm²,Medium,Class 12,CBSE,Mensuration
354,Mathematics,Find the value of tan 45°.,1,Advanced,Class 10,NCERT,Trigonometry
355,Mathematics,What is the slope of the line y = 2x + 3?,2,Advanced,Class 11,Nepal Curriculum,Coordinate Geometry
356,Mathematics,What is the smallest prime number?,2,Medium,Class 12,Nepal Curriculum,Prime Numbers
357,Mathematics,Find the value of tan 45°.,1,Basic,Class 11,Nepal Curriculum,Trigonometry
358,Mathematics,Find the probability of getting heads in a fair coin toss.,01-Feb,Advanced,Class 10,CBSE,Probability
359,Mathematics,Convert 0.75 to a fraction in lowest terms.,03-Apr,Advanced,Class 6,CBSE,Fractions and Decimals
360,Mathematics,What is the area of a triangle with base 6 cm and height 8 cm?,24 cm²,Medium,Class 7,NCERT,Mensuration
361,Mathematics,"Find the mean of the numbers 4, 7, 10, 13.",8.5,Medium,Class 11,CBSE,Statistics
362,Mathematics,What is 80 multiplied by 84?,6720,Basic,Class 10,CDC Nepal,Multiplication
363,Mathematics,What is the value of sin 30°?,01-Feb,Medium,Class 10,CDC Nepal,Trigonometry
364,Mathematics,Solve for x: 5x + 19 = 99,x = 16,Basic,Class 7,Nepal Curriculum,Linear Equations
365,Mathematics,What is the area of a rectangle with length 10 cm and width 5 cm?,50 cm²,Basic,Class 8,NCERT,Mensuration
366,Mathematics,Solve: 3y - 7 = 14,y = 7,Basic,Class 12,Nepal Curriculum,Linear Equations
367,Mathematics,What is 74 minus 68?,6,Basic,Class 7,NCERT,Subtraction
368,Mathematics,What is the area of a rectangle with length 3 cm and width 3 cm?,9 cm²,Advanced,Class 11,CDC Nepal,Mensuration
369,Mathematics,What is the area of a triangle with base 6 cm and height 8 cm?,24 cm²,Advanced,Class 7,CBSE,Mensuration
370,Mathematics,Solve: 3y - 7 = 14,y = 7,Basic,Class 7,NCERT,Linear Equations
371,Mathematics,What is the formula for the volume of a cylinder?,πr²h,Basic,Class 7,CDC Nepal,Mensuration
372,Mathematics,What is the value of π approximately to two decimal places?,3.14,Medium,Class 9,Nepal Curriculum,Circles
373,Mathematics,What is the area of a rectangle with length 13 cm and width 15 cm?,195 cm²,Medium,Class 7,NCERT,Mensuration
374,Mathematics,What is the value of π approximately to two decimal places?,3.14,Medium,Class 9,CDC Nepal,Circles
375,Mathematics,What is the smallest prime number?,2,Advanced,Class 6,NCERT,Prime Numbers
376,Mathematics,What is the area of a rectangle with length 4 cm and width 11 cm?,44 cm²,Advanced,Class 9,NCERT,Mensuration
377,Mathematics,What is the slope of the line y = 2x + 3?,2,Medium,Class 11,NCERT,Coordinate Geometry
378,Mathematics,What is the sum of 50 and 12?,62,Medium,Class 11,Nepal Curriculum,Addition
379,Mathematics,Solve for x: 3x + 23 = 80,x = 19,Medium,Class 11,CDC Nepal,Linear Equations
380,Mathematics,What is the HCF of 12 and 18?,6,Medium,Class 10,NCERT,HCF and LCM
381,Mathematics,Solve for x: 4x + 24 = 36,x = 3,Basic,Class 8,CDC Nepal,Linear Equations
382,Mathematics,What is the Pythagorean theorem?,a² + b² = c²,Basic,Class 8,CDC Nepal,Triangles
383,Mathematics,Convert 0.75 to a fraction in lowest terms.,03-Apr,Medium,Class 6,Nepal Curriculum,Fractions and Decimals
384,Mathematics,Simplify: 2(x + 3) - 4x,-2x + 6,Medium,Class 11,Nepal Curriculum,Algebra
385,Mathematics,Solve for x: 5x + 15 = 40,x = 5,Basic,Class 6,CBSE,Linear Equations
386,Mathematics,What is the smallest prime number?,2,Medium,Class 6,CBSE,Prime Numbers
387,Mathematics,What is 67 multiplied by 81?,5427,Basic,Class 6,CDC Nepal,Multiplication
388,Mathematics,What is the area of a rectangle with length 5 cm and width 3 cm?,15 cm²,Medium,Class 6,NCERT,Mensuration
389,Mathematics,What is the sum of 62 and 59?,121,Medium,Class 12,Nepal Curriculum,Addition
390,Mathematics,What is 44 minus 48?,-4,Advanced,Class 7,CDC Nepal,Subtraction
391,Mathematics,Solve the quadratic equation x² - 5x + 6 = 0,x=2 or x=3,Medium,Class 10,CDC Nepal,Quadratic Equations
392,Mathematics,What is the area of a rectangle with length 5 cm and width 3 cm?,15 cm²,Medium,Class 6,Nepal Curriculum,Mensuration
393,Mathematics,Solve for x: 4x + 5 = 25,x = 5,Medium,Class 9,CDC Nepal,Linear Equations
394,Mathematics,Find the value of tan 45°.,1,Medium,Class 10,CBSE,Trigonometry
395,Mathematics,Solve for x: 3x + 20 = 80,x = 20,Medium,Class 9,CBSE,Linear Equations
396,Mathematics,What is the value of π approximately to two decimal places?,3.14,Medium,Class 9,CDC Nepal,Circles
397,Mathematics,Solve for x: 4x + 8 = 60,x = 13,Medium,Class 12,Nepal Curriculum,Linear Equations
398,Mathematics,What is the Pythagorean theorem?,a² + b² = c²,Basic,Class 10,Nepal Curriculum,Triangles
399,Mathematics,Solve: 3y - 7 = 14,y = 7,Advanced,Class 8,CDC Nepal,Linear Equations
400,Mathematics,Simplify: 2(x + 3) - 4x,-2x + 6,Basic,Class 8,Nepal Curriculum,Algebra
401,Mathematics,Solve for x: 5x + 23 = 123,x = 20,Medium,Class 12,CDC Nepal,Linear Equations
402,Mathematics,What is the area of a rectangle with length 15 cm and width 8 cm?,120 cm²,Advanced,Class 12,NCERT,Mensuration
403,Mathematics,Find the probability of getting heads in a fair coin toss.,01-Feb,Advanced,Class 10,CBSE,Probability
404,Mathematics,Find the value of tan 45°.,1,Basic,Class 10,CDC Nepal,Trigonometry
405,Mathematics,What is 43 multiplied by 38?,1634,Medium,Class 8,Nepal Curriculum,Multiplication
406,Mathematics,Solve for x: 5x + 8 = 13,x = 1,Medium,Class 9,CBSE,Linear Equations
407,Mathematics,Solve for x: 5x + 30 = 85,x = 11,Basic,Class 6,Nepal Curriculum,Linear Equations
408,Mathematics,Solve for x: 4x + 7 = 67,x = 15,Basic,Class 8,CBSE,Linear Equations
409,Mathematics,Find the sum of interior angles of a triangle.,180 degrees,Basic,Class 7,CBSE,Geometry
410,Mathematics,What is the area of a rectangle with length 11 cm and width 5 cm?,55 cm²,Basic,Class 11,CBSE,Mensuration
411,Mathematics,What is the area of a rectangle with length 5 cm and width 13 cm?,65 cm²,Basic,Class 9,CDC Nepal,Mensuration
412,Mathematics,Find the value of tan 45°.,1,Basic,Class 10,CDC Nepal,Trigonometry
413,Mathematics,What is the value of sin 30°?,01-Feb,Basic,Class 10,NCERT,Trigonometry
414,Mathematics,Solve for x: 5x + 8 = 43,x = 7,Medium,Class 12,CBSE,Linear Equations
415,Mathematics,What is the area of a rectangle with length 12 cm and width 9 cm?,108 cm²,Advanced,Class 9,NCERT,Mensuration
416,Mathematics,What is the Pythagorean theorem?,a² + b² = c²,Advanced,Class 8,CBSE,Triangles
417,Mathematics,Solve for x: 4x + 8 = 40,x = 8,Medium,Class 10,Nepal Curriculum,Linear Equations
418,Mathematics,What is the HCF of 12 and 18?,6,Advanced,Class 6,CDC Nepal,HCF and LCM
419,Mathematics,What is 91 multiplied by 78?,7098,Medium,Class 10,Nepal Curriculum,Multiplication
420,Mathematics,What is the sum of 67 and 89?,156,Medium,Class 9,CBSE,Addition
421,Mathematics,Convert 0.75 to a fraction in lowest terms.,03-Apr,Basic,Class 9,CDC Nepal,Fractions and Decimals
422,Mathematics,Solve for x: 2x + 30 = 36,x = 3,Medium,Class 9,Nepal Curriculum,Linear Equations
423,Mathematics,What is the formula for the volume of a cylinder?,πr²h,Basic,Class 8,CBSE,Mensuration
424,Mathematics,What is the Pythagorean theorem?,a² + b² = c²,Advanced,Class 8,CDC Nepal,Triangles
425,Mathematics,Solve for x: 4x + 22 = 94,x = 18,Basic,Class 6,NCERT,Linear Equations
426,Mathematics,Find the sum of interior angles of a triangle.,180 degrees,Advanced,Class 9,Nepal Curriculum,Geometry
427,Mathematics,Solve for x: 2x + 5 = 11,x = 3,Medium,Class 7,CBSE,Linear Equations
428,Mathematics,Find the probability of getting heads in a fair coin toss.,01-Feb,Basic,Class 6,Nepal Curriculum,Probability
429,Mathematics,Find the value of tan 45°.,1,Advanced,Class 10,CDC Nepal,Trigonometry
430,Mathematics,What is the HCF of 12 and 18?,6,Basic,Class 6,Nepal Curriculum,HCF and LCM
431,Mathematics,What is the area of a rectangle with length 5 cm and width 8 cm?,40 cm²,Medium,Class 10,CBSE,Mensuration
432,Mathematics,What is the formula for the volume of a cylinder?,πr²h,Advanced,Class 8,NCERT,Mensuration
433,Mathematics,Solve: 3y - 7 = 14,y = 7,Basic,Class 7,Nepal Curriculum,Linear Equations
434,Mathematics,What is the area of a rectangle with length 6 cm and width 15 cm?,90 cm²,Basic,Class 7,CDC Nepal,Mensuration
435,Mathematics,What is the area of a rectangle with length 9 cm and width 10 cm?,90 cm²,Advanced,Class 10,NCERT,Mensuration
436,Mathematics,What is the area of a rectangle with length 7 cm and width 14 cm?,98 cm²,Basic,Class 12,CBSE,Mensuration
437,Mathematics,What is the area of a rectangle with length 5 cm and width 3 cm?,15 cm²,Medium,Class 9,CDC Nepal,Mensuration
438,Mathematics,What is the value of π approximately to two decimal places?,3.14,Medium,Class 11,Nepal Curriculum,Circles
439,Mathematics,Solve for x: 4x + 22 = 62,x = 10,Medium,Class 12,Nepal Curriculum,Linear Equations
440,Mathematics,What is the sum of 90 and 68?,158,Medium,Class 9,NCERT,Addition
441,Mathematics,What is 64 multiplied by 35?,2240,Medium,Class 7,Nepal Curriculum,Multiplication
442,Mathematics,What is the sum of 56 and 42?,98,Basic,Class 8,CBSE,Addition
443,Mathematics,Solve for x: 3x + 18 = 48,x = 10,Medium,Class 11,NCERT,Linear Equations
444,Mathematics,What is 85 multiplied by 38?,3230,Basic,Class 6,CDC Nepal,Multiplication
445,Mathematics,What is the circumference of a circle with radius 7 cm? (Use π=22/7),44 cm,Basic,Class 7,CDC Nepal,Circles
446,Mathematics,Solve for x: 2x + 15 = 23,x = 4,Medium,Class 9,CBSE,Linear Equations
447,Mathematics,What is the area of a rectangle with length 13 cm and width 5 cm?,65 cm²,Medium,Class 7,NCERT,Mensuration
448,Mathematics,Solve for x: 3x + 18 = 39,x = 7,Basic,Class 6,CDC Nepal,Linear Equations
449,Mathematics,What is the slope of the line y = 2x + 3?,2,Basic,Class 6,CDC Nepal,Coordinate Geometry
450,Mathematics,Solve: 3y - 7 = 14,y = 7,Medium,Class 7,Nepal Curriculum,Linear Equations
451,Mathematics,What is the number of sides in a hexagon?,6,Basic,Class 6,CBSE,Polygons
452,Mathematics,What is the sum of 87 and 75?,162,Basic,Class 11,CDC Nepal,Addition
453,Mathematics,Solve for x: 2x + 5 = 11,x = 3,Basic,Class 7,CDC Nepal,Linear Equations
454,Mathematics,Find the simple interest on Rs. 1000 at 5% per annum for 2 years.,Rs. 100,Advanced,Class 8,NCERT,Commercial Mathematics
455,Mathematics,What is 82 minus 63?,19,Medium,Class 6,Nepal Curriculum,Subtraction
456,Mathematics,What is the area of a rectangle with length 3 cm and width 7 cm?,21 cm²,Basic,Class 12,Nepal Curriculum,Mensuration
457,Mathematics,Solve for x: 2x + 5 = 11,x = 3,Medium,Class 7,CBSE,Linear Equations
458,Mathematics,What is the area of a rectangle with length 4 cm and width 13 cm?,52 cm²,Medium,Class 10,Nepal Curriculum,Mensuration
459,Mathematics,Simplify: 2(x + 3) - 4x,-2x + 6,Basic,Class 8,Nepal Curriculum,Algebra
460,Mathematics,Solve for x: 4x + 27 = 39,x = 3,Basic,Class 7,CDC Nepal,Linear Equations
461,Mathematics,What is 65 minus 24?,41,Basic,Class 12,NCERT,Subtraction
462,Mathematics,Solve the quadratic equation x² - 5x + 6 = 0,x=2 or x=3,Basic,Class 10,Nepal Curriculum,Quadratic Equations
463,Mathematics,What is the area of a rectangle with length 15 cm and width 14 cm?,210 cm²,Medium,Class 7,CBSE,Mensuration
464,Mathematics,What is the HCF of 12 and 18?,6,Advanced,Class 6,CBSE,HCF and LCM
465,Mathematics,What is the formula for the volume of a cylinder?,πr²h,Basic,Class 6,NCERT,Mensuration
466,Mathematics,What is the slope of the line y = 2x + 3?,2,Advanced,Class 11,CDC Nepal,Coordinate Geometry
467,Mathematics,Solve the quadratic equation x² - 5x + 6 = 0,x=2 or x=3,Basic,Class 8,CBSE,Quadratic Equations
468,Mathematics,Find the sum of interior angles of a triangle.,180 degrees,Advanced,Class 7,NCERT,Geometry
469,Mathematics,What is the area of a triangle with base 6 cm and height 8 cm?,24 cm²,Basic,Class 7,NCERT,Mensuration
470,Mathematics,Find the simple interest on Rs. 1000 at 5% per annum for 2 years.,Rs. 100,Medium,Class 8,Nepal Curriculum,Commercial Mathematics
471,Mathematics,Solve for x: 2x + 5 = 11,x = 3,Advanced,Class 7,CDC Nepal,Linear Equations
472,Mathematics,Find the probability of getting heads in a fair coin toss.,01-Feb,Medium,Class 10,CBSE,Probability
473,Mathematics,What is the area of a rectangle with length 5 cm and width 3 cm?,15 cm²,Advanced,Class 6,NCERT,Mensuration
474,Mathematics,Solve for x: 2x + 5 = 11,x = 3,Basic,Class 6,CDC Nepal,Linear Equations
475,Mathematics,What is the Pythagorean theorem?,a² + b² = c²,Medium,Class 8,CBSE,Triangles
476,Mathematics,Convert 0.75 to a fraction in lowest terms.,03-Apr,Medium,Class 6,CBSE,Fractions and Decimals
477,Mathematics,What is the slope of the line y = 2x + 3?,2,Medium,Class 11,Nepal Curriculum,Coordinate Geometry
478,Mathematics,What is the area of a rectangle with length 11 cm and width 15 cm?,165 cm²,Medium,Class 10,Nepal Curriculum,Mensuration
479,Mathematics,Solve: 3y - 7 = 14,y = 7,Basic,Class 7,CBSE,Linear Equations
480,Mathematics,What is 94 multiplied by 58?,5452,Basic,Class 11,CBSE,Multiplication
481,Mathematics,What is the area of a triangle with base 6 cm and height 8 cm?,24 cm²,Basic,Class 7,CDC Nepal,Mensuration
482,Mathematics,What is 39 minus 76?,-37,Advanced,Class 7,CBSE,Subtraction
483,Mathematics,What is the area of a rectangle with length 13 cm and width 9 cm?,117 cm²,Basic,Class 11,NCERT,Mensuration
484,Mathematics,What is 43 minus 50?,-7,Medium,Class 6,CBSE,Subtraction
485,Mathematics,What is the formula for the volume of a cylinder?,πr²h,Basic,Class 8,Nepal Curriculum,Mensuration
486,Mathematics,What is the slope of the line y = 2x + 3?,2,Basic,Class 11,NCERT,Coordinate Geometry
487,Mathematics,What is the Pythagorean theorem?,a² + b² = c²,Medium,Class 8,NCERT,Triangles
488,Mathematics,Solve for x: 2x + 7 = 25,x = 9,Medium,Class 12,Nepal Curriculum,Linear Equations
489,Mathematics,What is the sum of 51 and 28?,79,Advanced,Class 8,Nepal Curriculum,Addition
490,Mathematics,What is the area of a rectangle with length 7 cm and width 5 cm?,35 cm²,Advanced,Class 9,NCERT,Mensuration
491,Mathematics,What is the sum of 23 and 27?,50,Medium,Class 12,NCERT,Addition
492,Mathematics,Find the probability of getting heads in a fair coin toss.,01-Feb,Basic,Class 10,CDC Nepal,Probability
493,Mathematics,What is the number of sides in a hexagon?,6,Advanced,Class 6,CBSE,Polygons
494,Mathematics,What is the sum of 92 and 66?,158,Basic,Class 6,NCERT,Addition
495,Mathematics,What is the sum of 69 and 16?,85,Medium,Class 12,CDC Nepal,Addition
496,Mathematics,Solve for x: 3x + 16 = 58,x = 14,Medium,Class 9,Nepal Curriculum,Linear Equations
497,Mathematics,Solve for x: 2x + 5 = 11,x = 3,Medium,Class 8,Nepal Curriculum,Linear Equations
498,Mathematics,What is the sum of 45 and 59?,104,Medium,Class 9,CDC Nepal,Addition
499,Mathematics,What is the area of a triangle with base 6 cm and height 8 cm?,24 cm²,Basic,Class 7,NCERT,Mensuration
500,Mathematics,Solve for x: 4x + 23 = 87,x = 16,Medium,Class 12,CBSE,Linear Equations
501,Mathematics,Solve the quadratic equation x² - 5x + 6 = 0,x=2 or x=3,Basic,Class 10,Nepal Curriculum,Quadratic Equations
502,Mathematics,What is the formula for the volume of a cylinder?,πr²h,Basic,Class 8,CDC Nepal,Mensuration
503,Mathematics,Find the sum of interior angles of a triangle.,180 degrees,Advanced,Class 12,Nepal Curriculum,Geometry
504,Mathematics,Find the probability of getting heads in a fair coin toss.,01-Feb,Advanced,Class 8,CDC Nepal,Probability
505,Mathematics,Solve the quadratic equation x² - 5x + 6 = 0,x=2 or x=3,Basic,Class 10,CBSE,Quadratic Equations
506,Mathematics,What is the area of a rectangle with length 8 cm and width 12 cm?,96 cm²,Medium,Class 11,Nepal Curriculum,Mensuration
507,Mathematics,What is the sum of 14 and 21?,35,Medium,Class 7,Nepal Curriculum,Addition
508,Mathematics,What is the sum of 88 and 35?,123,Advanced,Class 6,CBSE,Addition
509,Mathematics,What is the sum of 85 and 28?,113,Medium,Class 12,CBSE,Addition
510,Mathematics,What is the area of a rectangle with length 8 cm and width 7 cm?,56 cm²,Advanced,Class 8,CBSE,Mensuration
511,Mathematics,Solve the quadratic equation x² - 5x + 6 = 0,x=2 or x=3,Advanced,Class 10,CDC Nepal,Quadratic Equations
512,Mathematics,What is 85 minus 32?,53,Advanced,Class 7,CBSE,Subtraction
513,Mathematics,What is the area of a rectangle with length 14 cm and width 12 cm?,168 cm²,Basic,Class 8,CDC Nepal,Mensuration
514,Mathematics,What is the sum of 50 and 88?,138,Advanced,Class 12,NCERT,Addition
515,Mathematics,What is 50 multiplied by 31?,1550,Medium,Class 7,NCERT,Multiplication
516,Mathematics,Solve for x: 3x + 12 = 39,x = 9,Medium,Class 11,NCERT,Linear Equations
517,Mathematics,Find the sum of interior angles of a triangle.,180 degrees,Advanced,Class 7,NCERT,Geometry
518,Mathematics,Solve: 3y - 7 = 14,y = 7,Basic,Class 7,CDC Nepal,Linear Equations
519,Mathematics,What is 71 multiplied by 83?,5893,Advanced,Class 8,Nepal Curriculum,Multiplication
520,Mathematics,What is the area of a rectangle with length 5 cm and width 3 cm?,15 cm²,Basic,Class 6,NCERT,Mensuration
521,Mathematics,Find the sum of interior angles of a triangle.,180 degrees,Basic,Class 7,Nepal Curriculum,Geometry
522,Mathematics,What is the area of a rectangle with length 4 cm and width 8 cm?,32 cm²,Advanced,Class 7,CDC Nepal,Mensuration
523,Mathematics,What is the area of a rectangle with length 9 cm and width 5 cm?,45 cm²,Advanced,Class 9,NCERT,Mensuration
524,Mathematics,What is the value of sin 30°?,01-Feb,Basic,Class 10,CBSE,Trigonometry
525,Mathematics,What is 83 minus 80?,3,Basic,Class 8,Nepal Curriculum,Subtraction
526,Mathematics,What is the smallest prime number?,2,Medium,Class 6,CBSE,Prime Numbers
527,Mathematics,What is the sum of 13 and 36?,49,Advanced,Class 11,CBSE,Addition
528,Mathematics,Find the simple interest on Rs. 1000 at 5% per annum for 2 years.,Rs. 100,Basic,Class 9,CDC Nepal,Commercial Mathematics
529,Mathematics,What is the sum of 58 and 57?,115,Basic,Class 8,CDC Nepal,Addition
530,Mathematics,What is the Pythagorean theorem?,a² + b² = c²,Medium,Class 8,Nepal Curriculum,Triangles
531,Mathematics,Find the sum of interior angles of a triangle.,180 degrees,Basic,Class 10,NCERT,Geometry
532,Mathematics,What is the slope of the line y = 2x + 3?,2,Advanced,Class 12,Nepal Curriculum,Coordinate Geometry
533,Mathematics,Find the simple interest on Rs. 1000 at 5% per annum for 2 years.,Rs. 100,Medium,Class 12,Nepal Curriculum,Commercial Mathematics
534,Mathematics,What is the area of a rectangle with length 11 cm and width 15 cm?,165 cm²,Medium,Class 6,Nepal Curriculum,Mensuration
535,Mathematics,What is the Pythagorean theorem?,a² + b² = c²,Basic,Class 8,Nepal Curriculum,Triangles
536,Mathematics,What is the sum of 97 and 65?,162,Basic,Class 7,Nepal Curriculum,Addition
537,Mathematics,What is 81 multiplied by 60?,4860,Medium,Class 8,CBSE,Multiplication
538,Mathematics,Find the value of tan 45°.,1,Medium,Class 10,CDC Nepal,Trigonometry
539,Mathematics,What is the HCF of 12 and 18?,6,Basic,Class 6,NCERT,HCF and LCM
540,Mathematics,"Find the mean of the numbers 4, 7, 10, 13.",8.5,Basic,Class 10,CDC Nepal,Statistics
541,Mathematics,What is the number of sides in a hexagon?,6,Medium,Class 6,CDC Nepal,Polygons
542,Mathematics,What is the formula for the volume of a cylinder?,πr²h,Medium,Class 8,CDC Nepal,Mensuration
543,Mathematics,What is the circumference of a circle with radius 7 cm? (Use π=22/7),44 cm,Advanced,Class 7,NCERT,Circles
544,Mathematics,Solve for x: 4x + 13 = 53,x = 10,Basic,Class 8,CDC Nepal,Linear Equations
545,Mathematics,What is 66 minus 51?,15,Basic,Class 11,CDC Nepal,Subtraction
546,Mathematics,What is 62 multiplied by 72?,4464,Basic,Class 6,CBSE,Multiplication
547,Mathematics,Solve for x: 5x + 9 = 94,x = 17,Medium,Class 10,NCERT,Linear Equations
548,Mathematics,What is the value of sin 30°?,01-Feb,Basic,Class 10,NCERT,Trigonometry
549,Mathematics,Solve for x: 5x + 25 = 100,x = 15,Basic,Class 8,NCERT,Linear Equations
550,Mathematics,What is the area of a rectangle with length 5 cm and width 10 cm?,50 cm²,Medium,Class 7,CBSE,Mensuration
551,Mathematics,What is the formula for the volume of a cylinder?,πr²h,Advanced,Class 8,NCERT,Mensuration
552,Mathematics,What is the value of π approximately to two decimal places?,3.14,Basic,Class 9,Nepal Curriculum,Circles
553,Mathematics,Solve for x: 2x + 29 = 57,x = 14,Medium,Class 11,NCERT,Linear Equations
554,Mathematics,What is the area of a rectangle with length 3 cm and width 6 cm?,18 cm²,Advanced,Class 7,CBSE,Mensuration
555,Mathematics,Solve for x: 4x + 19 = 71,x = 13,Basic,Class 8,CBSE,Linear Equations
556,Mathematics,Simplify: 2(x + 3) - 4x,-2x + 6,Advanced,Class 8,CDC Nepal,Algebra
557,Mathematics,What is the area of a rectangle with length 12 cm and width 12 cm?,144 cm²,Advanced,Class 6,CBSE,Mensuration
558,Mathematics,Find the sum of interior angles of a triangle.,180 degrees,Medium,Class 7,CBSE,Geometry
559,Mathematics,Solve for x: 3x + 9 = 39,x = 10,Medium,Class 11,Nepal Curriculum,Linear Equations
560,Mathematics,What is the area of a rectangle with length 13 cm and width 5 cm?,65 cm²,Advanced,Class 12,NCERT,Mensuration
561,Mathematics,Solve for x: 3x + 15 = 21,x = 2,Basic,Class 8,Nepal Curriculum,Linear Equations
562,Mathematics,What is the area of a rectangle with length 5 cm and width 13 cm?,65 cm²,Medium,Class 11,Nepal Curriculum,Mensuration
563,Mathematics,Find the simple interest on Rs. 1000 at 5% per annum for 2 years.,Rs. 100,Basic,Class 8,CBSE,Commercial Mathematics
564,Mathematics,What is the area of a rectangle with length 6 cm and width 8 cm?,48 cm²,Basic,Class 10,Nepal Curriculum,Mensuration
565,Mathematics,Solve for x: 4x + 19 = 95,x = 19,Basic,Class 8,NCERT,Linear Equations
566,Mathematics,Solve for x: 2x + 26 = 40,x = 7,Medium,Class 12,CDC Nepal,Linear Equations
567,Mathematics,What is 35 minus 53?,-18,Basic,Class 9,CDC Nepal,Subtraction
568,Mathematics,Solve the quadratic equation x² - 5x + 6 = 0,x=2 or x=3,Basic,Class 10,CBSE,Quadratic Equations
569,Mathematics,What is the sum of 45 and 36?,81,Medium,Class 7,Nepal Curriculum,Addition
570,Mathematics,What is the area of a rectangle with length 13 cm and width 9 cm?,117 cm²,Basic,Class 12,CDC Nepal,Mensuration
571,Mathematics,What is the sum of 35 and 57?,92,Medium,Class 9,CBSE,Addition
572,Mathematics,What is the area of a rectangle with length 13 cm and width 14 cm?,182 cm²,Basic,Class 10,Nepal Curriculum,Mensuration
573,Mathematics,"Find the mean of the numbers 4, 7, 10, 13.",8.5,Medium,Class 9,NCERT,Statistics
574,Mathematics,What is the slope of the line y = 2x + 3?,2,Medium,Class 11,NCERT,Coordinate Geometry
575,Mathematics,What is the area of a rectangle with length 12 cm and width 11 cm?,132 cm²,Medium,Class 8,CBSE,Mensuration
576,Mathematics,Find the simple interest on Rs. 1000 at 5% per annum for 2 years.,Rs. 100,Basic,Class 11,CBSE,Commercial Mathematics
577,Mathematics,What is 26 multiplied by 37?,962,Medium,Class 7,NCERT,Multiplication
578,Mathematics,What is the area of a rectangle with length 15 cm and width 3 cm?,45 cm²,Basic,Class 7,CDC Nepal,Mensuration
579,Mathematics,What is the area of a rectangle with length 3 cm and width 13 cm?,39 cm²,Advanced,Class 8,NCERT,Mensuration
580,Mathematics,Solve for x: 2x + 22 = 48,x = 13,Basic,Class 6,CBSE,Linear Equations
581,Mathematics,Solve for x: 4x + 24 = 40,x = 4,Basic,Class 7,Nepal Curriculum,Linear Equations
582,Mathematics,Solve for x: 5x + 11 = 31,x = 4,Basic,Class 6,Nepal Curriculum,Linear Equations
583,Mathematics,Solve for x: 4x + 10 = 66,x = 14,Medium,Class 12,NCERT,Linear Equations
584,Mathematics,Solve for x: 2x + 26 = 28,x = 1,Basic,Class 7,NCERT,Linear Equations
585,Mathematics,What is the sum of 21 and 75?,96,Advanced,Class 12,NCERT,Addition
586,Mathematics,Simplify: 2(x + 3) - 4x,-2x + 6,Basic,Class 11,CBSE,Algebra
587,Mathematics,"Find the mean of the numbers 4, 7, 10, 13.",8.5,Basic,Class 6,CBSE,Statistics
588,Mathematics,What is 27 multiplied by 94?,2538,Basic,Class 6,Nepal Curriculum,Multiplication
589,Mathematics,What is the Pythagorean theorem?,a² + b² = c²,Advanced,Class 8,NCERT,Triangles
590,Mathematics,What is the circumference of a circle with radius 7 cm? (Use π=22/7),44 cm,Basic,Class 7,CDC Nepal,Circles
591,Mathematics,What is the area of a rectangle with length 10 cm and width 15 cm?,150 cm²,Medium,Class 9,CDC Nepal,Mensuration
592,Mathematics,What is the sum of 17 and 30?,47,Basic,Class 12,CDC Nepal,Addition
593,Mathematics,What is 58 multiplied by 55?,3190,Advanced,Class 9,NCERT,Multiplication
594,Mathematics,Solve for x: 2x + 18 = 50,x = 16,Medium,Class 12,CDC Nepal,Linear Equations
595,Mathematics,What is the formula for the volume of a cylinder?,πr²h,Advanced,Class 8,NCERT,Mensuration
596,Mathematics,What is the circumference of a circle with radius 7 cm? (Use π=22/7),44 cm,Advanced,Class 11,NCERT,Circles
597,Mathematics,Solve for x: 3x + 22 = 61,x = 13,Medium,Class 11,NCERT,Linear Equations
598,Mathematics,Solve the quadratic equation x² - 5x + 6 = 0,x=2 or x=3,Advanced,Class 10,CDC Nepal,Quadratic Equations
599,Mathematics,What is the circumference of a circle with radius 7 cm? (Use π=22/7),44 cm,Basic,Class 12,Nepal Curriculum,Circles
600,Mathematics,What is the formula for the volume of a cylinder?,πr²h,Basic,Class 8,Nepal Curriculum,Mensuration
601,Mathematics,What is 66 minus 83?,-17,Medium,Class 9,NCERT,Subtraction
602,Mathematics,What is the number of sides in a hexagon?,6,Medium,Class 9,NCERT,Polygons
603,Mathematics,Solve: 3y - 7 = 14,y = 7,Basic,Class 7,NCERT,Linear Equations
604,Mathematics,Convert 0.75 to a fraction in lowest terms.,03-Apr,Advanced,Class 12,Nepal Curriculum,Fractions and Decimals
605,Mathematics,Find the probability of getting heads in a fair coin toss.,01-Feb,Medium,Class 9,CDC Nepal,Probability
606,Mathematics,Find the value of tan 45°.,1,Advanced,Class 10,CBSE,Trigonometry
607,Mathematics,What is 55 minus 91?,-36,Basic,Class 6,CBSE,Subtraction
608,Mathematics,What is 62 minus 23?,39,Basic,Class 6,Nepal Curriculum,Subtraction
609,Mathematics,What is the value of π approximately to two decimal places?,3.14,Basic,Class 9,Nepal Curriculum,Circles
610,Mathematics,What is the slope of the line y = 2x + 3?,2,Medium,Class 6,NCERT,Coordinate Geometry
611,Mathematics,What is the smallest prime number?,2,Medium,Class 9,NCERT,Prime Numbers
612,Mathematics,Solve the quadratic equation x² - 5x + 6 = 0,x=2 or x=3,Advanced,Class 9,Nepal Curriculum,Quadratic Equations
613,Mathematics,What is the area of a rectangle with length 12 cm and width 8 cm?,96 cm²,Basic,Class 7,CDC Nepal,Mensuration
614,Mathematics,Solve for x: 4x + 19 = 63,x = 11,Medium,Class 10,Nepal Curriculum,Linear Equations
615,Mathematics,Find the value of tan 45°.,1,Advanced,Class 10,CBSE,Trigonometry
616,Mathematics,What is 89 multiplied by 47?,4183,Medium,Class 10,CBSE,Multiplication
617,Mathematics,What is the area of a rectangle with length 14 cm and width 13 cm?,182 cm²,Advanced,Class 7,CBSE,Mensuration
618,Mathematics,What is the area of a rectangle with length 13 cm and width 14 cm?,182 cm²,Medium,Class 12,CDC Nepal,Mensuration
619,Mathematics,Solve: 3y - 7 = 14,y = 7,Advanced,Class 12,NCERT,Linear Equations
620,Mathematics,What is 17 minus 35?,-18,Medium,Class 6,Nepal Curriculum,Subtraction
621,Mathematics,Simplify: 2(x + 3) - 4x,-2x + 6,Medium,Class 11,Nepal Curriculum,Algebra
622,Mathematics,What is the sum of 96 and 81?,177,Medium,Class 6,CDC Nepal,Addition
623,Mathematics,Simplify: 2(x + 3) - 4x,-2x + 6,Advanced,Class 8,NCERT,Algebra
624,Mathematics,Solve for x: 2x + 5 = 11,x = 3,Medium,Class 9,NCERT,Linear Equations
625,Mathematics,What is the number of sides in a hexagon?,6,Advanced,Class 7,CBSE,Polygons
626,Mathematics,What is the value of sin 30°?,01-Feb,Advanced,Class 10,CBSE,Trigonometry
627,Mathematics,What is the area of a triangle with base 6 cm and height 8 cm?,24 cm²,Basic,Class 11,NCERT,Mensuration
628,Mathematics,Solve: 3y - 7 = 14,y = 7,Medium,Class 7,CBSE,Linear Equations
629,Mathematics,What is the slope of the line y = 2x + 3?,2,Medium,Class 11,CBSE,Coordinate Geometry
630,Mathematics,Find the value of tan 45°.,1,Basic,Class 7,NCERT,Trigonometry
631,Mathematics,Solve for x: 4x + 7 = 83,x = 19,Medium,Class 11,CBSE,Linear Equations
632,Mathematics,Solve the quadratic equation x² - 5x + 6 = 0,x=2 or x=3,Advanced,Class 7,CDC Nepal,Quadratic Equations
633,Mathematics,What is 37 minus 94?,-57,Basic,Class 9,CBSE,Subtraction
634,Mathematics,What is the value of sin 30°?,01-Feb,Advanced,Class 10,CDC Nepal,Trigonometry
635,Mathematics,What is the sum of 54 and 67?,121,Advanced,Class 12,Nepal Curriculum,Addition
636,Mathematics,Find the sum of interior angles of a triangle.,180 degrees,Medium,Class 11,CDC Nepal,Geometry
637,Mathematics,Simplify: 2(x + 3) - 4x,-2x + 6,Basic,Class 8,CBSE,Algebra
638,Mathematics,What is 93 minus 34?,59,Medium,Class 10,NCERT,Subtraction
639,Mathematics,What is the area of a rectangle with length 6 cm and width 13 cm?,78 cm²,Advanced,Class 7,Nepal Curriculum,Mensuration
640,Mathematics,What is the area of a rectangle with length 14 cm and width 14 cm?,196 cm²,Basic,Class 9,CDC Nepal,Mensuration
641,Mathematics,What is the sum of 52 and 14?,66,Advanced,Class 6,NCERT,Addition
642,Mathematics,What is the formula for the volume of a cylinder?,πr²h,Advanced,Class 8,Nepal Curriculum,Mensuration
643,Mathematics,What is the area of a rectangle with length 9 cm and width 8 cm?,72 cm²,Medium,Class 9,NCERT,Mensuration
644,Mathematics,Find the sum of interior angles of a triangle.,180 degrees,Advanced,Class 7,NCERT,Geometry
645,Mathematics,Solve for x: 2x + 14 = 48,x = 17,Medium,Class 10,CBSE,Linear Equations
646,Mathematics,Solve for x: 5x + 10 = 15,x = 1,Basic,Class 8,Nepal Curriculum,Linear Equations
647,Mathematics,What is the value of π approximately to two decimal places?,3.14,Advanced,Class 9,Nepal Curriculum,Circles
648,Mathematics,What is the number of sides in a hexagon?,6,Medium,Class 6,Nepal Curriculum,Polygons
649,Mathematics,What is the smallest prime number?,2,Advanced,Class 6,CDC Nepal,Prime Numbers
650,Mathematics,What is the area of a rectangle with length 14 cm and width 8 cm?,112 cm²,Medium,Class 6,Nepal Curriculum,Mensuration
651,Mathematics,What is 38 minus 88?,-50,Advanced,Class 11,Nepal Curriculum,Subtraction
652,Mathematics,What is the slope of the line y = 2x + 3?,2,Basic,Class 11,CDC Nepal,Coordinate Geometry
653,Mathematics,Solve for x: 5x + 15 = 50,x = 7,Basic,Class 6,CBSE,Linear Equations
654,Mathematics,What is the number of sides in a hexagon?,6,Basic,Class 6,CBSE,Polygons
655,Mathematics,Solve for x: 4x + 27 = 107,x = 20,Basic,Class 7,Nepal Curriculum,Linear Equations
656,Mathematics,What is the sum of 50 and 41?,91,Medium,Class 8,CDC Nepal,Addition
657,Mathematics,"Find the mean of the numbers 4, 7, 10, 13.",8.5,Basic,Class 9,CBSE,Statistics
658,Mathematics,Find the simple interest on Rs. 1000 at 5% per annum for 2 years.,Rs. 100,Medium,Class 9,NCERT,Commercial Mathematics
659,Mathematics,Find the value of tan 45°.,1,Basic,Class 10,CBSE,Trigonometry
660,Mathematics,Solve for x: 2x + 5 = 11,x = 3,Basic,Class 7,NCERT,Linear Equations
661,Mathematics,Convert 0.75 to a fraction in lowest terms.,03-Apr,Medium,Class 10,CBSE,Fractions and Decimals
662,Mathematics,Solve for x: 4x + 9 = 41,x = 8,Medium,Class 10,CDC Nepal,Linear Equations
663,Mathematics,What is the area of a rectangle with length 13 cm and width 6 cm?,78 cm²,Medium,Class 6,Nepal Curriculum,Mensuration
664,Mathematics,What is the sum of 82 and 94?,176,Medium,Class 7,CDC Nepal,Addition
665,Mathematics,What is the sum of 43 and 57?,100,Basic,Class 6,NCERT,Addition
666,Mathematics,Solve for x: 2x + 6 = 36,x = 15,Medium,Class 10,CBSE,Linear Equations
667,Mathematics,What is the area of a triangle with base 6 cm and height 8 cm?,24 cm²,Advanced,Class 7,CBSE,Mensuration
668,Mathematics,Solve for x: 4x + 23 = 75,x = 13,Basic,Class 8,NCERT,Linear Equations
669,Mathematics,Solve for x: 5x + 30 = 90,x = 12,Medium,Class 9,CDC Nepal,Linear Equations
670,Mathematics,Solve for x: 2x + 21 = 37,x = 8,Basic,Class 6,CBSE,Linear Equations
671,Mathematics,Solve the quadratic equation x² - 5x + 6 = 0,x=2 or x=3,Basic,Class 10,NCERT,Quadratic Equations
672,Mathematics,Solve for x: 5x + 11 = 91,x = 16,Medium,Class 9,Nepal Curriculum,Linear Equations
673,Mathematics,What is the sum of 83 and 85?,168,Basic,Class 9,Nepal Curriculum,Addition
674,Mathematics,What is 43 multiplied by 33?,1419,Advanced,Class 6,CDC Nepal,Multiplication
675,Mathematics,Simplify: 2(x + 3) - 4x,-2x + 6,Advanced,Class 10,NCERT,Algebra
676,Mathematics,Find the value of tan 45°.,1,Medium,Class 10,CDC Nepal,Trigonometry
677,Mathematics,Solve: 3y - 7 = 14,y = 7,Advanced,Class 7,Nepal Curriculum,Linear Equations
678,Mathematics,What is the area of a rectangle with length 8 cm and width 10 cm?,80 cm²,Medium,Class 10,NCERT,Mensuration
679,Mathematics,What is the value of π approximately to two decimal places?,3.14,Basic,Class 9,NCERT,Circles
680,Mathematics,What is the area of a triangle with base 6 cm and height 8 cm?,24 cm²,Advanced,Class 7,Nepal Curriculum,Mensuration
681,Mathematics,Convert 0.75 to a fraction in lowest terms.,03-Apr,Medium,Class 7,NCERT,Fractions and Decimals
682,Mathematics,What is the HCF of 12 and 18?,6,Advanced,Class 6,NCERT,HCF and LCM
683,Mathematics,What is the area of a rectangle with length 8 cm and width 3 cm?,24 cm²,Advanced,Class 12,CDC Nepal,Mensuration
684,Mathematics,Find the simple interest on Rs. 1000 at 5% per annum for 2 years.,Rs. 100,Medium,Class 8,NCERT,Commercial Mathematics
685,Mathematics,What is the area of a rectangle with length 5 cm and width 3 cm?,15 cm²,Medium,Class 8,CBSE,Mensuration
686,Mathematics,What is 10 multiplied by 83?,830,Medium,Class 10,NCERT,Multiplication
687,Mathematics,What is the area of a rectangle with length 8 cm and width 9 cm?,72 cm²,Advanced,Class 9,CBSE,Mensuration
688,Mathematics,Solve: 3y - 7 = 14,y = 7,Advanced,Class 7,CBSE,Linear Equations
689,Mathematics,Convert 0.75 to a fraction in lowest terms.,03-Apr,Medium,Class 6,CBSE,Fractions and Decimals
690,Mathematics,Solve for x: 5x + 10 = 100,x = 18,Medium,Class 11,CBSE,Linear Equations
691,Mathematics,What is the area of a rectangle with length 15 cm and width 14 cm?,210 cm²,Medium,Class 9,CDC Nepal,Mensuration
692,Mathematics,What is the area of a rectangle with length 10 cm and width 15 cm?,150 cm²,Advanced,Class 12,Nepal Curriculum,Mensuration
693,Mathematics,What is the area of a triangle with base 6 cm and height 8 cm?,24 cm²,Medium,Class 7,CBSE,Mensuration
694,Mathematics,What is the sum of 91 and 10?,101,Advanced,Class 10,Nepal Curriculum,Addition
695,Mathematics,What is the sum of 38 and 57?,95,Medium,Class 10,NCERT,Addition
696,Mathematics,What is the area of a rectangle with length 12 cm and width 3 cm?,36 cm²,Advanced,Class 9,Nepal Curriculum,Mensuration
697,Mathematics,What is the area of a triangle with base 6 cm and height 8 cm?,24 cm²,Basic,Class 9,CBSE,Mensuration
698,Mathematics,Find the value of tan 45°.,1,Advanced,Class 10,Nepal Curriculum,Trigonometry
699,Mathematics,What is the sum of 10 and 30?,40,Basic,Class 11,CBSE,Addition
700,Mathematics,Solve for x: 2x + 28 = 42,x = 7,Basic,Class 8,NCERT,Linear Equations
701,Mathematics,Solve for x: 3x + 24 = 51,x = 9,Medium,Class 10,Nepal Curriculum,Linear Equations
702,Mathematics,Solve for x: 2x + 22 = 50,x = 14,Medium,Class 9,NCERT,Linear Equations
703,Mathematics,What is the slope of the line y = 2x + 3?,2,Basic,Class 8,CBSE,Coordinate Geometry
704,Mathematics,What is the circumference of a circle with radius 7 cm? (Use π=22/7),44 cm,Advanced,Class 9,CDC Nepal,Circles
705,Mathematics,What is 18 multiplied by 58?,1044,Basic,Class 10,Nepal Curriculum,Multiplication
706,Mathematics,What is the area of a triangle with base 6 cm and height 8 cm?,24 cm²,Medium,Class 7,NCERT,Mensuration
707,Mathematics,What is the sum of 96 and 53?,149,Basic,Class 8,Nepal Curriculum,Addition
708,Mathematics,What is 97 minus 34?,63,Basic,Class 8,Nepal Curriculum,Subtraction
709,Mathematics,Find the probability of getting heads in a fair coin toss.,01-Feb,Medium,Class 10,Nepal Curriculum,Probability
710,Mathematics,Find the probability of getting heads in a fair coin toss.,01-Feb,Advanced,Class 10,Nepal Curriculum,Probability
711,Mathematics,What is the area of a rectangle with length 15 cm and width 11 cm?,165 cm²,Basic,Class 6,NCERT,Mensuration
712,Mathematics,Solve for x: 4x + 20 = 96,x = 19,Basic,Class 8,Nepal Curriculum,Linear Equations
713,Mathematics,What is the sum of 83 and 26?,109,Medium,Class 10,CDC Nepal,Addition
714,Mathematics,Solve for x: 5x + 8 = 38,x = 6,Medium,Class 10,CDC Nepal,Linear Equations
715,Mathematics,What is the smallest prime number?,2,Basic,Class 6,Nepal Curriculum,Prime Numbers
716,Mathematics,Find the sum of interior angles of a triangle.,180 degrees,Medium,Class 7,CBSE,Geometry
717,Mathematics,What is the formula for the volume of a cylinder?,πr²h,Basic,Class 8,CDC Nepal,Mensuration
718,Mathematics,Solve for x: 5x + 27 = 62,x = 7,Basic,Class 8,CBSE,Linear Equations
719,Mathematics,What is the value of π approximately to two decimal places?,3.14,Medium,Class 9,Nepal Curriculum,Circles
720,Mathematics,What is the formula for the volume of a cylinder?,πr²h,Advanced,Class 10,Nepal Curriculum,Mensuration
721,Mathematics,What is the sum of 29 and 70?,99,Medium,Class 12,Nepal Curriculum,Addition
722,Mathematics,Simplify: 2(x + 3) - 4x,-2x + 6,Advanced,Class 7,CBSE,Algebra
723,Mathematics,What is the sum of 30 and 17?,47,Basic,Class 10,CBSE,Addition
724,Mathematics,What is the area of a rectangle with length 7 cm and width 8 cm?,56 cm²,Basic,Class 11,CBSE,Mensuration
725,Mathematics,What is 25 multiplied by 54?,1350,Medium,Class 12,Nepal Curriculum,Multiplication
726,Mathematics,Simplify: 2(x + 3) - 4x,-2x + 6,Advanced,Class 11,CBSE,Algebra
727,Mathematics,What is the area of a triangle with base 6 cm and height 8 cm?,24 cm²,Medium,Class 7,CDC Nepal,Mensuration
728,Mathematics,Solve for x: 3x + 25 = 40,x = 5,Medium,Class 9,CBSE,Linear Equations
729,Mathematics,What is the area of a rectangle with length 5 cm and width 3 cm?,15 cm²,Advanced,Class 10,NCERT,Mensuration
730,Mathematics,Find the probability of getting heads in a fair coin toss.,01-Feb,Medium,Class 10,CBSE,Probability
731,Mathematics,Solve for x: 4x + 28 = 88,x = 15,Medium,Class 10,CDC Nepal,Linear Equations
732,Mathematics,What is the area of a rectangle with length 13 cm and width 7 cm?,91 cm²,Basic,Class 7,NCERT,Mensuration
733,Mathematics,What is the value of π approximately to two decimal places?,3.14,Basic,Class 9,NCERT,Circles
734,Mathematics,What is the sum of 60 and 77?,137,Advanced,Class 9,NCERT,Addition
735,Mathematics,What is the HCF of 12 and 18?,6,Basic,Class 6,CDC Nepal,HCF and LCM
736,Mathematics,Find the probability of getting heads in a fair coin toss.,01-Feb,Advanced,Class 10,CDC Nepal,Probability
737,Mathematics,What is 94 minus 55?,39,Advanced,Class 7,CDC Nepal,Subtraction
738,Mathematics,What is the area of a rectangle with length 5 cm and width 14 cm?,70 cm²,Advanced,Class 12,Nepal Curriculum,Mensuration
739,Mathematics,What is the area of a rectangle with length 13 cm and width 11 cm?,143 cm²,Advanced,Class 9,CBSE,Mensuration
740,Mathematics,What is the Pythagorean theorem?,a² + b² = c²,Advanced,Class 9,CBSE,Triangles
741,Mathematics,What is the formula for the volume of a cylinder?,πr²h,Basic,Class 8,NCERT,Mensuration
742,Mathematics,What is the HCF of 12 and 18?,6,Medium,Class 6,CDC Nepal,HCF and LCM
743,Mathematics,Solve for x: 4x + 24 = 80,x = 14,Medium,Class 11,Nepal Curriculum,Linear Equations
744,Mathematics,Solve for x: 5x + 17 = 107,x = 18,Medium,Class 10,Nepal Curriculum,Linear Equations
745,Mathematics,What is the number of sides in a hexagon?,6,Medium,Class 6,CDC Nepal,Polygons
746,Mathematics,What is the area of a rectangle with length 5 cm and width 3 cm?,15 cm²,Medium,Class 6,Nepal Curriculum,Mensuration
747,Mathematics,Solve for x: 4x + 18 = 90,x = 18,Medium,Class 12,Nepal Curriculum,Linear Equations
748,Mathematics,What is 68 minus 89?,-21,Basic,Class 7,CBSE,Subtraction
749,Mathematics,What is the sum of 16 and 78?,94,Basic,Class 9,Nepal Curriculum,Addition
750,Mathematics,What is the area of a rectangle with length 14 cm and width 3 cm?,42 cm²,Medium,Class 8,Nepal Curriculum,Mensuration
751,Mathematics,What is the smallest prime number?,2,Medium,Class 6,CBSE,Prime Numbers
752,Mathematics,Solve for x: 4x + 7 = 15,x = 2,Medium,Class 12,Nepal Curriculum,Linear Equations
753,Mathematics,What is the value of π approximately to two decimal places?,3.14,Basic,Class 9,CDC Nepal,Circles
754,Mathematics,What is the formula for the volume of a cylinder?,πr²h,Medium,Class 8,NCERT,Mensuration
755,Mathematics,Find the probability of getting heads in a fair coin toss.,01-Feb,Medium,Class 10,CDC Nepal,Probability
756,Mathematics,Solve for x: 2x + 5 = 11,x = 3,Basic,Class 7,NCERT,Linear Equations
757,Mathematics,What is the area of a rectangle with length 7 cm and width 8 cm?,56 cm²,Medium,Class 7,Nepal Curriculum,Mensuration
758,Mathematics,Solve for x: 3x + 16 = 46,x = 10,Basic,Class 6,NCERT,Linear Equations
759,Mathematics,What is the area of a rectangle with length 8 cm and width 3 cm?,24 cm²,Basic,Class 7,Nepal Curriculum,Mensuration
760,Mathematics,What is the smallest prime number?,2,Basic,Class 10,NCERT,Prime Numbers
761,Mathematics,Solve for x: 3x + 10 = 19,x = 3,Medium,Class 11,CDC Nepal,Linear Equations
762,Mathematics,Find the value of tan 45°.,1,Medium,Class 10,NCERT,Trigonometry
763,Mathematics,What is the number of sides in a hexagon?,6,Basic,Class 6,NCERT,Polygons
764,Mathematics,Find the probability of getting heads in a fair coin toss.,01-Feb,Medium,Class 10,CBSE,Probability
765,Mathematics,What is 58 multiplied by 55?,3190,Advanced,Class 9,Nepal Curriculum,Multiplication
766,Mathematics,Solve for x: 2x + 5 = 11,x = 3,Medium,Class 7,CDC Nepal,Linear Equations
767,Mathematics,What is 33 minus 79?,-46,Advanced,Class 10,CBSE,Subtraction
768,Mathematics,What is 29 minus 67?,-38,Advanced,Class 8,CBSE,Subtraction
769,Mathematics,What is the area of a rectangle with length 3 cm and width 12 cm?,36 cm²,Basic,Class 9,CBSE,Mensuration
770,Mathematics,What is the area of a rectangle with length 11 cm and width 9 cm?,99 cm²,Medium,Class 7,Nepal Curriculum,Mensuration
771,Mathematics,What is the area of a rectangle with length 8 cm and width 9 cm?,72 cm²,Advanced,Class 9,CBSE,Mensuration
772,Mathematics,What is the area of a triangle with base 6 cm and height 8 cm?,24 cm²,Advanced,Class 7,NCERT,Mensuration
773,Mathematics,What is the sum of 72 and 34?,106,Basic,Class 7,NCERT,Addition
774,Mathematics,What is the area of a rectangle with length 14 cm and width 12 cm?,168 cm²,Medium,Class 12,CBSE,Mensuration
775,Mathematics,Find the probability of getting heads in a fair coin toss.,01-Feb,Advanced,Class 10,NCERT,Probability
776,Mathematics,What is the value of sin 30°?,01-Feb,Advanced,Class 10,NCERT,Trigonometry
777,Mathematics,What is the area of a rectangle with length 9 cm and width 8 cm?,72 cm²,Basic,Class 11,NCERT,Mensuration
778,Mathematics,What is the area of a rectangle with length 7 cm and width 4 cm?,28 cm²,Advanced,Class 8,Nepal Curriculum,Mensuration
779,Mathematics,What is the area of a rectangle with length 6 cm and width 6 cm?,36 cm²,Basic,Class 6,Nepal Curriculum,Mensuration
780,Mathematics,What is the area of a rectangle with length 15 cm and width 13 cm?,195 cm²,Advanced,Class 7,CBSE,Mensuration
781,Mathematics,Solve the quadratic equation x² - 5x + 6 = 0,x=2 or x=3,Advanced,Class 11,Nepal Curriculum,Quadratic Equations
782,Mathematics,What is the area of a rectangle with length 12 cm and width 10 cm?,120 cm²,Medium,Class 10,CBSE,Mensuration
783,Mathematics,Solve for x: 4x + 24 = 80,x = 14,Medium,Class 10,Nepal Curriculum,Linear Equations
784,Mathematics,Solve for x: 5x + 17 = 92,x = 15,Basic,Class 7,NCERT,Linear Equations
785,Mathematics,What is the area of a rectangle with length 7 cm and width 3 cm?,21 cm²,Advanced,Class 8,CBSE,Mensuration
786,Mathematics,What is the formula for the volume of a cylinder?,πr²h,Medium,Class 7,Nepal Curriculum,Mensuration
787,Mathematics,What is the Pythagorean theorem?,a² + b² = c²,Medium,Class 8,Nepal Curriculum,Triangles
788,Mathematics,What is the slope of the line y = 2x + 3?,2,Basic,Class 11,CBSE,Coordinate Geometry
789,Mathematics,What is the area of a rectangle with length 6 cm and width 14 cm?,84 cm²,Advanced,Class 6,NCERT,Mensuration
790,Mathematics,Solve for x: 2x + 24 = 62,x = 19,Medium,Class 12,CBSE,Linear Equations
791,Mathematics,What is the slope of the line y = 2x + 3?,2,Medium,Class 11,NCERT,Coordinate Geometry
792,Mathematics,Solve for x: 3x + 28 = 40,x = 4,Basic,Class 8,NCERT,Linear Equations
793,Mathematics,Solve for x: 4x + 22 = 30,x = 2,Medium,Class 11,Nepal Curriculum,Linear Equations
794,Mathematics,Find the probability of getting heads in a fair coin toss.,01-Feb,Basic,Class 10,CDC Nepal,Probability
795,Mathematics,What is the sum of 47 and 60?,107,Advanced,Class 12,Nepal Curriculum,Addition
796,Mathematics,Find the simple interest on Rs. 1000 at 5% per annum for 2 years.,Rs. 100,Advanced,Class 8,NCERT,Commercial Mathematics
797,Mathematics,What is the area of a rectangle with length 15 cm and width 14 cm?,210 cm²,Basic,Class 8,Nepal Curriculum,Mensuration
798,Mathematics,Solve for x: 3x + 22 = 79,x = 19,Medium,Class 9,Nepal Curriculum,Linear Equations
799,Mathematics,What is the formula for the volume of a cylinder?,πr²h,Medium,Class 8,NCERT,Mensuration
800,Mathematics,Solve: 3y - 7 = 14,y = 7,Medium,Class 7,CBSE,Linear Equations
801,Mathematics,"Find the mean of the numbers 4, 7, 10, 13.",8.5,Advanced,Class 9,NCERT,Statistics
802,Mathematics,What is the area of a rectangle with length 10 cm and width 3 cm?,30 cm²,Medium,Class 7,Nepal Curriculum,Mensuration
803,Mathematics,"Find the mean of the numbers 4, 7, 10, 13.",8.5,Basic,Class 9,NCERT,Statistics
804,Mathematics,Solve for x: 2x + 5 = 11,x = 3,Basic,Class 7,Nepal Curriculum,Linear Equations
805,Mathematics,Solve for x: 4x + 19 = 35,x = 4,Medium,Class 12,CDC Nepal,Linear Equations
806,Mathematics,What is the value of sin 30°?,01-Feb,Advanced,Class 10,Nepal Curriculum,Trigonometry
807,Mathematics,What is the area of a triangle with base 6 cm and height 8 cm?,24 cm²,Medium,Class 7,CDC Nepal,Mensuration
808,Mathematics,Solve for x: 2x + 13 = 47,x = 17,Basic,Class 7,Nepal Curriculum,Linear Equations
809,Mathematics,What is the value of sin 30°?,01-Feb,Advanced,Class 10,CBSE,Trigonometry
810,Mathematics,What is the number of sides in a hexagon?,6,Basic,Class 6,CDC Nepal,Polygons
811,Mathematics,What is the smallest prime number?,2,Advanced,Class 11,CBSE,Prime Numbers
812,Mathematics,What is the area of a triangle with base 6 cm and height 8 cm?,24 cm²,Medium,Class 11,NCERT,Mensuration
813,Mathematics,What is 74 multiplied by 68?,5032,Advanced,Class 9,NCERT,Multiplication
814,Mathematics,What is the area of a triangle with base 6 cm and height 8 cm?,24 cm²,Medium,Class 7,CDC Nepal,Mensuration
815,Mathematics,Solve the quadratic equation x² - 5x + 6 = 0,x=2 or x=3,Basic,Class 10,CBSE,Quadratic Equations
816,Mathematics,Simplify: 2(x + 3) - 4x,-2x + 6,Basic,Class 8,CBSE,Algebra
817,Mathematics,What is the smallest prime number?,2,Medium,Class 11,CBSE,Prime Numbers
818,Mathematics,What is the circumference of a circle with radius 7 cm? (Use π=22/7),44 cm,Medium,Class 7,Nepal Curriculum,Circles
819,Mathematics,What is the value of π approximately to two decimal places?,3.14,Advanced,Class 9,Nepal Curriculum,Circles
820,Mathematics,Find the value of tan 45°.,1,Basic,Class 10,CBSE,Trigonometry
821,Mathematics,What is the area of a rectangle with length 13 cm and width 15 cm?,195 cm²,Basic,Class 7,Nepal Curriculum,Mensuration
822,Mathematics,Solve for x: 3x + 15 = 30,x = 5,Basic,Class 8,NCERT,Linear Equations
823,Mathematics,Solve for x: 2x + 29 = 39,x = 5,Medium,Class 11,CBSE,Linear Equations
824,Mathematics,Solve for x: 3x + 29 = 56,x = 9,Medium,Class 9,Nepal Curriculum,Linear Equations
825,Mathematics,Solve the quadratic equation x² - 5x + 6 = 0,x=2 or x=3,Basic,Class 10,CBSE,Quadratic Equations
826,Mathematics,What is the sum of 13 and 55?,68,Basic,Class 10,CDC Nepal,Addition
827,Mathematics,Find the value of tan 45°.,1,Medium,Class 10,CBSE,Trigonometry
828,Mathematics,What is the value of π approximately to two decimal places?,3.14,Medium,Class 9,Nepal Curriculum,Circles
829,Mathematics,Find the probability of getting heads in a fair coin toss.,01-Feb,Basic,Class 10,NCERT,Probability
830,Mathematics,What is the area of a rectangle with length 5 cm and width 3 cm?,15 cm²,Basic,Class 9,Nepal Curriculum,Mensuration
831,Mathematics,What is the area of a rectangle with length 10 cm and width 6 cm?,60 cm²,Advanced,Class 9,CDC Nepal,Mensuration
832,Mathematics,What is the area of a rectangle with length 9 cm and width 12 cm?,108 cm²,Advanced,Class 6,NCERT,Mensuration
833,Mathematics,Find the probability of getting heads in a fair coin toss.,01-Feb,Medium,Class 9,CDC Nepal,Probability
834,Mathematics,What is the area of a rectangle with length 13 cm and width 3 cm?,39 cm²,Advanced,Class 6,Nepal Curriculum,Mensuration
835,Mathematics,What is the value of π approximately to two decimal places?,3.14,Medium,Class 9,CBSE,Circles
836,Mathematics,What is the area of a rectangle with length 5 cm and width 10 cm?,50 cm²,Medium,Class 9,CDC Nepal,Mensuration
837,Mathematics,What is the area of a triangle with base 6 cm and height 8 cm?,24 cm²,Basic,Class 7,Nepal Curriculum,Mensuration
838,Mathematics,What is the circumference of a circle with radius 7 cm? (Use π=22/7),44 cm,Medium,Class 7,Nepal Curriculum,Circles
839,Mathematics,What is 51 multiplied by 98?,4998,Basic,Class 11,Nepal Curriculum,Multiplication
840,Mathematics,What is the area of a rectangle with length 13 cm and width 8 cm?,104 cm²,Basic,Class 6,NCERT,Mensuration
841,Mathematics,Solve for x: 2x + 29 = 55,x = 13,Medium,Class 9,Nepal Curriculum,Linear Equations
842,Mathematics,What is 28 multiplied by 32?,896,Advanced,Class 10,NCERT,Multiplication
843,Mathematics,Solve for x: 2x + 9 = 21,x = 6,Basic,Class 8,Nepal Curriculum,Linear Equations
844,Mathematics,What is the formula for the volume of a cylinder?,πr²h,Basic,Class 8,CDC Nepal,Mensuration
845,Mathematics,What is 85 minus 94?,-9,Basic,Class 10,CDC Nepal,Subtraction
846,Mathematics,What is 80 multiplied by 45?,3600,Advanced,Class 6,Nepal Curriculum,Multiplication
847,Mathematics,What is the HCF of 12 and 18?,6,Basic,Class 6,CBSE,HCF and LCM
848,Mathematics,Solve for x: 2x + 5 = 11,x = 3,Advanced,Class 7,CBSE,Linear Equations
849,Mathematics,What is the area of a rectangle with length 5 cm and width 3 cm?,15 cm²,Basic,Class 6,CDC Nepal,Mensuration
850,Mathematics,What is the area of a rectangle with length 14 cm and width 14 cm?,196 cm²,Advanced,Class 7,Nepal Curriculum,Mensuration
851,Mathematics,What is the area of a rectangle with length 5 cm and width 3 cm?,15 cm²,Advanced,Class 11,CBSE,Mensuration
852,Mathematics,What is the value of π approximately to two decimal places?,3.14,Basic,Class 9,CDC Nepal,Circles
853,Mathematics,What is 98 minus 45?,53,Medium,Class 6,CDC Nepal,Subtraction
854,Mathematics,What is the sum of 90 and 77?,167,Basic,Class 11,CDC Nepal,Addition
855,Mathematics,Solve for x: 4x + 21 = 65,x = 11,Medium,Class 10,CBSE,Linear Equations
856,Mathematics,What is the area of a rectangle with length 13 cm and width 10 cm?,130 cm²,Advanced,Class 10,CDC Nepal,Mensuration
857,Mathematics,What is the smallest prime number?,2,Basic,Class 10,NCERT,Prime Numbers
858,Mathematics,What is the number of sides in a hexagon?,6,Basic,Class 6,Nepal Curriculum,Polygons
859,Mathematics,Solve for x: 3x + 5 = 59,x = 18,Medium,Class 9,Nepal Curriculum,Linear Equations
860,Mathematics,Solve for x: 4x + 29 = 101,x = 18,Basic,Class 8,NCERT,Linear Equations
861,Mathematics,What is the circumference of a circle with radius 7 cm? (Use π=22/7),44 cm,Medium,Class 7,NCERT,Circles
862,Mathematics,Find the simple interest on Rs. 1000 at 5% per annum for 2 years.,Rs. 100,Medium,Class 7,CDC Nepal,Commercial Mathematics
863,Mathematics,What is 68 minus 78?,-10,Basic,Class 11,CDC Nepal,Subtraction
864,Mathematics,Simplify: 2(x + 3) - 4x,-2x + 6,Advanced,Class 9,CBSE,Algebra
865,Mathematics,"Find the mean of the numbers 4, 7, 10, 13.",8.5,Basic,Class 6,NCERT,Statistics
866,Mathematics,What is the number of sides in a hexagon?,6,Basic,Class 8,Nepal Curriculum,Polygons
867,Mathematics,Simplify: 2(x + 3) - 4x,-2x + 6,Basic,Class 9,CBSE,Algebra
868,Mathematics,Solve for x: 4x + 19 = 51,x = 8,Basic,Class 8,CBSE,Linear Equations
869,Mathematics,Simplify: 2(x + 3) - 4x,-2x + 6,Basic,Class 8,CBSE,Algebra
870,Mathematics,Solve for x: 5x + 21 = 26,x = 1,Medium,Class 12,Nepal Curriculum,Linear Equations
871,Mathematics,Find the simple interest on Rs. 1000 at 5% per annum for 2 years.,Rs. 100,Advanced,Class 8,CBSE,Commercial Mathematics
872,Mathematics,What is 14 minus 68?,-54,Basic,Class 7,NCERT,Subtraction
873,Mathematics,Solve for x: 2x + 5 = 11,x = 3,Advanced,Class 7,NCERT,Linear Equations
874,Mathematics,Solve for x: 2x + 5 = 11,x = 3,Basic,Class 7,CBSE,Linear Equations
875,Mathematics,Simplify: 2(x + 3) - 4x,-2x + 6,Advanced,Class 8,CBSE,Algebra
876,Mathematics,Simplify: 2(x + 3) - 4x,-2x + 6,Medium,Class 8,CBSE,Algebra
877,Mathematics,What is the sum of 45 and 24?,69,Basic,Class 11,NCERT,Addition
878,Mathematics,"Find the mean of the numbers 4, 7, 10, 13.",8.5,Advanced,Class 9,CBSE,Statistics
879,Mathematics,Simplify: 2(x + 3) - 4x,-2x + 6,Advanced,Class 8,Nepal Curriculum,Algebra
880,Mathematics,Find the value of tan 45°.,1,Medium,Class 10,CDC Nepal,Trigonometry
881,Mathematics,What is the smallest prime number?,2,Medium,Class 6,NCERT,Prime Numbers
882,Mathematics,Solve for x: 2x + 5 = 11,x = 3,Basic,Class 7,CDC Nepal,Linear Equations
883,Mathematics,Find the value of tan 45°.,1,Advanced,Class 10,CDC Nepal,Trigonometry
884,Mathematics,What is the area of a rectangle with length 13 cm and width 15 cm?,195 cm²,Medium,Class 8,NCERT,Mensuration
885,Mathematics,What is the sum of 99 and 69?,168,Medium,Class 12,CDC Nepal,Addition
886,Mathematics,What is the number of sides in a hexagon?,6,Advanced,Class 6,CDC Nepal,Polygons
887,Mathematics,What is the value of π approximately to two decimal places?,3.14,Basic,Class 7,Nepal Curriculum,Circles
888,Mathematics,Solve for x: 2x + 20 = 22,x = 1,Medium,Class 11,NCERT,Linear Equations
889,Mathematics,What is the Pythagorean theorem?,a² + b² = c²,Basic,Class 8,CBSE,Triangles
890,Mathematics,Solve for x: 4x + 22 = 38,x = 4,Basic,Class 7,NCERT,Linear Equations
891,Mathematics,What is the area of a rectangle with length 6 cm and width 12 cm?,72 cm²,Medium,Class 10,Nepal Curriculum,Mensuration
892,Mathematics,Solve for x: 5x + 30 = 125,x = 19,Medium,Class 9,CDC Nepal,Linear Equations
893,Mathematics,What is 95 multiplied by 19?,1805,Advanced,Class 8,CDC Nepal,Multiplication
894,Mathematics,Find the value of tan 45°.,1,Medium,Class 10,NCERT,Trigonometry
895,Mathematics,What is 23 multiplied by 97?,2231,Medium,Class 7,CDC Nepal,Multiplication
896,Mathematics,What is the number of sides in a hexagon?,6,Advanced,Class 6,NCERT,Polygons
897,Mathematics,What is the HCF of 12 and 18?,6,Advanced,Class 6,NCERT,HCF and LCM
898,Mathematics,What is the area of a rectangle with length 9 cm and width 12 cm?,108 cm²,Basic,Class 11,CDC Nepal,Mensuration
899,Mathematics,What is the circumference of a circle with radius 7 cm? (Use π=22/7),44 cm,Medium,Class 7,CBSE,Circles
900,Mathematics,What is the slope of the line y = 2x + 3?,2,Advanced,Class 9,NCERT,Coordinate Geometry
901,Mathematics,Solve for x: 2x + 5 = 11,x = 3,Medium,Class 10,CBSE,Linear Equations
902,Mathematics,What is the sum of 46 and 13?,59,Basic,Class 6,CDC Nepal,Addition
903,Mathematics,What is the area of a rectangle with length 9 cm and width 9 cm?,81 cm²,Advanced,Class 9,CDC Nepal,Mensuration
904,Mathematics,What is 81 minus 59?,22,Basic,Class 11,CDC Nepal,Subtraction
905,Mathematics,What is the HCF of 12 and 18?,6,Basic,Class 6,NCERT,HCF and LCM
906,Mathematics,What is the area of a rectangle with length 5 cm and width 4 cm?,20 cm²,Advanced,Class 7,Nepal Curriculum,Mensuration
907,Mathematics,What is the area of a rectangle with length 10 cm and width 11 cm?,110 cm²,Medium,Class 9,CDC Nepal,Mensuration
908,Mathematics,What is the sum of 64 and 87?,151,Medium,Class 9,CDC Nepal,Addition
909,Mathematics,Solve for x: 4x + 6 = 78,x = 18,Basic,Class 7,NCERT,Linear Equations
910,Mathematics,What is the area of a rectangle with length 14 cm and width 4 cm?,56 cm²,Medium,Class 11,Nepal Curriculum,Mensuration
911,Mathematics,What is the area of a rectangle with length 11 cm and width 12 cm?,132 cm²,Medium,Class 10,NCERT,Mensuration
912,Mathematics,What is the number of sides in a hexagon?,6,Advanced,Class 6,NCERT,Polygons
913,Mathematics,What is the area of a rectangle with length 8 cm and width 11 cm?,88 cm²,Advanced,Class 10,NCERT,Mensuration
914,Mathematics,Solve for x: 4x + 10 = 50,x = 10,Medium,Class 10,NCERT,Linear Equations
915,Mathematics,What is the area of a rectangle with length 12 cm and width 7 cm?,84 cm²,Advanced,Class 10,NCERT,Mensuration
916,Mathematics,What is the area of a rectangle with length 7 cm and width 15 cm?,105 cm²,Basic,Class 10,NCERT,Mensuration
917,Mathematics,What is the area of a rectangle with length 5 cm and width 3 cm?,15 cm²,Basic,Class 6,NCERT,Mensuration
918,Mathematics,What is the area of a rectangle with length 7 cm and width 7 cm?,49 cm²,Medium,Class 8,NCERT,Mensuration
919,Mathematics,What is the area of a rectangle with length 8 cm and width 15 cm?,120 cm²,Basic,Class 10,Nepal Curriculum,Mensuration
920,Mathematics,Find the probability of getting heads in a fair coin toss.,01-Feb,Medium,Class 10,NCERT,Probability
921,Mathematics,What is the area of a rectangle with length 5 cm and width 3 cm?,15 cm²,Basic,Class 6,Nepal Curriculum,Mensuration
922,Mathematics,What is the sum of 66 and 91?,157,Medium,Class 12,Nepal Curriculum,Addition
923,Mathematics,What is the area of a rectangle with length 15 cm and width 4 cm?,60 cm²,Medium,Class 12,NCERT,Mensuration
924,Mathematics,What is the value of π approximately to two decimal places?,3.14,Medium,Class 9,CDC Nepal,Circles
925,Mathematics,Solve for x: 5x + 13 = 78,x = 13,Medium,Class 12,Nepal Curriculum,Linear Equations
926,Mathematics,What is the Pythagorean theorem?,a² + b² = c²,Basic,Class 9,CDC Nepal,Triangles
927,Mathematics,What is 78 minus 91?,-13,Advanced,Class 10,CDC Nepal,Subtraction
928,Mathematics,Solve for x: 4x + 25 = 41,x = 4,Medium,Class 11,CDC Nepal,Linear Equations
929,Mathematics,What is the area of a rectangle with length 12 cm and width 15 cm?,180 cm²,Advanced,Class 11,Nepal Curriculum,Mensuration
930,Mathematics,Solve for x: 2x + 7 = 9,x = 1,Medium,Class 11,NCERT,Linear Equations
931,Mathematics,Solve for x: 4x + 11 = 51,x = 10,Medium,Class 10,NCERT,Linear Equations
932,Mathematics,What is the area of a rectangle with length 5 cm and width 3 cm?,15 cm²,Basic,Class 6,Nepal Curriculum,Mensuration
933,Mathematics,What is 87 minus 26?,61,Basic,Class 11,Nepal Curriculum,Subtraction
934,Mathematics,Solve for x: 5x + 13 = 28,x = 3,Medium,Class 11,CDC Nepal,Linear Equations
935,Mathematics,What is the sum of 19 and 45?,64,Medium,Class 11,CDC Nepal,Addition
936,Mathematics,Solve for x: 2x + 5 = 11,x = 3,Medium,Class 7,CBSE,Linear Equations
937,Mathematics,What is the area of a rectangle with length 5 cm and width 3 cm?,15 cm²,Medium,Class 6,CDC Nepal,Mensuration
938,Mathematics,Find the simple interest on Rs. 1000 at 5% per annum for 2 years.,Rs. 100,Basic,Class 8,CDC Nepal,Commercial Mathematics
939,Mathematics,What is the number of sides in a hexagon?,6,Basic,Class 6,CBSE,Polygons
940,Mathematics,What is the area of a rectangle with length 5 cm and width 3 cm?,15 cm²,Basic,Class 6,CBSE,Mensuration
941,Mathematics,What is the area of a rectangle with length 3 cm and width 3 cm?,9 cm²,Medium,Class 6,CDC Nepal,Mensuration
942,Mathematics,What is the circumference of a circle with radius 7 cm? (Use π=22/7),44 cm,Medium,Class 7,NCERT,Circles
943,Mathematics,Solve for x: 3x + 5 = 14,x = 3,Medium,Class 12,CDC Nepal,Linear Equations
944,Mathematics,What is the area of a rectangle with length 8 cm and width 8 cm?,64 cm²,Medium,Class 12,CBSE,Mensuration
945,Mathematics,Solve for x: 2x + 19 = 41,x = 11,Medium,Class 11,CBSE,Linear Equations
946,Mathematics,What is the value of sin 30°?,01-Feb,Advanced,Class 7,CBSE,Trigonometry
947,Mathematics,Solve for x: 3x + 9 = 54,x = 15,Basic,Class 6,NCERT,Linear Equations
948,Mathematics,What is the slope of the line y = 2x + 3?,2,Basic,Class 11,CDC Nepal,Coordinate Geometry
949,Mathematics,Convert 0.75 to a fraction in lowest terms.,03-Apr,Advanced,Class 6,CDC Nepal,Fractions and Decimals
950,Mathematics,What is 17 multiplied by 53?,901,Medium,Class 12,NCERT,Multiplication
951,Mathematics,Convert 0.75 to a fraction in lowest terms.,03-Apr,Advanced,Class 7,Nepal Curriculum,Fractions and Decimals
952,Mathematics,What is the area of a rectangle with length 10 cm and width 13 cm?,130 cm²,Basic,Class 7,NCERT,Mensuration
953,Mathematics,What is the area of a rectangle with length 5 cm and width 3 cm?,15 cm²,Basic,Class 10,Nepal Curriculum,Mensuration
954,Mathematics,What is the area of a rectangle with length 12 cm and width 4 cm?,48 cm²,Basic,Class 8,NCERT,Mensuration
955,Mathematics,Find the value of tan 45°.,1,Advanced,Class 10,NCERT,Trigonometry
956,Mathematics,Solve for x: 3x + 15 = 72,x = 19,Medium,Class 9,Nepal Curriculum,Linear Equations
957,Mathematics,What is 45 minus 28?,17,Basic,Class 10,Nepal Curriculum,Subtraction
958,Mathematics,What is the sum of 84 and 15?,99,Basic,Class 10,NCERT,Addition
959,Mathematics,What is the smallest prime number?,2,Advanced,Class 11,CDC Nepal,Prime Numbers
960,Mathematics,What is the smallest prime number?,2,Basic,Class 6,CBSE,Prime Numbers
961,Mathematics,What is 91 multiplied by 44?,4004,Medium,Class 12,CDC Nepal,Multiplication
962,Mathematics,What is the area of a rectangle with length 14 cm and width 10 cm?,140 cm²,Advanced,Class 7,NCERT,Mensuration
963,Mathematics,Solve for x: 3x + 11 = 65,x = 18,Medium,Class 12,NCERT,Linear Equations
964,Mathematics,Convert 0.75 to a fraction in lowest terms.,03-Apr,Advanced,Class 6,Nepal Curriculum,Fractions and Decimals
965,Mathematics,Solve for x: 2x + 30 = 44,x = 7,Medium,Class 11,Nepal Curriculum,Linear Equations
966,Mathematics,What is 15 multiplied by 16?,240,Medium,Class 9,CBSE,Multiplication
967,Mathematics,Solve: 3y - 7 = 14,y = 7,Medium,Class 7,CDC Nepal,Linear Equations
968,Mathematics,Solve for x: 2x + 5 = 11,x = 3,Advanced,Class 7,Nepal Curriculum,Linear Equations
969,Mathematics,What is 40 multiplied by 66?,2640,Advanced,Class 9,CBSE,Multiplication
970,Mathematics,What is the sum of 24 and 51?,75,Advanced,Class 11,NCERT,Addition
971,Mathematics,Solve: 3y - 7 = 14,y = 7,Basic,Class 7,Nepal Curriculum,Linear Equations
972,Mathematics,What is the slope of the line y = 2x + 3?,2,Medium,Class 11,CDC Nepal,Coordinate Geometry
973,Mathematics,Find the value of tan 45°.,1,Medium,Class 10,CDC Nepal,Trigonometry
974,Mathematics,What is the Pythagorean theorem?,a² + b² = c²,Advanced,Class 8,CBSE,Triangles
975,Mathematics,What is 82 minus 17?,65,Medium,Class 7,Nepal Curriculum,Subtraction
976,Mathematics,What is the Pythagorean theorem?,a² + b² = c²,Medium,Class 8,Nepal Curriculum,Triangles
977,Mathematics,What is the number of sides in a hexagon?,6,Medium,Class 7,Nepal Curriculum,Polygons
978,Mathematics,Solve for x: 5x + 11 = 96,x = 17,Medium,Class 10,CDC Nepal,Linear Equations
979,Mathematics,What is the area of a rectangle with length 6 cm and width 6 cm?,36 cm²,Basic,Class 8,CBSE,Mensuration
980,Mathematics,What is the smallest prime number?,2,Advanced,Class 7,CDC Nepal,Prime Numbers
981,Mathematics,Solve for x: 5x + 30 = 95,x = 13,Basic,Class 6,NCERT,Linear Equations
982,Mathematics,What is the area of a rectangle with length 9 cm and width 6 cm?,54 cm²,Basic,Class 7,Nepal Curriculum,Mensuration
983,Mathematics,Find the probability of getting heads in a fair coin toss.,01-Feb,Advanced,Class 10,NCERT,Probability
984,Mathematics,What is the slope of the line y = 2x + 3?,2,Basic,Class 8,NCERT,Coordinate Geometry
985,Mathematics,What is 57 minus 90?,-33,Basic,Class 9,NCERT,Subtraction
986,Mathematics,What is the area of a rectangle with length 7 cm and width 9 cm?,63 cm²,Medium,Class 6,CBSE,Mensuration
987,Mathematics,What is the area of a rectangle with length 5 cm and width 3 cm?,15 cm²,Advanced,Class 10,CBSE,Mensuration
988,Mathematics,Find the sum of interior angles of a triangle.,180 degrees,Advanced,Class 6,CDC Nepal,Geometry
989,Mathematics,Find the value of tan 45°.,1,Basic,Class 10,CBSE,Trigonometry
990,Mathematics,Convert 0.75 to a fraction in lowest terms.,03-Apr,Advanced,Class 6,Nepal Curriculum,Fractions and Decimals
991,Mathematics,What is the circumference of a circle with radius 7 cm? (Use π=22/7),44 cm,Basic,Class 7,NCERT,Circles
992,Mathematics,Find the probability of getting heads in a fair coin toss.,01-Feb,Advanced,Class 11,CBSE,Probability
993,Mathematics,What is the formula for the volume of a cylinder?,πr²h,Advanced,Class 8,CDC Nepal,Mensuration
994,Mathematics,What is the area of a rectangle with length 5 cm and width 3 cm?,15 cm²,Medium,Class 6,CDC Nepal,Mensuration
995,Mathematics,What is the area of a rectangle with length 13 cm and width 11 cm?,143 cm²,Basic,Class 10,CBSE,Mensuration
996,Mathematics,What is the sum of 68 and 21?,89,Advanced,Class 8,CDC Nepal,Addition
997,Mathematics,What is the sum of 24 and 99?,123,Basic,Class 8,CDC Nepal,Addition
998,Mathematics,What is the value of sin 30°?,01-Feb,Advanced,Class 10,NCERT,Trigonometry
999,Mathematics,Convert 0.75 to a fraction in lowest terms.,03-Apr,Basic,Class 6,CBSE,Fractions and Decimals
1000,Mathematics,Solve for x: 2x + 30 = 36,x = 3,Medium,Class 11,Nepal Curriculum,Linear Equations
1001,Mathematics,Solve for x: 4x + 20 = 64,x = 11,Medium,Class 10,CDC Nepal,Linear Equations
1002,Mathematics,What is 43 minus 39?,4,Basic,Class 10,CBSE,Subtraction
1003,Mathematics,Solve for x: 3x + 24 = 69,x = 15,Medium,Class 12,Nepal Curriculum,Linear Equations
1004,Mathematics,What is the HCF of 12 and 18?,6,Basic,Class 8,Nepal Curriculum,HCF and LCM
1005,Mathematics,Solve for x: 2x + 5 = 11,x = 3,Medium,Class 7,Nepal Curriculum,Linear Equations
1006,Mathematics,What is the area of a rectangle with length 3 cm and width 13 cm?,39 cm²,Basic,Class 8,CBSE,Mensuration
1007,Mathematics,What is the area of a rectangle with length 5 cm and width 11 cm?,55 cm²,Medium,Class 7,CBSE,Mensuration
1008,Mathematics,What is the smallest prime number?,2,Medium,Class 6,Nepal Curriculum,Prime Numbers
1009,Mathematics,Convert 0.75 to a fraction in lowest terms.,03-Apr,Basic,Class 8,CBSE,Fractions and Decimals
1010,Mathematics,What is the slope of the line y = 2x + 3?,2,Medium,Class 8,Nepal Curriculum,Coordinate Geometry
1011,Mathematics,What is the area of a rectangle with length 14 cm and width 10 cm?,140 cm²,Medium,Class 11,NCERT,Mensuration
1012,Mathematics,Convert 0.75 to a fraction in lowest terms.,03-Apr,Basic,Class 6,NCERT,Fractions and Decimals
1013,Mathematics,Solve for x: 2x + 24 = 46,x = 11,Medium,Class 12,Nepal Curriculum,Linear Equations
1014,Mathematics,What is 78 multiplied by 67?,5226,Medium,Class 7,NCERT,Multiplication
1015,Mathematics,Solve for x: 2x + 26 = 66,x = 20,Medium,Class 9,CBSE,Linear Equations
1016,Mathematics,Solve: 3y - 7 = 14,y = 7,Medium,Class 7,CBSE,Linear Equations
1017,Mathematics,"Find the mean of the numbers 4, 7, 10, 13.",8.5,Medium,Class 9,CDC Nepal,Statistics
1018,Mathematics,What is the area of a rectangle with length 9 cm and width 15 cm?,135 cm²,Basic,Class 6,CDC Nepal,Mensuration
1019,Mathematics,Solve: 3y - 7 = 14,y = 7,Advanced,Class 7,Nepal Curriculum,Linear Equations
1020,Mathematics,What is 70 minus 77?,-7,Basic,Class 10,NCERT,Subtraction
1021,Mathematics,What is 91 minus 44?,47,Medium,Class 10,Nepal Curriculum,Subtraction
1022,Mathematics,What is 58 multiplied by 47?,2726,Advanced,Class 11,CDC Nepal,Multiplication
1023,Mathematics,Simplify: 2(x + 3) - 4x,-2x + 6,Advanced,Class 8,CDC Nepal,Algebra
1024,Mathematics,What is the HCF of 12 and 18?,6,Basic,Class 9,CBSE,HCF and LCM
1025,Mathematics,What is the number of sides in a hexagon?,6,Advanced,Class 6,NCERT,Polygons
1026,Mathematics,Solve for x: 2x + 8 = 24,x = 8,Basic,Class 8,CBSE,Linear Equations
1027,Mathematics,What is the area of a rectangle with length 12 cm and width 9 cm?,108 cm²,Advanced,Class 6,CBSE,Mensuration
1028,Mathematics,Solve for x: 2x + 13 = 51,x = 19,Medium,Class 9,Nepal Curriculum,Linear Equations
1029,Mathematics,What is the HCF of 12 and 18?,6,Medium,Class 7,CBSE,HCF and LCM
1030,Mathematics,What is the formula for the volume of a cylinder?,πr²h,Medium,Class 8,CBSE,Mensuration
1031,Mathematics,Simplify: 2(x + 3) - 4x,-2x + 6,Advanced,Class 8,NCERT,Algebra
1032,Mathematics,Find the value of tan 45°.,1,Advanced,Class 12,Nepal Curriculum,Trigonometry
1033,Mathematics,Solve for x: 2x + 22 = 46,x = 12,Medium,Class 12,CBSE,Linear Equations
1034,Mathematics,Solve for x: 5x + 15 = 95,x = 16,Basic,Class 6,Nepal Curriculum,Linear Equations
1035,Mathematics,What is the HCF of 12 and 18?,6,Advanced,Class 6,Nepal Curriculum,HCF and LCM
1036,Mathematics,Solve for x: 2x + 9 = 15,x = 3,Medium,Class 10,NCERT,Linear Equations
1037,Mathematics,What is 66 multiplied by 86?,5676,Advanced,Class 8,CBSE,Multiplication
1038,Mathematics,Simplify: 2(x + 3) - 4x,-2x + 6,Basic,Class 8,NCERT,Algebra
1039,Mathematics,What is the HCF of 12 and 18?,6,Advanced,Class 6,CBSE,HCF and LCM
1040,Mathematics,What is the HCF of 12 and 18?,6,Basic,Class 6,NCERT,HCF and LCM
1041,Mathematics,Find the simple interest on Rs. 1000 at 5% per annum for 2 years.,Rs. 100,Medium,Class 8,Nepal Curriculum,Commercial Mathematics
1042,Mathematics,What is the area of a triangle with base 6 cm and height 8 cm?,24 cm²,Advanced,Class 7,CDC Nepal,Mensuration
1043,Mathematics,What is the formula for the volume of a cylinder?,πr²h,Basic,Class 8,CBSE,Mensuration
1044,Mathematics,What is the value of sin 30°?,01-Feb,Basic,Class 12,Nepal Curriculum,Trigonometry
1045,Mathematics,"Find the mean of the numbers 4, 7, 10, 13.",8.5,Basic,Class 9,Nepal Curriculum,Statistics
1046,Mathematics,Solve for x: 3x + 21 = 72,x = 17,Basic,Class 8,NCERT,Linear Equations
1047,Mathematics,What is the slope of the line y = 2x + 3?,2,Basic,Class 11,Nepal Curriculum,Coordinate Geometry
1048,Mathematics,Find the sum of interior angles of a triangle.,180 degrees,Basic,Class 8,Nepal Curriculum,Geometry
1049,Mathematics,Solve for x: 3x + 19 = 76,x = 19,Medium,Class 12,NCERT,Linear Equations
1050,Mathematics,"Find the mean of the numbers 4, 7, 10, 13.",8.5,Medium,Class 9,Nepal Curriculum,Statistics
1051,Mathematics,What is the sum of 24 and 76?,100,Basic,Class 9,CDC Nepal,Addition
1052,Mathematics,What is 73 minus 24?,49,Medium,Class 11,CBSE,Subtraction
1053,Mathematics,What is 62 minus 47?,15,Medium,Class 11,Nepal Curriculum,Subtraction
1054,Mathematics,What is 96 multiplied by 72?,6912,Medium,Class 12,NCERT,Multiplication
1055,Mathematics,What is the area of a triangle with base 6 cm and height 8 cm?,24 cm²,Advanced,Class 7,NCERT,Mensuration
1056,Mathematics,What is the value of π approximately to two decimal places?,3.14,Medium,Class 9,NCERT,Circles
1057,Mathematics,What is the circumference of a circle with radius 7 cm? (Use π=22/7),44 cm,Basic,Class 7,Nepal Curriculum,Circles
1058,Mathematics,Find the simple interest on Rs. 1000 at 5% per annum for 2 years.,Rs. 100,Basic,Class 9,CBSE,Commercial Mathematics
1059,Mathematics,What is the number of sides in a hexagon?,6,Advanced,Class 12,CDC Nepal,Polygons
1060,Mathematics,Find the value of tan 45°.,1,Medium,Class 10,CBSE,Trigonometry
1061,Mathematics,What is the Pythagorean theorem?,a² + b² = c²,Basic,Class 8,CBSE,Triangles
1062,Mathematics,What is 16 minus 18?,-2,Advanced,Class 7,NCERT,Subtraction
1063,Mathematics,What is the sum of 89 and 89?,178,Advanced,Class 9,NCERT,Addition
1064,Mathematics,What is 94 minus 73?,21,Medium,Class 10,CBSE,Subtraction
1065,Mathematics,Solve for x: 2x + 5 = 11,x = 3,Advanced,Class 12,CDC Nepal,Linear Equations
1066,Mathematics,Solve for x: 5x + 19 = 84,x = 13,Basic,Class 6,NCERT,Linear Equations
1067,Mathematics,Convert 0.75 to a fraction in lowest terms.,03-Apr,Advanced,Class 6,CBSE,Fractions and Decimals
1068,Mathematics,What is the sum of 59 and 72?,131,Medium,Class 7,CDC Nepal,Addition
1069,Mathematics,Solve for x: 2x + 17 = 29,x = 6,Medium,Class 11,CBSE,Linear Equations
1070,Mathematics,Simplify: 2(x + 3) - 4x,-2x + 6,Advanced,Class 9,CBSE,Algebra
1071,Mathematics,What is the slope of the line y = 2x + 3?,2,Basic,Class 11,CBSE,Coordinate Geometry
1072,Mathematics,What is the slope of the line y = 2x + 3?,2,Basic,Class 11,CBSE,Coordinate Geometry
1073,Mathematics,Solve: 3y - 7 = 14,y = 7,Medium,Class 7,CDC Nepal,Linear Equations
1074,Mathematics,Find the probability of getting heads in a fair coin toss.,01-Feb,Basic,Class 10,CBSE,Probability
1075,Mathematics,What is 31 multiplied by 12?,372,Basic,Class 11,CBSE,Multiplication
1076,Mathematics,Solve: 3y - 7 = 14,y = 7,Advanced,Class 7,CDC Nepal,Linear Equations
1077,Mathematics,Find the simple interest on Rs. 1000 at 5% per annum for 2 years.,Rs. 100,Advanced,Class 8,CBSE,Commercial Mathematics
1078,Mathematics,What is the value of π approximately to two decimal places?,3.14,Medium,Class 9,NCERT,Circles
1079,Mathematics,Solve for x: 4x + 10 = 78,x = 17,Basic,Class 6,CBSE,Linear Equations
1080,Mathematics,Solve: 3y - 7 = 14,y = 7,Basic,Class 7,NCERT,Linear Equations
1081,Mathematics,Solve for x: 5x + 30 = 80,x = 10,Medium,Class 10,Nepal Curriculum,Linear Equations
1082,Mathematics,What is the area of a rectangle with length 7 cm and width 4 cm?,28 cm²,Advanced,Class 6,CDC Nepal,Mensuration
1083,Mathematics,What is the area of a rectangle with length 7 cm and width 9 cm?,63 cm²,Basic,Class 8,CBSE,Mensuration
1084,Mathematics,What is the value of π approximately to two decimal places?,3.14,Medium,Class 9,CDC Nepal,Circles
1085,Mathematics,What is the area of a rectangle with length 11 cm and width 5 cm?,55 cm²,Basic,Class 10,CDC Nepal,Mensuration
1086,Mathematics,What is the Pythagorean theorem?,a² + b² = c²,Medium,Class 8,CDC Nepal,Triangles
1087,Mathematics,What is the area of a rectangle with length 8 cm and width 10 cm?,80 cm²,Advanced,Class 11,Nepal Curriculum,Mensuration
1088,Mathematics,Simplify: 2(x + 3) - 4x,-2x + 6,Medium,Class 8,CBSE,Algebra
1089,Mathematics,What is the formula for the volume of a cylinder?,πr²h,Advanced,Class 6,CBSE,Mensuration
1090,Mathematics,Solve for x: 3x + 11 = 23,x = 4,Basic,Class 8,NCERT,Linear Equations
1091,Mathematics,Simplify: 2(x + 3) - 4x,-2x + 6,Medium,Class 8,CDC Nepal,Algebra
1092,Mathematics,Solve for x: 4x + 30 = 34,x = 1,Basic,Class 6,CBSE,Linear Equations
1093,Mathematics,Find the simple interest on Rs. 1000 at 5% per annum for 2 years.,Rs. 100,Advanced,Class 7,NCERT,Commercial Mathematics
1094,Mathematics,What is the area of a rectangle with length 5 cm and width 3 cm?,15 cm²,Medium,Class 6,CBSE,Mensuration
1095,Mathematics,Solve for x: 3x + 8 = 23,x = 5,Medium,Class 9,NCERT,Linear Equations
1096,Mathematics,Solve for x: 3x + 24 = 33,x = 3,Medium,Class 12,NCERT,Linear Equations
1097,Mathematics,Find the probability of getting heads in a fair coin toss.,01-Feb,Medium,Class 8,CDC Nepal,Probability
1098,Mathematics,Find the sum of interior angles of a triangle.,180 degrees,Basic,Class 7,CBSE,Geometry
1099,Mathematics,Solve for x: 2x + 15 = 39,x = 12,Basic,Class 8,CDC Nepal,Linear Equations
1100,Mathematics,Solve for x: 4x + 5 = 53,x = 12,Basic,Class 7,NCERT,Linear Equations
1101,Mathematics,Solve for x: 4x + 25 = 77,x = 13,Medium,Class 11,CBSE,Linear Equations
1102,Mathematics,What is the value of π approximately to two decimal places?,3.14,Basic,Class 11,NCERT,Circles
1103,Mathematics,What is the sum of 40 and 48?,88,Medium,Class 9,Nepal Curriculum,Addition
1104,Mathematics,What is the formula for the volume of a cylinder?,πr²h,Medium,Class 11,NCERT,Mensuration
1105,Mathematics,What is the circumference of a circle with radius 7 cm? (Use π=22/7),44 cm,Medium,Class 9,CDC Nepal,Circles
1106,Mathematics,What is the area of a rectangle with length 11 cm and width 4 cm?,44 cm²,Basic,Class 12,CBSE,Mensuration
1107,Mathematics,Solve for x: 2x + 25 = 27,x = 1,Medium,Class 11,Nepal Curriculum,Linear Equations
1108,Mathematics,What is 35 minus 90?,-55,Advanced,Class 12,CBSE,Subtraction
1109,Mathematics,What is the area of a rectangle with length 15 cm and width 13 cm?,195 cm²,Basic,Class 6,Nepal Curriculum,Mensuration
1110,Mathematics,Solve for x: 4x + 10 = 30,x = 5,Medium,Class 11,CBSE,Linear Equations
1111,Mathematics,Solve for x: 5x + 23 = 88,x = 13,Basic,Class 7,Nepal Curriculum,Linear Equations
1112,Mathematics,What is the smallest prime number?,2,Advanced,Class 6,Nepal Curriculum,Prime Numbers
1113,Mathematics,What is the area of a rectangle with length 5 cm and width 3 cm?,15 cm²,Basic,Class 9,CDC Nepal,Mensuration
1114,Mathematics,What is 57 multiplied by 31?,1767,Medium,Class 10,NCERT,Multiplication
1115,Mathematics,What is the area of a triangle with base 6 cm and height 8 cm?,24 cm²,Medium,Class 7,CDC Nepal,Mensuration
1116,Mathematics,What is the area of a rectangle with length 6 cm and width 9 cm?,54 cm²,Basic,Class 10,Nepal Curriculum,Mensuration
1117,Mathematics,Find the simple interest on Rs. 1000 at 5% per annum for 2 years.,Rs. 100,Medium,Class 8,CDC Nepal,Commercial Mathematics
1118,Mathematics,What is the area of a rectangle with length 6 cm and width 9 cm?,54 cm²,Basic,Class 10,Nepal Curriculum,Mensuration
1119,Mathematics,Find the probability of getting heads in a fair coin toss.,01-Feb,Basic,Class 7,CDC Nepal,Probability
1120,Mathematics,What is 70 minus 27?,43,Advanced,Class 8,CDC Nepal,Subtraction
1121,Mathematics,What is the area of a rectangle with length 7 cm and width 4 cm?,28 cm²,Medium,Class 11,NCERT,Mensuration
1122,Mathematics,Solve for x: 2x + 5 = 29,x = 12,Basic,Class 6,CBSE,Linear Equations
1123,Mathematics,What is the area of a rectangle with length 5 cm and width 11 cm?,55 cm²,Medium,Class 9,NCERT,Mensuration
1124,Mathematics,What is the Pythagorean theorem?,a² + b² = c²,Basic,Class 8,Nepal Curriculum,Triangles
1125,Mathematics,What is the area of a triangle with base 6 cm and height 8 cm?,24 cm²,Medium,Class 7,CBSE,Mensuration
1126,Mathematics,Solve for x: 2x + 5 = 11,x = 3,Basic,Class 7,CBSE,Linear Equations
1127,Mathematics,What is the area of a rectangle with length 15 cm and width 7 cm?,105 cm²,Medium,Class 9,CBSE,Mensuration
1128,Mathematics,What is the HCF of 12 and 18?,6,Medium,Class 7,CDC Nepal,HCF and LCM
1129,Mathematics,What is the HCF of 12 and 18?,6,Basic,Class 6,Nepal Curriculum,HCF and LCM
1130,Mathematics,What is the formula for the volume of a cylinder?,πr²h,Basic,Class 8,CDC Nepal,Mensuration
1131,Mathematics,Solve for x: 5x + 19 = 109,x = 18,Medium,Class 9,CDC Nepal,Linear Equations
1132,Mathematics,What is the HCF of 12 and 18?,6,Basic,Class 6,NCERT,HCF and LCM
1133,Mathematics,Simplify: 2(x + 3) - 4x,-2x + 6,Basic,Class 8,Nepal Curriculum,Algebra
1134,Mathematics,What is the area of a rectangle with length 3 cm and width 11 cm?,33 cm²,Medium,Class 12,Nepal Curriculum,Mensuration
1135,Mathematics,What is the area of a rectangle with length 8 cm and width 3 cm?,24 cm²,Basic,Class 6,CBSE,Mensuration
1136,Mathematics,Solve for x: 4x + 9 = 25,x = 4,Medium,Class 11,NCERT,Linear Equations
1137,Mathematics,Find the simple interest on Rs. 1000 at 5% per annum for 2 years.,Rs. 100,Medium,Class 8,CBSE,Commercial Mathematics
1138,Mathematics,What is the area of a rectangle with length 10 cm and width 8 cm?,80 cm²,Medium,Class 6,Nepal Curriculum,Mensuration
1139,Mathematics,Solve for x: 2x + 5 = 11,x = 3,Advanced,Class 7,CBSE,Linear Equations
1140,Mathematics,What is the sum of 42 and 32?,74,Basic,Class 11,CDC Nepal,Addition
1141,Mathematics,What is the value of sin 30°?,01-Feb,Basic,Class 10,CDC Nepal,Trigonometry
1142,Mathematics,What is the number of sides in a hexagon?,6,Basic,Class 6,CBSE,Polygons
1143,Mathematics,Find the value of tan 45°.,1,Advanced,Class 9,Nepal Curriculum,Trigonometry
1144,Mathematics,Find the sum of interior angles of a triangle.,180 degrees,Medium,Class 7,Nepal Curriculum,Geometry
1145,Mathematics,What is the area of a rectangle with length 9 cm and width 4 cm?,36 cm²,Medium,Class 9,CDC Nepal,Mensuration
1146,Mathematics,What is the area of a rectangle with length 4 cm and width 3 cm?,12 cm²,Basic,Class 10,CBSE,Mensuration
1147,Mathematics,What is the area of a triangle with base 6 cm and height 8 cm?,24 cm²,Basic,Class 11,NCERT,Mensuration
1148,Mathematics,Solve: 3y - 7 = 14,y = 7,Basic,Class 7,CDC Nepal,Linear Equations
1149,Mathematics,What is the HCF of 12 and 18?,6,Advanced,Class 6,Nepal Curriculum,HCF and LCM
1150,Mathematics,What is the area of a rectangle with length 3 cm and width 11 cm?,33 cm²,Advanced,Class 8,NCERT,Mensuration
1151,Mathematics,What is the area of a rectangle with length 12 cm and width 7 cm?,84 cm²,Basic,Class 9,CBSE,Mensuration
1152,Mathematics,What is the area of a rectangle with length 5 cm and width 3 cm?,15 cm²,Advanced,Class 6,NCERT,Mensuration
1153,Mathematics,Solve for x: 2x + 5 = 11,x = 3,Basic,Class 9,NCERT,Linear Equations
1154,Mathematics,What is the area of a rectangle with length 10 cm and width 15 cm?,150 cm²,Medium,Class 11,CDC Nepal,Mensuration
1155,Mathematics,What is 20 minus 87?,-67,Medium,Class 8,NCERT,Subtraction
1156,Mathematics,What is 31 minus 93?,-62,Basic,Class 6,CDC Nepal,Subtraction
1157,Mathematics,Solve for x: 4x + 27 = 107,x = 20,Medium,Class 12,CDC Nepal,Linear Equations
1158,Mathematics,What is 24 multiplied by 12?,288,Basic,Class 6,Nepal Curriculum,Multiplication
1159,Mathematics,What is the area of a rectangle with length 9 cm and width 13 cm?,117 cm²,Medium,Class 7,Nepal Curriculum,Mensuration
1160,Mathematics,What is the Pythagorean theorem?,a² + b² = c²,Basic,Class 8,CDC Nepal,Triangles
1161,Mathematics,Solve the quadratic equation x² - 5x + 6 = 0,x=2 or x=3,Basic,Class 10,CDC Nepal,Quadratic Equations
1162,Mathematics,What is the area of a rectangle with length 6 cm and width 7 cm?,42 cm²,Basic,Class 9,CDC Nepal,Mensuration
1163,Mathematics,What is the smallest prime number?,2,Basic,Class 6,CDC Nepal,Prime Numbers
1164,Mathematics,What is 61 multiplied by 72?,4392,Medium,Class 12,CDC Nepal,Multiplication
1165,Mathematics,Solve for x: 2x + 5 = 11,x = 3,Advanced,Class 7,CDC Nepal,Linear Equations
1166,Mathematics,Solve: 3y - 7 = 14,y = 7,Basic,Class 10,CDC Nepal,Linear Equations
1167,Mathematics,Find the value of tan 45°.,1,Advanced,Class 10,CDC Nepal,Trigonometry
1168,Mathematics,What is the area of a rectangle with length 10 cm and width 8 cm?,80 cm²,Basic,Class 6,CDC Nepal,Mensuration
1169,Mathematics,Find the probability of getting heads in a fair coin toss.,01-Feb,Advanced,Class 10,CBSE,Probability
1170,Mathematics,What is 47 minus 59?,-12,Advanced,Class 12,CBSE,Subtraction
1171,Mathematics,Solve for x: 5x + 9 = 24,x = 3,Medium,Class 12,Nepal Curriculum,Linear Equations
1172,Mathematics,Find the value of tan 45°.,1,Medium,Class 10,CDC Nepal,Trigonometry
1173,Mathematics,What is 16 minus 12?,4,Medium,Class 9,CBSE,Subtraction
1174,Mathematics,Solve the quadratic equation x² - 5x + 6 = 0,x=2 or x=3,Basic,Class 10,NCERT,Quadratic Equations
1175,Mathematics,What is the area of a rectangle with length 4 cm and width 11 cm?,44 cm²,Medium,Class 8,Nepal Curriculum,Mensuration
1176,Mathematics,Convert 0.75 to a fraction in lowest terms.,03-Apr,Medium,Class 8,CBSE,Fractions and Decimals
1177,Mathematics,What is the area of a rectangle with length 10 cm and width 15 cm?,150 cm²,Advanced,Class 12,CDC Nepal,Mensuration
1178,Mathematics,Find the value of tan 45°.,1,Basic,Class 12,NCERT,Trigonometry
1179,Mathematics,What is 25 minus 36?,-11,Advanced,Class 6,Nepal Curriculum,Subtraction
1180,Mathematics,What is the area of a rectangle with length 4 cm and width 5 cm?,20 cm²,Medium,Class 11,CBSE,Mensuration
1181,Mathematics,What is the HCF of 12 and 18?,6,Basic,Class 6,Nepal Curriculum,HCF and LCM
1182,Mathematics,Find the simple interest on Rs. 1000 at 5% per annum for 2 years.,Rs. 100,Basic,Class 9,CBSE,Commercial Mathematics
1183,Mathematics,Solve the quadratic equation x² - 5x + 6 = 0,x=2 or x=3,Basic,Class 10,CBSE,Quadratic Equations
1184,Mathematics,What is the sum of 77 and 63?,140,Medium,Class 9,Nepal Curriculum,Addition
1185,Mathematics,What is the area of a triangle with base 6 cm and height 8 cm?,24 cm²,Medium,Class 9,CBSE,Mensuration
1186,Mathematics,What is the area of a rectangle with length 11 cm and width 4 cm?,44 cm²,Basic,Class 9,NCERT,Mensuration
1187,Mathematics,What is the value of π approximately to two decimal places?,3.14,Basic,Class 9,NCERT,Circles
1188,Mathematics,Solve for x: 2x + 5 = 11,x = 3,Advanced,Class 7,Nepal Curriculum,Linear Equations
1189,Mathematics,Solve for x: 4x + 28 = 100,x = 18,Basic,Class 6,CBSE,Linear Equations
1190,Mathematics,What is the area of a rectangle with length 10 cm and width 13 cm?,130 cm²,Medium,Class 6,Nepal Curriculum,Mensuration
1191,Mathematics,What is the area of a rectangle with length 15 cm and width 15 cm?,225 cm²,Advanced,Class 10,CDC Nepal,Mensuration
1192,Mathematics,What is the area of a rectangle with length 9 cm and width 14 cm?,126 cm²,Basic,Class 8,Nepal Curriculum,Mensuration
1193,Mathematics,What is 80 multiplied by 49?,3920,Medium,Class 10,CBSE,Multiplication
1194,Mathematics,Convert 0.75 to a fraction in lowest terms.,03-Apr,Basic,Class 7,CBSE,Fractions and Decimals
1195,Mathematics,Simplify: 2(x + 3) - 4x,-2x + 6,Advanced,Class 8,NCERT,Algebra
1196,Mathematics,What is the area of a rectangle with length 8 cm and width 4 cm?,32 cm²,Medium,Class 12,NCERT,Mensuration
1197,Mathematics,What is the area of a rectangle with length 3 cm and width 10 cm?,30 cm²,Medium,Class 6,CBSE,Mensuration
1198,Mathematics,Solve for x: 3x + 27 = 57,x = 10,Medium,Class 12,CDC Nepal,Linear Equations
1199,Mathematics,What is the area of a rectangle with length 6 cm and width 15 cm?,90 cm²,Basic,Class 7,CBSE,Mensuration
1200,Mathematics,What is the area of a rectangle with length 5 cm and width 3 cm?,15 cm²,Advanced,Class 7,NCERT,Mensuration
1201,Mathematics,What is the HCF of 12 and 18?,6,Medium,Class 6,CDC Nepal,HCF and LCM
1202,Mathematics,What is the area of a triangle with base 6 cm and height 8 cm?,24 cm²,Medium,Class 7,CDC Nepal,Mensuration
1203,Mathematics,Find the simple interest on Rs. 1000 at 5% per annum for 2 years.,Rs. 100,Medium,Class 10,CDC Nepal,Commercial Mathematics
1204,Mathematics,Solve for x: 3x + 27 = 72,x = 15,Basic,Class 7,NCERT,Linear Equations
1205,Mathematics,What is the area of a rectangle with length 11 cm and width 8 cm?,88 cm²,Medium,Class 9,NCERT,Mensuration
1206,Mathematics,Solve for x: 2x + 21 = 41,x = 10,Medium,Class 9,Nepal Curriculum,Linear Equations
1207,Mathematics,Simplify: 2(x + 3) - 4x,-2x + 6,Medium,Class 8,CBSE,Algebra
1208,Mathematics,Solve: 3y - 7 = 14,y = 7,Basic,Class 12,NCERT,Linear Equations
1209,Mathematics,What is the sum of 72 and 10?,82,Medium,Class 8,CBSE,Addition
1210,Mathematics,Solve for x: 2x + 5 = 11,x = 3,Medium,Class 7,CBSE,Linear Equations
1211,Mathematics,Find the value of tan 45°.,1,Medium,Class 8,Nepal Curriculum,Trigonometry
1212,Mathematics,What is the Pythagorean theorem?,a² + b² = c²,Advanced,Class 10,Nepal Curriculum,Triangles
1213,Mathematics,Solve for x: 4x + 22 = 74,x = 13,Basic,Class 8,NCERT,Linear Equations
1214,Mathematics,What is the area of a rectangle with length 5 cm and width 14 cm?,70 cm²,Advanced,Class 9,NCERT,Mensuration
1215,Mathematics,What is the area of a rectangle with length 4 cm and width 13 cm?,52 cm²,Advanced,Class 12,NCERT,Mensuration
1216,Mathematics,Find the value of tan 45°.,1,Advanced,Class 10,NCERT,Trigonometry
1217,Mathematics,What is the area of a rectangle with length 3 cm and width 4 cm?,12 cm²,Basic,Class 10,Nepal Curriculum,Mensuration
1218,Mathematics,What is the slope of the line y = 2x + 3?,2,Basic,Class 8,CDC Nepal,Coordinate Geometry
1219,Mathematics,Convert 0.75 to a fraction in lowest terms.,03-Apr,Advanced,Class 6,CDC Nepal,Fractions and Decimals
1220,Mathematics,Solve for x: 2x + 21 = 49,x = 14,Medium,Class 9,CBSE,Linear Equations
1221,Mathematics,What is the area of a rectangle with length 5 cm and width 3 cm?,15 cm²,Basic,Class 6,Nepal Curriculum,Mensuration
1222,Mathematics,Solve the quadratic equation x² - 5x + 6 = 0,x=2 or x=3,Medium,Class 10,NCERT,Quadratic Equations
1223,Mathematics,Solve: 3y - 7 = 14,y = 7,Advanced,Class 7,NCERT,Linear Equations
1224,Mathematics,What is the area of a rectangle with length 7 cm and width 9 cm?,63 cm²,Basic,Class 8,NCERT,Mensuration
1225,Mathematics,Solve: 3y - 7 = 14,y = 7,Medium,Class 7,CDC Nepal,Linear Equations
1226,Mathematics,What is the sum of 86 and 85?,171,Basic,Class 6,CDC Nepal,Addition
1227,Mathematics,Solve for x: 5x + 22 = 77,x = 11,Medium,Class 10,CDC Nepal,Linear Equations
1228,Mathematics,What is the smallest prime number?,2,Medium,Class 6,Nepal Curriculum,Prime Numbers
1229,Mathematics,What is the sum of 81 and 93?,174,Medium,Class 6,CBSE,Addition
1230,Mathematics,What is the HCF of 12 and 18?,6,Basic,Class 9,CBSE,HCF and LCM
1231,Mathematics,Convert 0.75 to a fraction in lowest terms.,03-Apr,Basic,Class 7,CDC Nepal,Fractions and Decimals
1232,Mathematics,What is the Pythagorean theorem?,a² + b² = c²,Advanced,Class 8,Nepal Curriculum,Triangles
1233,Mathematics,Find the simple interest on Rs. 1000 at 5% per annum for 2 years.,Rs. 100,Medium,Class 8,CBSE,Commercial Mathematics
1234,Mathematics,What is the area of a rectangle with length 11 cm and width 7 cm?,77 cm²,Medium,Class 9,NCERT,Mensuration
1235,Mathematics,Convert 0.75 to a fraction in lowest terms.,03-Apr,Advanced,Class 6,CBSE,Fractions and Decimals
1236,Mathematics,Find the sum of interior angles of a triangle.,180 degrees,Basic,Class 7,CBSE,Geometry
1237,Mathematics,What is the circumference of a circle with radius 7 cm? (Use π=22/7),44 cm,Advanced,Class 7,CBSE,Circles
1238,Mathematics,What is the sum of 51 and 53?,104,Medium,Class 11,CDC Nepal,Addition
1239,Mathematics,What is the area of a rectangle with length 3 cm and width 12 cm?,36 cm²,Basic,Class 8,CDC Nepal,Mensuration
1240,Mathematics,What is the smallest prime number?,2,Advanced,Class 6,CDC Nepal,Prime Numbers
1241,Mathematics,Convert 0.75 to a fraction in lowest terms.,03-Apr,Advanced,Class 11,NCERT,Fractions and Decimals
1242,Mathematics,What is the area of a rectangle with length 13 cm and width 10 cm?,130 cm²,Advanced,Class 11,NCERT,Mensuration
1243,Mathematics,What is the value of π approximately to two decimal places?,3.14,Advanced,Class 9,CDC Nepal,Circles
1244,Mathematics,What is the smallest prime number?,2,Basic,Class 6,CBSE,Prime Numbers
1245,Mathematics,What is the area of a rectangle with length 15 cm and width 7 cm?,105 cm²,Basic,Class 9,CBSE,Mensuration
1246,Mathematics,Find the value of tan 45°.,1,Advanced,Class 10,Nepal Curriculum,Trigonometry
1247,Mathematics,Find the simple interest on Rs. 1000 at 5% per annum for 2 years.,Rs. 100,Medium,Class 8,CBSE,Commercial Mathematics
1248,Mathematics,What is the sum of 91 and 60?,151,Advanced,Class 11,CBSE,Addition
1249,Mathematics,What is the area of a rectangle with length 12 cm and width 13 cm?,156 cm²,Basic,Class 9,Nepal Curriculum,Mensuration
1250,Mathematics,What is the HCF of 12 and 18?,6,Advanced,Class 6,Nepal Curriculum,HCF and LCM
1251,Mathematics,What is the slope of the line y = 2x + 3?,2,Basic,Class 11,CBSE,Coordinate Geometry
1252,Mathematics,What is the smallest prime number?,2,Advanced,Class 6,CBSE,Prime Numbers
1253,Mathematics,What is the area of a rectangle with length 13 cm and width 3 cm?,39 cm²,Basic,Class 9,CBSE,Mensuration
1254,Mathematics,What is the area of a rectangle with length 10 cm and width 10 cm?,100 cm²,Medium,Class 9,CBSE,Mensuration
1255,Mathematics,What is 63 minus 78?,-15,Advanced,Class 6,CBSE,Subtraction
1256,Mathematics,What is the value of sin 30°?,01-Feb,Medium,Class 10,NCERT,Trigonometry
1257,Mathematics,Find the probability of getting heads in a fair coin toss.,01-Feb,Advanced,Class 7,Nepal Curriculum,Probability
1258,Mathematics,Simplify: 2(x + 3) - 4x,-2x + 6,Basic,Class 8,NCERT,Algebra
1259,Mathematics,Solve: 3y - 7 = 14,y = 7,Basic,Class 7,CBSE,Linear Equations
1260,Mathematics,What is 53 minus 16?,37,Basic,Class 7,Nepal Curriculum,Subtraction
1261,Mathematics,What is the number of sides in a hexagon?,6,Advanced,Class 12,CDC Nepal,Polygons
1262,Mathematics,Solve for x: 3x + 6 = 15,x = 3,Basic,Class 6,CDC Nepal,Linear Equations
1263,Mathematics,Find the value of tan 45°.,1,Advanced,Class 10,CDC Nepal,Trigonometry
1264,Mathematics,Solve for x: 2x + 5 = 11,x = 3,Advanced,Class 7,CBSE,Linear Equations
1265,Mathematics,What is 86 multiplied by 94?,8084,Basic,Class 9,NCERT,Multiplication
1266,Mathematics,Solve for x: 5x + 21 = 26,x = 1,Medium,Class 9,CBSE,Linear Equations
1267,Mathematics,What is the area of a rectangle with length 4 cm and width 12 cm?,48 cm²,Basic,Class 6,Nepal Curriculum,Mensuration
1268,Mathematics,Solve for x: 5x + 10 = 90,x = 16,Basic,Class 7,Nepal Curriculum,Linear Equations
1269,Mathematics,Solve for x: 2x + 5 = 11,x = 3,Basic,Class 7,CBSE,Linear Equations
1270,Mathematics,Solve for x: 3x + 9 = 63,x = 18,Medium,Class 10,CDC Nepal,Linear Equations
1271,Mathematics,What is the circumference of a circle with radius 7 cm? (Use π=22/7),44 cm,Medium,Class 7,NCERT,Circles
1272,Mathematics,What is the sum of 74 and 81?,155,Advanced,Class 11,CDC Nepal,Addition
1273,Mathematics,What is the value of sin 30°?,01-Feb,Advanced,Class 10,NCERT,Trigonometry
1274,Mathematics,Find the simple interest on Rs. 1000 at 5% per annum for 2 years.,Rs. 100,Advanced,Class 8,CDC Nepal,Commercial Mathematics
1275,Mathematics,What is the area of a rectangle with length 9 cm and width 8 cm?,72 cm²,Advanced,Class 8,Nepal Curriculum,Mensuration
1276,Mathematics,Solve for x: 2x + 5 = 11,x = 3,Medium,Class 7,NCERT,Linear Equations
1277,Mathematics,What is the area of a rectangle with length 6 cm and width 10 cm?,60 cm²,Basic,Class 11,CBSE,Mensuration
1278,Mathematics,What is the sum of 10 and 56?,66,Basic,Class 9,NCERT,Addition
1279,Mathematics,Convert 0.75 to a fraction in lowest terms.,03-Apr,Basic,Class 6,CBSE,Fractions and Decimals
1280,Mathematics,What is the sum of 13 and 35?,48,Advanced,Class 11,CBSE,Addition
1281,Mathematics,What is the formula for the volume of a cylinder?,πr²h,Advanced,Class 8,CBSE,Mensuration
1282,Mathematics,What is the sum of 43 and 22?,65,Basic,Class 7,Nepal Curriculum,Addition
1283,Mathematics,Find the sum of interior angles of a triangle.,180 degrees,Medium,Class 7,CBSE,Geometry
1284,Mathematics,Find the value of tan 45°.,1,Medium,Class 8,CDC Nepal,Trigonometry
1285,Mathematics,What is the HCF of 12 and 18?,6,Basic,Class 6,Nepal Curriculum,HCF and LCM
1286,Mathematics,What is the value of π approximately to two decimal places?,3.14,Advanced,Class 9,CBSE,Circles
1287,Mathematics,What is the slope of the line y = 2x + 3?,2,Basic,Class 11,Nepal Curriculum,Coordinate Geometry
1288,Mathematics,What is the sum of 90 and 45?,135,Basic,Class 8,CDC Nepal,Addition
1289,Mathematics,What is the area of a rectangle with length 5 cm and width 3 cm?,15 cm²,Medium,Class 6,NCERT,Mensuration
1290,Mathematics,What is the value of π approximately to two decimal places?,3.14,Advanced,Class 9,CBSE,Circles
1291,Mathematics,What is the area of a rectangle with length 11 cm and width 14 cm?,154 cm²,Basic,Class 9,CDC Nepal,Mensuration
1292,Mathematics,What is the area of a rectangle with length 13 cm and width 15 cm?,195 cm²,Medium,Class 9,NCERT,Mensuration
1293,Mathematics,What is the value of sin 30°?,01-Feb,Medium,Class 10,Nepal Curriculum,Trigonometry
1294,Mathematics,Simplify: 2(x + 3) - 4x,-2x + 6,Medium,Class 8,Nepal Curriculum,Algebra
1295,Mathematics,What is 20 minus 47?,-27,Medium,Class 8,CBSE,Subtraction
1296,Mathematics,Solve for x: 2x + 5 = 11,x = 3,Medium,Class 7,CBSE,Linear Equations
1297,Mathematics,Solve for x: 4x + 13 = 77,x = 16,Medium,Class 9,CDC Nepal,Linear Equations
1298,Mathematics,What is the Pythagorean theorem?,a² + b² = c²,Basic,Class 8,NCERT,Triangles
1299,Mathematics,What is the area of a rectangle with length 5 cm and width 3 cm?,15 cm²,Medium,Class 6,NCERT,Mensuration
1300,Mathematics,What is the sum of 14 and 79?,93,Basic,Class 7,CBSE,Addition
1301,Mathematics,What is the circumference of a circle with radius 7 cm? (Use π=22/7),44 cm,Medium,Class 7,CBSE,Circles
1302,Mathematics,Find the value of tan 45°.,1,Basic,Class 10,CBSE,Trigonometry
1303,Mathematics,Simplify: 2(x + 3) - 4x,-2x + 6,Medium,Class 8,CBSE,Algebra
1304,Mathematics,Solve for x: 3x + 17 = 68,x = 17,Medium,Class 9,Nepal Curriculum,Linear Equations
1305,Mathematics,What is the value of sin 30°?,01-Feb,Medium,Class 10,CDC Nepal,Trigonometry
1306,Mathematics,Solve for x: 5x + 29 = 64,x = 7,Medium,Class 9,CDC Nepal,Linear Equations
1307,Mathematics,What is the Pythagorean theorem?,a² + b² = c²,Advanced,Class 8,CBSE,Triangles
1308,Mathematics,What is the HCF of 12 and 18?,6,Medium,Class 6,NCERT,HCF and LCM
1309,Mathematics,What is 64 minus 97?,-33,Medium,Class 11,CBSE,Subtraction
1310,Mathematics,What is the smallest prime number?,2,Advanced,Class 6,NCERT,Prime Numbers
1311,Mathematics,What is the value of sin 30°?,01-Feb,Medium,Class 7,CDC Nepal,Trigonometry
1312,Mathematics,What is the value of π approximately to two decimal places?,3.14,Basic,Class 9,NCERT,Circles
1313,Mathematics,What is the Pythagorean theorem?,a² + b² = c²,Advanced,Class 8,NCERT,Triangles
1314,Mathematics,Convert 0.75 to a fraction in lowest terms.,03-Apr,Basic,Class 6,CDC Nepal,Fractions and Decimals
1315,Mathematics,What is the value of sin 30°?,01-Feb,Basic,Class 10,CBSE,Trigonometry
1316,Mathematics,Simplify: 2(x + 3) - 4x,-2x + 6,Advanced,Class 8,NCERT,Algebra
1317,Mathematics,What is the sum of 62 and 60?,122,Advanced,Class 8,NCERT,Addition
1318,Mathematics,Solve: 3y - 7 = 14,y = 7,Medium,Class 7,NCERT,Linear Equations
1319,Mathematics,What is the value of sin 30°?,01-Feb,Basic,Class 10,Nepal Curriculum,Trigonometry
1320,Mathematics,Find the simple interest on Rs. 1000 at 5% per annum for 2 years.,Rs. 100,Basic,Class 8,CBSE,Commercial Mathematics
1321,Mathematics,Solve for x: 3x + 19 = 22,x = 1,Medium,Class 10,NCERT,Linear Equations
1322,Mathematics,Find the simple interest on Rs. 1000 at 5% per annum for 2 years.,Rs. 100,Basic,Class 10,CDC Nepal,Commercial Mathematics
1323,Mathematics,Solve for x: 4x + 27 = 87,x = 15,Basic,Class 6,CBSE,Linear Equations
1324,Mathematics,Solve the quadratic equation x² - 5x + 6 = 0,x=2 or x=3,Medium,Class 10,Nepal Curriculum,Quadratic Equations
1325,Mathematics,Solve for x: 2x + 17 = 29,x = 6,Medium,Class 11,NCERT,Linear Equations
1326,Mathematics,Solve the quadratic equation x² - 5x + 6 = 0,x=2 or x=3,Medium,Class 10,CBSE,Quadratic Equations
1327,Mathematics,Solve: 3y - 7 = 14,y = 7,Advanced,Class 6,NCERT,Linear Equations
1328,Mathematics,Solve for x: 4x + 11 = 35,x = 6,Basic,Class 6,NCERT,Linear Equations
1329,Mathematics,Solve for x: 3x + 17 = 56,x = 13,Basic,Class 6,NCERT,Linear Equations
1330,Mathematics,Find the sum of interior angles of a triangle.,180 degrees,Advanced,Class 7,CBSE,Geometry
1331,Mathematics,What is the sum of 80 and 94?,174,Medium,Class 9,CDC Nepal,Addition
1332,Mathematics,What is the formula for the volume of a cylinder?,πr²h,Basic,Class 8,NCERT,Mensuration
1333,Mathematics,What is the area of a rectangle with length 9 cm and width 5 cm?,45 cm²,Medium,Class 7,NCERT,Mensuration
1334,Mathematics,What is the sum of 55 and 32?,87,Advanced,Class 6,NCERT,Addition
1335,Mathematics,What is the area of a rectangle with length 13 cm and width 15 cm?,195 cm²,Basic,Class 10,NCERT,Mensuration
1336,Mathematics,Simplify: 2(x + 3) - 4x,-2x + 6,Medium,Class 8,NCERT,Algebra
1337,Mathematics,What is the value of π approximately to two decimal places?,3.14,Basic,Class 9,CBSE,Circles
1338,Mathematics,Solve for x: 4x + 11 = 15,x = 1,Basic,Class 7,NCERT,Linear Equations
1339,Mathematics,Find the sum of interior angles of a triangle.,180 degrees,Advanced,Class 7,Nepal Curriculum,Geometry
1340,Mathematics,What is the area of a triangle with base 6 cm and height 8 cm?,24 cm²,Basic,Class 7,CBSE,Mensuration
1341,Mathematics,What is the number of sides in a hexagon?,6,Basic,Class 6,Nepal Curriculum,Polygons
1342,Mathematics,What is 23 minus 55?,-32,Medium,Class 9,Nepal Curriculum,Subtraction
1343,Mathematics,What is the number of sides in a hexagon?,6,Medium,Class 6,CDC Nepal,Polygons
1344,Mathematics,Find the probability of getting heads in a fair coin toss.,01-Feb,Basic,Class 10,CBSE,Probability
1345,Mathematics,Solve: 3y - 7 = 14,y = 7,Basic,Class 8,CBSE,Linear Equations
1346,Mathematics,Solve for x: 4x + 25 = 41,x = 4,Medium,Class 9,CDC Nepal,Linear Equations
1347,Mathematics,Solve for x: 5x + 7 = 62,x = 11,Medium,Class 12,CBSE,Linear Equations
1348,Mathematics,What is the slope of the line y = 2x + 3?,2,Medium,Class 11,Nepal Curriculum,Coordinate Geometry
1349,Mathematics,What is the sum of 25 and 49?,74,Basic,Class 11,CDC Nepal,Addition
1350,Mathematics,What is the sum of 73 and 47?,120,Basic,Class 10,Nepal Curriculum,Addition
1351,Mathematics,What is the number of sides in a hexagon?,6,Basic,Class 6,CDC Nepal,Polygons
1352,Mathematics,Solve for x: 5x + 25 = 35,x = 2,Basic,Class 8,CBSE,Linear Equations
1353,Mathematics,Solve for x: 2x + 26 = 40,x = 7,Basic,Class 7,Nepal Curriculum,Linear Equations
1354,Mathematics,What is the area of a rectangle with length 9 cm and width 11 cm?,99 cm²,Advanced,Class 11,CBSE,Mensuration
1355,Mathematics,What is the number of sides in a hexagon?,6,Basic,Class 6,CDC Nepal,Polygons
1356,Mathematics,What is the value of sin 30°?,01-Feb,Basic,Class 10,Nepal Curriculum,Trigonometry
1357,Mathematics,What is the area of a rectangle with length 15 cm and width 6 cm?,90 cm²,Basic,Class 7,Nepal Curriculum,Mensuration
1358,Mathematics,Solve for x: 3x + 18 = 39,x = 7,Medium,Class 9,Nepal Curriculum,Linear Equations
1359,Mathematics,What is the value of sin 30°?,01-Feb,Medium,Class 8,CBSE,Trigonometry
1360,Mathematics,Solve for x: 5x + 19 = 49,x = 6,Medium,Class 9,CDC Nepal,Linear Equations
1361,Mathematics,Find the simple interest on Rs. 1000 at 5% per annum for 2 years.,Rs. 100,Medium,Class 11,NCERT,Commercial Mathematics
1362,Mathematics,What is the area of a rectangle with length 5 cm and width 11 cm?,55 cm²,Basic,Class 9,Nepal Curriculum,Mensuration
1363,Mathematics,What is the Pythagorean theorem?,a² + b² = c²,Medium,Class 8,CBSE,Triangles
1364,Mathematics,Find the value of tan 45°.,1,Medium,Class 10,CBSE,Trigonometry
1365,Mathematics,Find the simple interest on Rs. 1000 at 5% per annum for 2 years.,Rs. 100,Basic,Class 8,Nepal Curriculum,Commercial Mathematics
1366,Mathematics,What is the area of a triangle with base 6 cm and height 8 cm?,24 cm²,Advanced,Class 7,CBSE,Mensuration
1367,Mathematics,Solve for x: 2x + 18 = 38,x = 10,Medium,Class 9,NCERT,Linear Equations
1368,Mathematics,What is 65 multiplied by 42?,2730,Medium,Class 6,CBSE,Multiplication
1369,Mathematics,What is the area of a rectangle with length 13 cm and width 9 cm?,117 cm²,Advanced,Class 9,CDC Nepal,Mensuration
1370,Mathematics,"Find the mean of the numbers 4, 7, 10, 13.",8.5,Medium,Class 7,NCERT,Statistics
1371,Mathematics,What is the area of a rectangle with length 13 cm and width 5 cm?,65 cm²,Basic,Class 11,CBSE,Mensuration
1372,Mathematics,What is the slope of the line y = 2x + 3?,2,Advanced,Class 11,Nepal Curriculum,Coordinate Geometry
1373,Mathematics,What is the area of a rectangle with length 5 cm and width 3 cm?,15 cm²,Advanced,Class 6,CDC Nepal,Mensuration
1374,Mathematics,What is the slope of the line y = 2x + 3?,2,Basic,Class 11,Nepal Curriculum,Coordinate Geometry
1375,Mathematics,What is the area of a rectangle with length 11 cm and width 11 cm?,121 cm²,Medium,Class 7,CDC Nepal,Mensuration
1376,Mathematics,What is the sum of 83 and 54?,137,Medium,Class 11,CBSE,Addition
1377,Mathematics,What is the sum of 31 and 72?,103,Medium,Class 11,NCERT,Addition
1378,Mathematics,Solve: 3y - 7 = 14,y = 7,Advanced,Class 7,CBSE,Linear Equations
1379,Mathematics,What is 27 minus 35?,-8,Basic,Class 7,Nepal Curriculum,Subtraction
1380,Mathematics,What is the sum of 17 and 33?,50,Medium,Class 6,CBSE,Addition
1381,Mathematics,What is the area of a rectangle with length 12 cm and width 4 cm?,48 cm²,Medium,Class 12,Nepal Curriculum,Mensuration
1382,Mathematics,What is the area of a rectangle with length 5 cm and width 3 cm?,15 cm²,Medium,Class 6,CBSE,Mensuration
1383,Mathematics,What is the smallest prime number?,2,Advanced,Class 6,CDC Nepal,Prime Numbers
1384,Mathematics,What is 10 multiplied by 95?,950,Basic,Class 12,NCERT,Multiplication
1385,Mathematics,What is the area of a triangle with base 6 cm and height 8 cm?,24 cm²,Basic,Class 7,CBSE,Mensuration
1386,Mathematics,Solve for x: 4x + 12 = 56,x = 11,Medium,Class 9,CBSE,Linear Equations
1387,Mathematics,What is the circumference of a circle with radius 7 cm? (Use π=22/7),44 cm,Advanced,Class 9,NCERT,Circles
1388,Mathematics,What is the value of π approximately to two decimal places?,3.14,Advanced,Class 9,Nepal Curriculum,Circles
1389,Mathematics,Find the sum of interior angles of a triangle.,180 degrees,Advanced,Class 7,Nepal Curriculum,Geometry
1390,Mathematics,Find the value of tan 45°.,1,Advanced,Class 10,CDC Nepal,Trigonometry
1391,Mathematics,What is the circumference of a circle with radius 7 cm? (Use π=22/7),44 cm,Basic,Class 11,NCERT,Circles
1392,Mathematics,What is the area of a rectangle with length 6 cm and width 12 cm?,72 cm²,Basic,Class 12,CDC Nepal,Mensuration
1393,Mathematics,Solve for x: 2x + 28 = 60,x = 16,Medium,Class 10,CDC Nepal,Linear Equations
1394,Mathematics,What is the value of sin 30°?,01-Feb,Advanced,Class 10,NCERT,Trigonometry
1395,Mathematics,What is the area of a rectangle with length 5 cm and width 3 cm?,15 cm²,Medium,Class 6,CDC Nepal,Mensuration
1396,Mathematics,What is the Pythagorean theorem?,a² + b² = c²,Basic,Class 9,CDC Nepal,Triangles
1397,Mathematics,What is the area of a rectangle with length 13 cm and width 4 cm?,52 cm²,Advanced,Class 7,Nepal Curriculum,Mensuration
1398,Mathematics,What is the sum of 98 and 52?,150,Advanced,Class 11,NCERT,Addition
1399,Mathematics,What is the area of a rectangle with length 15 cm and width 11 cm?,165 cm²,Advanced,Class 9,CDC Nepal,Mensuration
1400,Mathematics,Solve for x: 2x + 15 = 23,x = 4,Basic,Class 7,Nepal Curriculum,Linear Equations
1401,Mathematics,What is 50 multiplied by 58?,2900,Advanced,Class 6,NCERT,Multiplication
1402,Mathematics,What is the slope of the line y = 2x + 3?,2,Advanced,Class 11,CDC Nepal,Coordinate Geometry
1403,Mathematics,What is the area of a rectangle with length 12 cm and width 12 cm?,144 cm²,Medium,Class 8,Nepal Curriculum,Mensuration
1404,Mathematics,What is the smallest prime number?,2,Advanced,Class 6,CDC Nepal,Prime Numbers
1405,Mathematics,Simplify: 2(x + 3) - 4x,-2x + 6,Basic,Class 8,CDC Nepal,Algebra
1406,Mathematics,Simplify: 2(x + 3) - 4x,-2x + 6,Basic,Class 8,NCERT,Algebra
1407,Mathematics,Solve for x: 5x + 25 = 120,x = 19,Basic,Class 8,Nepal Curriculum,Linear Equations
1408,Mathematics,What is the circumference of a circle with radius 7 cm? (Use π=22/7),44 cm,Medium,Class 11,Nepal Curriculum,Circles
1409,Mathematics,What is the area of a rectangle with length 3 cm and width 15 cm?,45 cm²,Advanced,Class 7,Nepal Curriculum,Mensuration
1410,Mathematics,Solve the quadratic equation x² - 5x + 6 = 0,x=2 or x=3,Medium,Class 11,NCERT,Quadratic Equations
1411,Mathematics,What is the value of π approximately to two decimal places?,3.14,Medium,Class 8,CDC Nepal,Circles
1412,Mathematics,Simplify: 2(x + 3) - 4x,-2x + 6,Medium,Class 8,Nepal Curriculum,Algebra
1413,Mathematics,What is 84 multiplied by 16?,1344,Medium,Class 10,CBSE,Multiplication
1414,Mathematics,Solve for x: 4x + 9 = 73,x = 16,Basic,Class 7,Nepal Curriculum,Linear Equations
1415,Mathematics,What is the value of sin 30°?,01-Feb,Advanced,Class 10,NCERT,Trigonometry
1416,Mathematics,What is the slope of the line y = 2x + 3?,2,Basic,Class 11,Nepal Curriculum,Coordinate Geometry
1417,Mathematics,Solve: 3y - 7 = 14,y = 7,Advanced,Class 7,Nepal Curriculum,Linear Equations
1418,Mathematics,What is 16 multiplied by 25?,400,Medium,Class 6,CBSE,Multiplication
1419,Mathematics,What is 25 minus 40?,-15,Advanced,Class 7,CDC Nepal,Subtraction
1420,Mathematics,Find the value of tan 45°.,1,Basic,Class 10,CDC Nepal,Trigonometry
1421,Mathematics,What is the number of sides in a hexagon?,6,Advanced,Class 12,CDC Nepal,Polygons
1422,Mathematics,What is the number of sides in a hexagon?,6,Medium,Class 6,NCERT,Polygons
1423,Mathematics,What is the area of a rectangle with length 5 cm and width 3 cm?,15 cm²,Basic,Class 6,Nepal Curriculum,Mensuration
1424,Mathematics,What is the slope of the line y = 2x + 3?,2,Advanced,Class 11,CBSE,Coordinate Geometry
1425,Mathematics,Solve for x: 4x + 23 = 79,x = 14,Basic,Class 6,Nepal Curriculum,Linear Equations
1426,Mathematics,What is the area of a rectangle with length 5 cm and width 3 cm?,15 cm²,Advanced,Class 6,Nepal Curriculum,Mensuration
1427,Mathematics,What is the area of a rectangle with length 11 cm and width 15 cm?,165 cm²,Basic,Class 11,CDC Nepal,Mensuration
1428,Mathematics,What is the slope of the line y = 2x + 3?,2,Advanced,Class 11,NCERT,Coordinate Geometry
1429,Mathematics,What is the sum of 86 and 98?,184,Advanced,Class 7,NCERT,Addition
1430,Mathematics,What is 83 multiplied by 36?,2988,Medium,Class 12,Nepal Curriculum,Multiplication
1431,Mathematics,What is the formula for the volume of a cylinder?,πr²h,Basic,Class 8,NCERT,Mensuration
1432,Mathematics,Solve for x: 3x + 14 = 17,x = 1,Basic,Class 8,NCERT,Linear Equations
1433,Mathematics,What is 72 minus 98?,-26,Medium,Class 10,CBSE,Subtraction
1434,Mathematics,What is the area of a rectangle with length 3 cm and width 6 cm?,18 cm²,Basic,Class 10,NCERT,Mensuration
1435,Mathematics,Simplify: 2(x + 3) - 4x,-2x + 6,Basic,Class 8,Nepal Curriculum,Algebra
1436,Mathematics,What is 42 minus 43?,-1,Basic,Class 8,Nepal Curriculum,Subtraction
1437,Mathematics,What is the HCF of 12 and 18?,6,Medium,Class 6,Nepal Curriculum,HCF and LCM
1438,Mathematics,What is the formula for the volume of a cylinder?,πr²h,Advanced,Class 8,Nepal Curriculum,Mensuration
1439,Mathematics,Solve for x: 4x + 30 = 50,x = 5,Medium,Class 10,CDC Nepal,Linear Equations
1440,Mathematics,Find the value of tan 45°.,1,Basic,Class 10,CBSE,Trigonometry
1441,Mathematics,Find the sum of interior angles of a triangle.,180 degrees,Advanced,Class 7,CDC Nepal,Geometry
1442,Mathematics,What is the number of sides in a hexagon?,6,Basic,Class 6,CBSE,Polygons
1443,Mathematics,What is 58 minus 38?,20,Basic,Class 7,NCERT,Subtraction
1444,Mathematics,What is the area of a rectangle with length 15 cm and width 10 cm?,150 cm²,Basic,Class 6,NCERT,Mensuration
1445,Mathematics,What is the area of a rectangle with length 12 cm and width 4 cm?,48 cm²,Advanced,Class 11,NCERT,Mensuration
1446,Mathematics,What is the value of π approximately to two decimal places?,3.14,Basic,Class 9,CDC Nepal,Circles
1447,Mathematics,What is the area of a rectangle with length 14 cm and width 5 cm?,70 cm²,Medium,Class 7,Nepal Curriculum,Mensuration
1448,Mathematics,What is the slope of the line y = 2x + 3?,2,Advanced,Class 11,NCERT,Coordinate Geometry
1449,Mathematics,What is the area of a rectangle with length 9 cm and width 14 cm?,126 cm²,Medium,Class 11,CDC Nepal,Mensuration
1450,Mathematics,"Find the mean of the numbers 4, 7, 10, 13.",8.5,Medium,Class 9,CBSE,Statistics
1451,Mathematics,Solve: 3y - 7 = 14,y = 7,Advanced,Class 7,Nepal Curriculum,Linear Equations
1452,Mathematics,What is the area of a rectangle with length 5 cm and width 3 cm?,15 cm²,Medium,Class 6,CBSE,Mensuration
1453,Mathematics,What is the area of a rectangle with length 4 cm and width 5 cm?,20 cm²,Basic,Class 11,NCERT,Mensuration
1454,Mathematics,Simplify: 2(x + 3) - 4x,-2x + 6,Advanced,Class 8,NCERT,Algebra
1455,Mathematics,Solve for x: 2x + 17 = 51,x = 17,Medium,Class 9,NCERT,Linear Equations
1456,Mathematics,What is the area of a rectangle with length 14 cm and width 11 cm?,154 cm²,Advanced,Class 12,CBSE,Mensuration
1457,Mathematics,What is the area of a triangle with base 6 cm and height 8 cm?,24 cm²,Advanced,Class 7,NCERT,Mensuration
1458,Mathematics,What is 56 multiplied by 27?,1512,Advanced,Class 7,CBSE,Multiplication
1459,Mathematics,What is 24 multiplied by 53?,1272,Medium,Class 9,Nepal Curriculum,Multiplication
1460,Mathematics,Solve for x: 4x + 11 = 51,x = 10,Medium,Class 12,NCERT,Linear Equations
1461,Mathematics,What is the number of sides in a hexagon?,6,Medium,Class 10,NCERT,Polygons
1462,Mathematics,Solve for x: 5x + 15 = 115,x = 20,Medium,Class 10,CBSE,Linear Equations
1463,Mathematics,What is the smallest prime number?,2,Medium,Class 6,Nepal Curriculum,Prime Numbers
1464,Mathematics,Solve for x: 3x + 18 = 27,x = 3,Basic,Class 6,NCERT,Linear Equations
1465,Mathematics,What is 60 minus 57?,3,Basic,Class 6,CBSE,Subtraction
1466,Mathematics,What is 66 minus 94?,-28,Advanced,Class 7,Nepal Curriculum,Subtraction
1467,Mathematics,Solve: 3y - 7 = 14,y = 7,Basic,Class 7,Nepal Curriculum,Linear Equations
1468,Mathematics,Simplify: 2(x + 3) - 4x,-2x + 6,Basic,Class 8,CDC Nepal,Algebra
1469,Mathematics,What is the area of a rectangle with length 10 cm and width 13 cm?,130 cm²,Basic,Class 8,CBSE,Mensuration
1470,Mathematics,Find the simple interest on Rs. 1000 at 5% per annum for 2 years.,Rs. 100,Advanced,Class 8,Nepal Curriculum,Commercial Mathematics
1471,Mathematics,What is the value of π approximately to two decimal places?,3.14,Advanced,Class 9,CDC Nepal,Circles
1472,Mathematics,Find the sum of interior angles of a triangle.,180 degrees,Basic,Class 7,Nepal Curriculum,Geometry
1473,Mathematics,What is the smallest prime number?,2,Advanced,Class 6,NCERT,Prime Numbers
1474,Mathematics,Solve for x: 4x + 20 = 60,x = 10,Basic,Class 8,NCERT,Linear Equations
1475,Mathematics,What is the area of a rectangle with length 5 cm and width 6 cm?,30 cm²,Advanced,Class 7,CBSE,Mensuration
1476,Mathematics,What is the area of a rectangle with length 9 cm and width 6 cm?,54 cm²,Medium,Class 12,CDC Nepal,Mensuration
1477,Mathematics,What is 85 multiplied by 90?,7650,Basic,Class 12,Nepal Curriculum,Multiplication
1478,Mathematics,What is the HCF of 12 and 18?,6,Medium,Class 6,CBSE,HCF and LCM
1479,Mathematics,What is the area of a rectangle with length 4 cm and width 3 cm?,12 cm²,Medium,Class 7,CDC Nepal,Mensuration
1480,Mathematics,What is the sum of 64 and 71?,135,Advanced,Class 8,CDC Nepal,Addition
1481,Mathematics,Solve for x: 5x + 12 = 72,x = 12,Basic,Class 8,CBSE,Linear Equations
1482,Mathematics,What is 51 minus 37?,14,Basic,Class 7,CDC Nepal,Subtraction
1483,Mathematics,Find the value of tan 45°.,1,Basic,Class 10,Nepal Curriculum,Trigonometry
1484,Mathematics,Find the simple interest on Rs. 1000 at 5% per annum for 2 years.,Rs. 100,Medium,Class 8,CBSE,Commercial Mathematics
1485,Mathematics,What is the smallest prime number?,2,Advanced,Class 6,Nepal Curriculum,Prime Numbers
1486,Mathematics,"Find the mean of the numbers 4, 7, 10, 13.",8.5,Advanced,Class 9,CBSE,Statistics
1487,Mathematics,What is the formula for the volume of a cylinder?,πr²h,Basic,Class 8,CDC Nepal,Mensuration
1488,Mathematics,Find the sum of interior angles of a triangle.,180 degrees,Basic,Class 7,NCERT,Geometry
1489,Mathematics,What is the number of sides in a hexagon?,6,Basic,Class 6,CDC Nepal,Polygons
1490,Mathematics,Solve for x: 3x + 22 = 70,x = 16,Basic,Class 6,Nepal Curriculum,Linear Equations
1491,Mathematics,What is the value of sin 30°?,01-Feb,Medium,Class 10,CBSE,Trigonometry
1492,Mathematics,What is the Pythagorean theorem?,a² + b² = c²,Advanced,Class 12,NCERT,Triangles
1493,Mathematics,What is the area of a rectangle with length 11 cm and width 15 cm?,165 cm²,Medium,Class 6,NCERT,Mensuration
1494,Mathematics,What is the formula for the volume of a cylinder?,πr²h,Advanced,Class 8,CBSE,Mensuration
1495,Mathematics,What is the slope of the line y = 2x + 3?,2,Basic,Class 11,Nepal Curriculum,Coordinate Geometry
1496,Mathematics,What is 75 multiplied by 59?,4425,Medium,Class 9,CDC Nepal,Multiplication
1497,Mathematics,What is 83 multiplied by 37?,3071,Basic,Class 8,NCERT,Multiplication
1498,Mathematics,What is the area of a rectangle with length 14 cm and width 11 cm?,154 cm²,Advanced,Class 12,CBSE,Mensuration
1499,Mathematics,Find the probability of getting heads in a fair coin toss.,01-Feb,Medium,Class 10,CBSE,Probability
1500,Mathematics,What is the area of a rectangle with length 7 cm and width 3 cm?,21 cm²,Basic,Class 7,Nepal Curriculum,Mensuration
1501,Mathematics,Solve for x: 2x + 5 = 11,x = 3,Basic,Class 8,Nepal Curriculum,Linear Equations
1502,Mathematics,What is 54 multiplied by 90?,4860,Advanced,Class 7,CBSE,Multiplication
1503,Mathematics,Convert 0.75 to a fraction in lowest terms.,03-Apr,Medium,Class 6,Nepal Curriculum,Fractions and Decimals
1504,Mathematics,What is the number of sides in a hexagon?,6,Medium,Class 10,NCERT,Polygons
1505,Mathematics,What is 12 multiplied by 78?,936,Advanced,Class 7,NCERT,Multiplication
1506,Mathematics,What is the number of sides in a hexagon?,6,Medium,Class 11,Nepal Curriculum,Polygons
1507,Mathematics,What is the sum of 90 and 60?,150,Medium,Class 7,CDC Nepal,Addition
1508,Mathematics,Solve: 3y - 7 = 14,y = 7,Medium,Class 7,CDC Nepal,Linear Equations
1509,Mathematics,Solve the quadratic equation x² - 5x + 6 = 0,x=2 or x=3,Medium,Class 10,Nepal Curriculum,Quadratic Equations
1510,Mathematics,Find the simple interest on Rs. 1000 at 5% per annum for 2 years.,Rs. 100,Advanced,Class 8,CBSE,Commercial Mathematics
1511,Mathematics,Solve the quadratic equation x² - 5x + 6 = 0,x=2 or x=3,Basic,Class 10,CDC Nepal,Quadratic Equations
1512,Mathematics,What is 41 multiplied by 68?,2788,Basic,Class 7,CDC Nepal,Multiplication
1513,Mathematics,What is the area of a triangle with base 6 cm and height 8 cm?,24 cm²,Basic,Class 7,NCERT,Mensuration
1514,Mathematics,What is the sum of 11 and 92?,103,Medium,Class 9,Nepal Curriculum,Addition
1515,Mathematics,What is the area of a rectangle with length 5 cm and width 3 cm?,15 cm²,Medium,Class 6,NCERT,Mensuration
1516,Mathematics,What is the area of a rectangle with length 5 cm and width 3 cm?,15 cm²,Basic,Class 6,Nepal Curriculum,Mensuration
1517,Mathematics,What is the slope of the line y = 2x + 3?,2,Medium,Class 11,Nepal Curriculum,Coordinate Geometry
1518,Mathematics,Find the simple interest on Rs. 1000 at 5% per annum for 2 years.,Rs. 100,Basic,Class 8,NCERT,Commercial Mathematics
1519,Mathematics,What is 15 multiplied by 23?,345,Advanced,Class 8,CBSE,Multiplication
1520,Mathematics,Solve: 3y - 7 = 14,y = 7,Basic,Class 7,Nepal Curriculum,Linear Equations
1521,Mathematics,Solve: 3y - 7 = 14,y = 7,Medium,Class 7,CBSE,Linear Equations
1522,Mathematics,What is the area of a rectangle with length 14 cm and width 4 cm?,56 cm²,Advanced,Class 7,CDC Nepal,Mensuration
1523,Mathematics,Find the sum of interior angles of a triangle.,180 degrees,Basic,Class 7,CBSE,Geometry
1524,Mathematics,Find the value of tan 45°.,1,Basic,Class 10,CBSE,Trigonometry
1525,Mathematics,What is 77 multiplied by 52?,4004,Basic,Class 6,Nepal Curriculum,Multiplication
1526,Mathematics,What is the area of a rectangle with length 7 cm and width 8 cm?,56 cm²,Advanced,Class 7,NCERT,Mensuration
1527,Mathematics,Find the simple interest on Rs. 1000 at 5% per annum for 2 years.,Rs. 100,Advanced,Class 8,CBSE,Commercial Mathematics
1528,Mathematics,What is the HCF of 12 and 18?,6,Basic,Class 11,Nepal Curriculum,HCF and LCM
1529,Mathematics,What is the value of π approximately to two decimal places?,3.14,Medium,Class 9,CDC Nepal,Circles
1530,Mathematics,What is the formula for the volume of a cylinder?,πr²h,Advanced,Class 6,Nepal Curriculum,Mensuration
1531,Mathematics,What is the HCF of 12 and 18?,6,Basic,Class 6,CDC Nepal,HCF and LCM
1532,Mathematics,Find the simple interest on Rs. 1000 at 5% per annum for 2 years.,Rs. 100,Medium,Class 8,CDC Nepal,Commercial Mathematics
1533,Mathematics,What is the number of sides in a hexagon?,6,Medium,Class 11,Nepal Curriculum,Polygons
1534,Mathematics,Convert 0.75 to a fraction in lowest terms.,03-Apr,Medium,Class 6,CDC Nepal,Fractions and Decimals
1535,Mathematics,What is 63 multiplied by 77?,4851,Basic,Class 12,Nepal Curriculum,Multiplication
1536,Mathematics,What is 12 multiplied by 56?,672,Medium,Class 7,CDC Nepal,Multiplication
1537,Mathematics,Solve for x: 4x + 19 = 39,x = 5,Basic,Class 6,Nepal Curriculum,Linear Equations
1538,Mathematics,What is 38 multiplied by 17?,646,Medium,Class 10,Nepal Curriculum,Multiplication
1539,Mathematics,What is the HCF of 12 and 18?,6,Medium,Class 6,NCERT,HCF and LCM
1540,Mathematics,What is the area of a rectangle with length 13 cm and width 12 cm?,156 cm²,Medium,Class 9,NCERT,Mensuration
1541,Mathematics,What is the sum of 28 and 20?,48,Basic,Class 10,NCERT,Addition
1542,Mathematics,Solve: 3y - 7 = 14,y = 7,Basic,Class 7,Nepal Curriculum,Linear Equations
1543,Mathematics,Solve for x: 5x + 30 = 85,x = 11,Basic,Class 7,NCERT,Linear Equations
1544,Mathematics,What is the HCF of 12 and 18?,6,Basic,Class 6,NCERT,HCF and LCM
1545,Mathematics,What is 64 minus 97?,-33,Advanced,Class 7,CBSE,Subtraction
1546,Mathematics,Solve for x: 4x + 7 = 31,x = 6,Medium,Class 10,CDC Nepal,Linear Equations
1547,Mathematics,Solve for x: 3x + 17 = 23,x = 2,Basic,Class 7,Nepal Curriculum,Linear Equations
1548,Mathematics,What is the Pythagorean theorem?,a² + b² = c²,Advanced,Class 10,CDC Nepal,Triangles
1549,Mathematics,What is the number of sides in a hexagon?,6,Medium,Class 6,CDC Nepal,Polygons
1550,Mathematics,"Find the mean of the numbers 4, 7, 10, 13.",8.5,Advanced,Class 9,Nepal Curriculum,Statistics
1551,Mathematics,Find the sum of interior angles of a triangle.,180 degrees,Basic,Class 7,CBSE,Geometry
1552,Mathematics,Simplify: 2(x + 3) - 4x,-2x + 6,Basic,Class 8,NCERT,Algebra
1553,Mathematics,Find the value of tan 45°.,1,Basic,Class 10,CBSE,Trigonometry
1554,Mathematics,What is the value of sin 30°?,01-Feb,Advanced,Class 10,NCERT,Trigonometry
1555,Mathematics,What is the slope of the line y = 2x + 3?,2,Advanced,Class 11,CDC Nepal,Coordinate Geometry
1556,Mathematics,What is the circumference of a circle with radius 7 cm? (Use π=22/7),44 cm,Basic,Class 7,NCERT,Circles
1557,Mathematics,What is the area of a rectangle with length 8 cm and width 15 cm?,120 cm²,Medium,Class 12,CDC Nepal,Mensuration
1558,Mathematics,Solve for x: 2x + 21 = 55,x = 17,Basic,Class 7,Nepal Curriculum,Linear Equations
1559,Mathematics,What is the value of π approximately to two decimal places?,3.14,Medium,Class 9,NCERT,Circles
1560,Mathematics,What is the HCF of 12 and 18?,6,Advanced,Class 6,NCERT,HCF and LCM
1561,Mathematics,What is the number of sides in a hexagon?,6,Advanced,Class 6,Nepal Curriculum,Polygons
1562,Mathematics,Solve for x: 4x + 14 = 34,x = 5,Basic,Class 7,CBSE,Linear Equations
1563,Mathematics,What is the sum of 88 and 87?,175,Basic,Class 9,Nepal Curriculum,Addition
1564,Mathematics,What is the sum of 49 and 80?,129,Basic,Class 9,CDC Nepal,Addition
1565,Mathematics,What is the circumference of a circle with radius 7 cm? (Use π=22/7),44 cm,Basic,Class 7,CDC Nepal,Circles
1566,Mathematics,What is the slope of the line y = 2x + 3?,2,Medium,Class 11,NCERT,Coordinate Geometry
1567,Mathematics,What is the Pythagorean theorem?,a² + b² = c²,Medium,Class 8,CBSE,Triangles
1568,Mathematics,What is the slope of the line y = 2x + 3?,2,Advanced,Class 9,CDC Nepal,Coordinate Geometry
1569,Mathematics,Simplify: 2(x + 3) - 4x,-2x + 6,Medium,Class 8,Nepal Curriculum,Algebra
1570,Mathematics,Solve for x: 5x + 13 = 83,x = 14,Medium,Class 10,NCERT,Linear Equations
1571,Mathematics,What is the area of a rectangle with length 11 cm and width 3 cm?,33 cm²,Basic,Class 11,Nepal Curriculum,Mensuration
1572,Mathematics,What is the area of a rectangle with length 4 cm and width 6 cm?,24 cm²,Medium,Class 8,CDC Nepal,Mensuration
1573,Mathematics,Solve for x: 5x + 8 = 98,x = 18,Medium,Class 11,NCERT,Linear Equations
1574,Mathematics,Find the sum of interior angles of a triangle.,180 degrees,Medium,Class 7,CDC Nepal,Geometry
1575,Mathematics,What is the circumference of a circle with radius 7 cm? (Use π=22/7),44 cm,Basic,Class 7,CBSE,Circles
1576,Mathematics,What is 68 multiplied by 14?,952,Basic,Class 9,Nepal Curriculum,Multiplication
1577,Mathematics,Solve for x: 5x + 6 = 16,x = 2,Basic,Class 7,CBSE,Linear Equations
1578,Mathematics,What is 12 minus 97?,-85,Basic,Class 9,CBSE,Subtraction
1579,Mathematics,Solve the quadratic equation x² - 5x + 6 = 0,x=2 or x=3,Basic,Class 10,CDC Nepal,Quadratic Equations
1580,Mathematics,What is the area of a rectangle with length 5 cm and width 3 cm?,15 cm²,Medium,Class 6,CDC Nepal,Mensuration
1581,Mathematics,What is 16 minus 21?,-5,Basic,Class 10,CBSE,Subtraction
1582,Mathematics,Solve for x: 5x + 20 = 90,x = 14,Basic,Class 8,Nepal Curriculum,Linear Equations
1583,Mathematics,Convert 0.75 to a fraction in lowest terms.,03-Apr,Medium,Class 9,Nepal Curriculum,Fractions and Decimals
1584,Mathematics,What is the slope of the line y = 2x + 3?,2,Advanced,Class 11,CBSE,Coordinate Geometry
1585,Mathematics,What is 68 minus 28?,40,Advanced,Class 12,CBSE,Subtraction
1586,Mathematics,Solve: 3y - 7 = 14,y = 7,Medium,Class 7,NCERT,Linear Equations
1587,Mathematics,What is the area of a rectangle with length 12 cm and width 4 cm?,48 cm²,Basic,Class 12,NCERT,Mensuration
1588,Mathematics,What is the value of sin 30°?,01-Feb,Medium,Class 10,Nepal Curriculum,Trigonometry
1589,Mathematics,What is the slope of the line y = 2x + 3?,2,Medium,Class 7,NCERT,Coordinate Geometry
1590,Mathematics,"Find the mean of the numbers 4, 7, 10, 13.",8.5,Basic,Class 9,CBSE,Statistics
1591,Mathematics,What is the area of a rectangle with length 10 cm and width 9 cm?,90 cm²,Basic,Class 12,CDC Nepal,Mensuration
1592,Mathematics,Convert 0.75 to a fraction in lowest terms.,03-Apr,Medium,Class 6,CBSE,Fractions and Decimals
1593,Mathematics,Solve the quadratic equation x² - 5x + 6 = 0,x=2 or x=3,Medium,Class 10,CBSE,Quadratic Equations
1594,Mathematics,Find the value of tan 45°.,1,Basic,Class 10,CDC Nepal,Trigonometry
1595,Mathematics,Solve: 3y - 7 = 14,y = 7,Advanced,Class 7,NCERT,Linear Equations
1596,Mathematics,What is the area of a rectangle with length 12 cm and width 9 cm?,108 cm²,Basic,Class 12,NCERT,Mensuration
1597,Mathematics,What is the area of a rectangle with length 11 cm and width 12 cm?,132 cm²,Advanced,Class 12,NCERT,Mensuration
1598,Mathematics,What is 68 minus 80?,-12,Medium,Class 12,NCERT,Subtraction
1599,Mathematics,Find the simple interest on Rs. 1000 at 5% per annum for 2 years.,Rs. 100,Basic,Class 8,CDC Nepal,Commercial Mathematics
1600,Mathematics,What is 57 multiplied by 38?,2166,Advanced,Class 12,CBSE,Multiplication
1601,Mathematics,What is the formula for the volume of a cylinder?,πr²h,Medium,Class 8,CDC Nepal,Mensuration
1602,Mathematics,What is 29 multiplied by 57?,1653,Medium,Class 6,CBSE,Multiplication
1603,Mathematics,What is the slope of the line y = 2x + 3?,2,Medium,Class 11,CDC Nepal,Coordinate Geometry
1604,Mathematics,What is the number of sides in a hexagon?,6,Medium,Class 6,NCERT,Polygons
1605,Mathematics,What is the value of π approximately to two decimal places?,3.14,Medium,Class 10,Nepal Curriculum,Circles
1606,Mathematics,Solve for x: 3x + 21 = 33,x = 4,Basic,Class 8,NCERT,Linear Equations
1607,Mathematics,Solve the quadratic equation x² - 5x + 6 = 0,x=2 or x=3,Medium,Class 12,CBSE,Quadratic Equations
1608,Mathematics,What is the area of a rectangle with length 5 cm and width 3 cm?,15 cm²,Basic,Class 6,NCERT,Mensuration
1609,Mathematics,What is the area of a rectangle with length 11 cm and width 4 cm?,44 cm²,Basic,Class 10,CDC Nepal,Mensuration
1610,Mathematics,What is the HCF of 12 and 18?,6,Medium,Class 6,CBSE,HCF and LCM
1611,Mathematics,What is the number of sides in a hexagon?,6,Basic,Class 6,Nepal Curriculum,Polygons
1612,Mathematics,Solve for x: 2x + 5 = 11,x = 3,Advanced,Class 7,CBSE,Linear Equations
1613,Mathematics,What is the HCF of 12 and 18?,6,Advanced,Class 6,NCERT,HCF and LCM
1614,Mathematics,Find the value of tan 45°.,1,Basic,Class 10,Nepal Curriculum,Trigonometry
1615,Mathematics,Solve the quadratic equation x² - 5x + 6 = 0,x=2 or x=3,Basic,Class 10,CDC Nepal,Quadratic Equations
1616,Mathematics,What is the sum of 12 and 62?,74,Basic,Class 12,CDC Nepal,Addition
1617,Mathematics,Solve for x: 5x + 30 = 85,x = 11,Basic,Class 6,Nepal Curriculum,Linear Equations
1618,Mathematics,What is the smallest prime number?,2,Basic,Class 6,NCERT,Prime Numbers
1619,Mathematics,What is the circumference of a circle with radius 7 cm? (Use π=22/7),44 cm,Medium,Class 7,NCERT,Circles
1620,Mathematics,What is the formula for the volume of a cylinder?,πr²h,Basic,Class 8,NCERT,Mensuration
1621,Mathematics,What is the sum of 56 and 24?,80,Advanced,Class 10,NCERT,Addition
1622,Mathematics,Find the probability of getting heads in a fair coin toss.,01-Feb,Basic,Class 7,CDC Nepal,Probability
1623,Mathematics,Find the simple interest on Rs. 1000 at 5% per annum for 2 years.,Rs. 100,Basic,Class 8,CBSE,Commercial Mathematics
1624,Mathematics,What is the area of a rectangle with length 10 cm and width 9 cm?,90 cm²,Medium,Class 11,CDC Nepal,Mensuration
1625,Mathematics,What is the area of a rectangle with length 14 cm and width 7 cm?,98 cm²,Basic,Class 8,CDC Nepal,Mensuration
1626,Mathematics,What is the slope of the line y = 2x + 3?,2,Medium,Class 11,Nepal Curriculum,Coordinate Geometry
1627,Mathematics,Solve for x: 4x + 24 = 60,x = 9,Medium,Class 9,NCERT,Linear Equations
1628,Mathematics,Solve for x: 5x + 10 = 25,x = 3,Medium,Class 9,NCERT,Linear Equations
1629,Mathematics,Solve for x: 4x + 17 = 85,x = 17,Basic,Class 8,NCERT,Linear Equations
1630,Mathematics,What is the circumference of a circle with radius 7 cm? (Use π=22/7),44 cm,Medium,Class 7,Nepal Curriculum,Circles
1631,Mathematics,What is the area of a rectangle with length 5 cm and width 3 cm?,15 cm²,Basic,Class 6,CBSE,Mensuration
1632,Mathematics,What is the circumference of a circle with radius 7 cm? (Use π=22/7),44 cm,Basic,Class 7,CBSE,Circles
1633,Mathematics,Solve for x: 3x + 22 = 55,x = 11,Medium,Class 11,NCERT,Linear Equations
1634,Mathematics,Find the value of tan 45°.,1,Basic,Class 10,Nepal Curriculum,Trigonometry
1635,Mathematics,What is the formula for the volume of a cylinder?,πr²h,Advanced,Class 8,NCERT,Mensuration
1636,Mathematics,Solve for x: 3x + 11 = 44,x = 11,Medium,Class 11,NCERT,Linear Equations
1637,Mathematics,Solve for x: 5x + 10 = 30,x = 4,Medium,Class 9,CBSE,Linear Equations
1638,Mathematics,Solve for x: 2x + 19 = 57,x = 19,Basic,Class 7,CBSE,Linear Equations
1639,Mathematics,What is the value of π approximately to two decimal places?,3.14,Basic,Class 9,NCERT,Circles
1640,Mathematics,What is the smallest prime number?,2,Basic,Class 6,NCERT,Prime Numbers
1641,Mathematics,Solve for x: 5x + 7 = 67,x = 12,Medium,Class 9,CBSE,Linear Equations
1642,Mathematics,What is the area of a rectangle with length 10 cm and width 10 cm?,100 cm²,Medium,Class 6,NCERT,Mensuration
1643,Mathematics,What is the sum of 11 and 27?,38,Basic,Class 10,CBSE,Addition
1644,Mathematics,What is 34 multiplied by 57?,1938,Medium,Class 11,NCERT,Multiplication
1645,Mathematics,Solve for x: 2x + 5 = 11,x = 3,Basic,Class 12,NCERT,Linear Equations
1646,Mathematics,Simplify: 2(x + 3) - 4x,-2x + 6,Basic,Class 8,CBSE,Algebra
1647,Mathematics,What is the area of a rectangle with length 5 cm and width 12 cm?,60 cm²,Medium,Class 12,CDC Nepal,Mensuration
1648,Mathematics,What is the circumference of a circle with radius 7 cm? (Use π=22/7),44 cm,Basic,Class 7,CDC Nepal,Circles
1649,Mathematics,What is the area of a rectangle with length 13 cm and width 10 cm?,130 cm²,Basic,Class 11,CBSE,Mensuration
1650,Mathematics,Find the simple interest on Rs. 1000 at 5% per annum for 2 years.,Rs. 100,Basic,Class 8,CBSE,Commercial Mathematics
1651,Mathematics,What is the area of a rectangle with length 6 cm and width 13 cm?,78 cm²,Basic,Class 11,Nepal Curriculum,Mensuration
1652,Mathematics,What is 95 minus 37?,58,Medium,Class 6,CDC Nepal,Subtraction
1653,Mathematics,Find the sum of interior angles of a triangle.,180 degrees,Medium,Class 7,CBSE,Geometry
1654,Mathematics,What is the area of a rectangle with length 11 cm and width 4 cm?,44 cm²,Advanced,Class 8,Nepal Curriculum,Mensuration
1655,Mathematics,"Find the mean of the numbers 4, 7, 10, 13.",8.5,Medium,Class 9,Nepal Curriculum,Statistics
1656,Mathematics,Solve for x: 2x + 9 = 29,x = 10,Basic,Class 7,CDC Nepal,Linear Equations
1657,Mathematics,What is 68 minus 33?,35,Basic,Class 11,NCERT,Subtraction
1658,Mathematics,Solve for x: 2x + 16 = 52,x = 18,Medium,Class 10,CDC Nepal,Linear Equations
1659,Mathematics,What is the value of π approximately to two decimal places?,3.14,Advanced,Class 9,CBSE,Circles
1660,Mathematics,What is the formula for the volume of a cylinder?,πr²h,Medium,Class 8,NCERT,Mensuration
1661,Mathematics,Solve for x: 3x + 24 = 63,x = 13,Medium,Class 11,CBSE,Linear Equations
1662,Mathematics,What is the sum of 16 and 92?,108,Advanced,Class 9,NCERT,Addition
1663,Mathematics,Solve for x: 2x + 5 = 11,x = 3,Basic,Class 7,CBSE,Linear Equations
1664,Mathematics,Convert 0.75 to a fraction in lowest terms.,03-Apr,Basic,Class 6,NCERT,Fractions and Decimals
1665,Mathematics,Solve for x: 3x + 28 = 40,x = 4,Medium,Class 11,CBSE,Linear Equations
1666,Mathematics,What is the area of a rectangle with length 14 cm and width 12 cm?,168 cm²,Basic,Class 7,CBSE,Mensuration
1667,Mathematics,What is the area of a rectangle with length 14 cm and width 6 cm?,84 cm²,Basic,Class 6,Nepal Curriculum,Mensuration
1668,Mathematics,What is the area of a rectangle with length 5 cm and width 3 cm?,15 cm²,Basic,Class 6,CBSE,Mensuration
1669,Mathematics,Solve for x: 3x + 13 = 16,x = 1,Basic,Class 7,NCERT,Linear Equations
1670,Mathematics,What is the smallest prime number?,2,Advanced,Class 6,CDC Nepal,Prime Numbers
1671,Mathematics,What is 12 multiplied by 82?,984,Basic,Class 9,CBSE,Multiplication
1672,Mathematics,Find the sum of interior angles of a triangle.,180 degrees,Advanced,Class 10,NCERT,Geometry
1673,Mathematics,What is the circumference of a circle with radius 7 cm? (Use π=22/7),44 cm,Advanced,Class 9,NCERT,Circles
1674,Mathematics,What is the value of π approximately to two decimal places?,3.14,Advanced,Class 9,Nepal Curriculum,Circles
1675,Mathematics,Find the sum of interior angles of a triangle.,180 degrees,Advanced,Class 7,Nepal Curriculum,Geometry
1676,Mathematics,Find the value of tan 45°.,1,Advanced,Class 10,CDC Nepal,Trigonometry
1677,Mathematics,What is the circumference of a circle with radius 7 cm? (Use π=22/7),44 cm,Basic,Class 11,NCERT,Circles
1678,Mathematics,What is the area of a rectangle with length 6 cm and width 12 cm?,72 cm²,Basic,Class 12,CDC Nepal,Mensuration
1679,Mathematics,Solve for x: 2x + 28 = 60,x = 16,Medium,Class 10,CDC Nepal,Linear Equations
1680,Mathematics,What is the value of sin 30°?,01-Feb,Advanced,Class 10,NCERT,Trigonometry
1681,Mathematics,What is the area of a rectangle with length 5 cm and width 3 cm?,15 cm²,Medium,Class 6,CDC Nepal,Mensuration
1682,Mathematics,What is the Pythagorean theorem?,a² + b² = c²,Basic,Class 9,CDC Nepal,Triangles
1683,Mathematics,What is the area of a rectangle with length 13 cm and width 4 cm?,52 cm²,Advanced,Class 7,Nepal Curriculum,Mensuration
1684,Mathematics,What is the sum of 98 and 52?,150,Advanced,Class 11,NCERT,Addition
1685,Mathematics,What is the area of a rectangle with length 15 cm and width 11 cm?,165 cm²,Advanced,Class 9,CDC Nepal,Mensuration
1686,Mathematics,Solve for x: 2x + 15 = 23,x = 4,Basic,Class 7,Nepal Curriculum,Linear Equations
1687,Mathematics,What is 50 multiplied by 58?,2900,Advanced,Class 6,NCERT,Multiplication
1688,Mathematics,What is the slope of the line y = 2x + 3?,2,Advanced,Class 11,CDC Nepal,Coordinate Geometry
1689,Mathematics,What is the area of a rectangle with length 12 cm and width 12 cm?,144 cm²,Medium,Class 8,Nepal Curriculum,Mensuration
1690,Mathematics,What is the smallest prime number?,2,Advanced,Class 6,CDC Nepal,Prime Numbers
1691,Mathematics,Simplify: 2(x + 3) - 4x,-2x + 6,Basic,Class 8,CDC Nepal,Algebra
1692,Mathematics,Simplify: 2(x + 3) - 4x,-2x + 6,Basic,Class 8,NCERT,Algebra
1693,Mathematics,Solve for x: 5x + 25 = 120,x = 19,Basic,Class 8,Nepal Curriculum,Linear Equations
1694,Mathematics,What is the circumference of a circle with radius 7 cm? (Use π=22/7),44 cm,Medium,Class 11,Nepal Curriculum,Circles
1695,Mathematics,What is the area of a rectangle with length 3 cm and width 15 cm?,45 cm²,Advanced,Class 7,Nepal Curriculum,Mensuration
1696,Mathematics,Solve the quadratic equation x² - 5x + 6 = 0,x=2 or x=3,Medium,Class 11,NCERT,Quadratic Equations
1697,Mathematics,What is the value of π approximately to two decimal places?,3.14,Medium,Class 8,CDC Nepal,Circles
1698,Mathematics,Simplify: 2(x + 3) - 4x,-2x + 6,Medium,Class 8,Nepal Curriculum,Algebra
1699,Mathematics,What is 84 multiplied by 16?,1344,Medium,Class 10,CBSE,Multiplication
1700,Mathematics,Solve for x: 4x + 9 = 73,x = 16,Basic,Class 7,Nepal Curriculum,Linear Equations
1701,Mathematics,What is the value of sin 30°?,01-Feb,Advanced,Class 10,NCERT,Trigonometry
1702,Mathematics,What is the slope of the line y = 2x + 3?,2,Basic,Class 11,Nepal Curriculum,Coordinate Geometry
1703,Mathematics,Solve: 3y - 7 = 14,y = 7,Advanced,Class 7,Nepal Curriculum,Linear Equations
1704,Mathematics,What is 16 multiplied by 25?,400,Medium,Class 6,CBSE,Multiplication
1705,Mathematics,What is 25 minus 40?,-15,Advanced,Class 7,CDC Nepal,Subtraction
1706,Mathematics,Find the value of tan 45°.,1,Basic,Class 10,CDC Nepal,Trigonometry
1707,Mathematics,What is the number of sides in a hexagon?,6,Advanced,Class 12,CDC Nepal,Polygons
1708,Mathematics,What is the number of sides in a hexagon?,6,Medium,Class 6,NCERT,Polygons
1709,Mathematics,What is the area of a rectangle with length 5 cm and width 3 cm?,15 cm²,Basic,Class 6,Nepal Curriculum,Mensuration
1710,Mathematics,What is the slope of the line y = 2x + 3?,2,Advanced,Class 11,CBSE,Coordinate Geometry
1711,Mathematics,Solve for x: 4x + 23 = 79,x = 14,Basic,Class 6,Nepal Curriculum,Linear Equations
1712,Mathematics,What is the area of a rectangle with length 5 cm and width 3 cm?,15 cm²,Advanced,Class 6,Nepal Curriculum,Mensuration
1713,Mathematics,What is the area of a rectangle with length 11 cm and width 15 cm?,165 cm²,Basic,Class 11,CDC Nepal,Mensuration
1714,Mathematics,What is the slope of the line y = 2x + 3?,2,Advanced,Class 11,NCERT,Coordinate Geometry
1715,Mathematics,What is the sum of 86 and 98?,184,Advanced,Class 7,NCERT,Addition
1716,Mathematics,What is 83 multiplied by 36?,2988,Medium,Class 12,Nepal Curriculum,Multiplication
1717,Mathematics,What is the formula for the volume of a cylinder?,πr²h,Basic,Class 8,NCERT,Mensuration
1718,Mathematics,Solve for x: 3x + 14 = 17,x = 1,Basic,Class 8,NCERT,Linear Equations
1719,Mathematics,What is 72 minus 98?,-26,Medium,Class 10,CBSE,Subtraction
1720,Mathematics,What is the area of a rectangle with length 3 cm and width 6 cm?,18 cm²,Basic,Class 10,NCERT,Mensuration
1721,Mathematics,Simplify: 2(x + 3) - 4x,-2x + 6,Basic,Class 8,Nepal Curriculum,Algebra
1722,Mathematics,What is 42 minus 43?,-1,Basic,Class 8,Nepal Curriculum,Subtraction
1723,Mathematics,What is the HCF of 12 and 18?,6,Medium,Class 6,Nepal Curriculum,HCF and LCM
1724,Mathematics,What is the formula for the volume of a cylinder?,πr²h,Advanced,Class 8,Nepal Curriculum,Mensuration
1725,Mathematics,Solve for x: 4x + 30 = 50,x = 5,Medium,Class 10,CDC Nepal,Linear Equations
1726,Mathematics,Find the value of tan 45°.,1,Basic,Class 10,CBSE,Trigonometry
1727,Mathematics,Find the sum of interior angles of a triangle.,180 degrees,Advanced,Class 7,CDC Nepal,Geometry
1728,Mathematics,What is the number of sides in a hexagon?,6,Basic,Class 6,CBSE,Polygons
1729,Mathematics,What is 58 minus 38?,20,Basic,Class 7,NCERT,Subtraction
1730,Mathematics,What is the area of a rectangle with length 15 cm and width 10 cm?,150 cm²,Basic,Class 6,NCERT,Mensuration
1731,Mathematics,What is the area of a rectangle with length 12 cm and width 4 cm?,48 cm²,Advanced,Class 11,NCERT,Mensuration
1732,Mathematics,What is the value of π approximately to two decimal places?,3.14,Basic,Class 9,CDC Nepal,Circles
1733,Mathematics,What is the area of a rectangle with length 14 cm and width 5 cm?,70 cm²,Medium,Class 7,Nepal Curriculum,Mensuration
1734,Mathematics,What is the slope of the line y = 2x + 3?,2,Advanced,Class 11,NCERT,Coordinate Geometry
1735,Mathematics,What is the area of a rectangle with length 9 cm and width 14 cm?,126 cm²,Medium,Class 11,CDC Nepal,Mensuration
1736,Mathematics,"Find the mean of the numbers 4, 7, 10, 13.",8.5,Medium,Class 9,CBSE,Statistics
1737,Mathematics,Solve: 3y - 7 = 14,y = 7,Advanced,Class 7,Nepal Curriculum,Linear Equations
1738,Mathematics,What is the area of a rectangle with length 5 cm and width 3 cm?,15 cm²,Medium,Class 6,CBSE,Mensuration
1739,Mathematics,What is the area of a rectangle with length 4 cm and width 5 cm?,20 cm²,Basic,Class 11,NCERT,Mensuration
1740,Mathematics,Simplify: 2(x + 3) - 4x,-2x + 6,Advanced,Class 8,NCERT,Algebra
1741,Mathematics,Solve for x: 2x + 17 = 51,x = 17,Medium,Class 9,NCERT,Linear Equations
1742,Mathematics,What is the area of a rectangle with length 14 cm and width 11 cm?,154 cm²,Advanced,Class 12,CBSE,Mensuration
1743,Mathematics,What is the area of a triangle with base 6 cm and height 8 cm?,24 cm²,Advanced,Class 7,NCERT,Mensuration
1744,Mathematics,What is 56 multiplied by 27?,1512,Advanced,Class 7,CBSE,Multiplication
1745,Mathematics,What is 24 multiplied by 53?,1272,Medium,Class 9,Nepal Curriculum,Multiplication
1746,Mathematics,Solve for x: 4x + 11 = 51,x = 10,Medium,Class 12,NCERT,Linear Equations
1747,Mathematics,What is the number of sides in a hexagon?,6,Medium,Class 10,NCERT,Polygons
1748,Mathematics,Solve for x: 5x + 15 = 115,x = 20,Medium,Class 10,CBSE,Linear Equations
1749,Mathematics,What is the smallest prime number?,2,Medium,Class 6,Nepal Curriculum,Prime Numbers
1750,Mathematics,Solve for x: 3x + 18 = 27,x = 3,Basic,Class 6,NCERT,Linear Equations
1751,Mathematics,What is 60 minus 57?,3,Basic,Class 6,CBSE,Subtraction
1752,Mathematics,What is 66 minus 94?,-28,Advanced,Class 7,Nepal Curriculum,Subtraction
1753,Mathematics,Solve: 3y - 7 = 14,y = 7,Basic,Class 7,Nepal Curriculum,Linear Equations
1754,Mathematics,Simplify: 2(x + 3) - 4x,-2x + 6,Basic,Class 8,CDC Nepal,Algebra
1755,Mathematics,What is the area of a rectangle with length 10 cm and width 13 cm?,130 cm²,Basic,Class 8,CBSE,Mensuration
1756,Mathematics,Find the simple interest on Rs. 1000 at 5% per annum for 2 years.,Rs. 100,Advanced,Class 8,Nepal Curriculum,Commercial Mathematics
1757,Mathematics,What is the value of π approximately to two decimal places?,3.14,Advanced,Class 9,CDC Nepal,Circles
1758,Mathematics,Find the sum of interior angles of a triangle.,180 degrees,Basic,Class 7,Nepal Curriculum,Geometry
1759,Mathematics,What is the smallest prime number?,2,Advanced,Class 6,NCERT,Prime Numbers
1760,Mathematics,Solve for x: 4x + 20 = 60,x = 10,Basic,Class 8,NCERT,Linear Equations
1761,Mathematics,What is the area of a rectangle with length 5 cm and width 6 cm?,30 cm²,Advanced,Class 7,CBSE,Mensuration
1762,Mathematics,What is the area of a rectangle with length 9 cm and width 6 cm?,54 cm²,Medium,Class 12,CDC Nepal,Mensuration
1763,Mathematics,What is 85 multiplied by 90?,7650,Basic,Class 12,Nepal Curriculum,Multiplication
1764,Mathematics,What is the HCF of 12 and 18?,6,Medium,Class 6,CBSE,HCF and LCM
1765,Mathematics,What is the area of a rectangle with length 4 cm and width 3 cm?,12 cm²,Medium,Class 7,CDC Nepal,Mensuration
1766,Mathematics,What is the sum of 64 and 71?,135,Advanced,Class 8,CDC Nepal,Addition
1767,Mathematics,Solve for x: 5x + 12 = 72,x = 12,Basic,Class 8,CBSE,Linear Equations
1768,Mathematics,What is 51 minus 37?,14,Basic,Class 7,CDC Nepal,Subtraction
1769,Mathematics,Find the value of tan 45°.,1,Basic,Class 10,Nepal Curriculum,Trigonometry
1770,Mathematics,Find the simple interest on Rs. 1000 at 5% per annum for 2 years.,Rs. 100,Medium,Class 8,CBSE,Commercial Mathematics
1771,Mathematics,What is the smallest prime number?,2,Advanced,Class 6,Nepal Curriculum,Prime Numbers
1772,Mathematics,"Find the mean of the numbers 4, 7, 10, 13.",8.5,Advanced,Class 9,CBSE,Statistics
1773,Mathematics,What is the formula for the volume of a cylinder?,πr²h,Basic,Class 8,CDC Nepal,Mensuration
1774,Mathematics,Find the sum of interior angles of a triangle.,180 degrees,Basic,Class 7,NCERT,Geometry
1775,Mathematics,What is the number of sides in a hexagon?,6,Basic,Class 6,CDC Nepal,Polygons
1776,Mathematics,Solve for x: 3x + 22 = 70,x = 16,Basic,Class 6,Nepal Curriculum,Linear Equations
1777,Mathematics,What is the value of sin 30°?,01-Feb,Medium,Class 10,CBSE,Trigonometry
1778,Mathematics,What is the Pythagorean theorem?,a² + b² = c²,Advanced,Class 12,NCERT,Triangles
1779,Mathematics,What is the area of a rectangle with length 11 cm and width 15 cm?,165 cm²,Medium,Class 6,NCERT,Mensuration
1780,Mathematics,What is the formula for the volume of a cylinder?,πr²h,Advanced,Class 8,CBSE,Mensuration
1781,Mathematics,What is the slope of the line y = 2x + 3?,2,Basic,Class 11,Nepal Curriculum,Coordinate Geometry
1782,Mathematics,What is 75 multiplied by 59?,4425,Medium,Class 9,CDC Nepal,Multiplication
1783,Mathematics,What is 83 multiplied by 37?,3071,Basic,Class 8,NCERT,Multiplication
1784,Mathematics,What is the area of a rectangle with length 14 cm and width 11 cm?,154 cm²,Advanced,Class 12,CBSE,Mensuration
1785,Mathematics,Find the probability of getting heads in a fair coin toss.,01-Feb,Medium,Class 10,CBSE,Probability
1786,Mathematics,What is the area of a rectangle with length 7 cm and width 3 cm?,21 cm²,Basic,Class 7,Nepal Curriculum,Mensuration
1787,Mathematics,Solve for x: 2x + 5 = 11,x = 3,Basic,Class 8,Nepal Curriculum,Linear Equations
1788,Mathematics,What is 54 multiplied by 90?,4860,Advanced,Class 7,CBSE,Multiplication
1789,Mathematics,Convert 0.75 to a fraction in lowest terms.,03-Apr,Medium,Class 6,Nepal Curriculum,Fractions and Decimals
1790,Mathematics,What is the number of sides in a hexagon?,6,Medium,Class 10,NCERT,Polygons
1791,Mathematics,What is 12 multiplied by 78?,936,Advanced,Class 7,NCERT,Multiplication
1792,Mathematics,What is the number of sides in a hexagon?,6,Medium,Class 11,Nepal Curriculum,Polygons
1793,Mathematics,What is the sum of 90 and 60?,150,Medium,Class 7,CDC Nepal,Addition
1794,Mathematics,Solve: 3y - 7 = 14,y = 7,Medium,Class 7,CDC Nepal,Linear Equations
1795,Mathematics,Solve the quadratic equation x² - 5x + 6 = 0,x=2 or x=3,Medium,Class 10,Nepal Curriculum,Quadratic Equations
1796,Mathematics,Find the simple interest on Rs. 1000 at 5% per annum for 2 years.,Rs. 100,Advanced,Class 8,CBSE,Commercial Mathematics
1797,Mathematics,Solve the quadratic equation x² - 5x + 6 = 0,x=2 or x=3,Basic,Class 10,CDC Nepal,Quadratic Equations
1798,Mathematics,What is 41 multiplied by 68?,2788,Basic,Class 7,CDC Nepal,Multiplication
1799,Mathematics,What is the area of a triangle with base 6 cm and height 8 cm?,24 cm²,Basic,Class 7,NCERT,Mensuration
1800,Mathematics,What is the sum of 11 and 92?,103,Medium,Class 9,Nepal Curriculum,Addition
1801,Mathematics,What is the area of a rectangle with length 5 cm and width 3 cm?,15 cm²,Medium,Class 6,NCERT,Mensuration
1802,Mathematics,What is the area of a rectangle with length 5 cm and width 3 cm?,15 cm²,Basic,Class 6,Nepal Curriculum,Mensuration
1803,Mathematics,What is the slope of the line y = 2x + 3?,2,Medium,Class 11,Nepal Curriculum,Coordinate Geometry
1804,Mathematics,Find the simple interest on Rs. 1000 at 5% per annum for 2 years.,Rs. 100,Basic,Class 8,NCERT,Commercial Mathematics
1805,Mathematics,What is 15 multiplied by 23?,345,Advanced,Class 8,CBSE,Multiplication
1806,Mathematics,Solve: 3y - 7 = 14,y = 7,Basic,Class 7,Nepal Curriculum,Linear Equations
1807,Mathematics,Solve: 3y - 7 = 14,y = 7,Medium,Class 7,CBSE,Linear Equations
1808,Mathematics,What is the area of a rectangle with length 14 cm and width 4 cm?,56 cm²,Advanced,Class 7,CDC Nepal,Mensuration
1809,Mathematics,Find the sum of interior angles of a triangle.,180 degrees,Basic,Class 7,CBSE,Geometry
1810,Mathematics,Find the value of tan 45°.,1,Basic,Class 10,CBSE,Trigonometry
1811,Mathematics,What is 77 multiplied by 52?,4004,Basic,Class 6,Nepal Curriculum,Multiplication
1812,Mathematics,What is the area of a rectangle with length 7 cm and width 8 cm?,56 cm²,Advanced,Class 7,NCERT,Mensuration
1813,Mathematics,Find the simple interest on Rs. 1000 at 5% per annum for 2 years.,Rs. 100,Advanced,Class 8,CBSE,Commercial Mathematics
1814,Mathematics,What is the HCF of 12 and 18?,6,Basic,Class 11,Nepal Curriculum,HCF and LCM
1815,Mathematics,What is the value of π approximately to two decimal places?,3.14,Medium,Class 9,CDC Nepal,Circles
1816,Mathematics,What is the formula for the volume of a cylinder?,πr²h,Advanced,Class 6,Nepal Curriculum,Mensuration
1817,Mathematics,What is the HCF of 12 and 18?,6,Basic,Class 6,CDC Nepal,HCF and LCM
1818,Mathematics,Find the simple interest on Rs. 1000 at 5% per annum for 2 years.,Rs. 100,Medium,Class 8,CDC Nepal,Commercial Mathematics
1819,Mathematics,What is the number of sides in a hexagon?,6,Medium,Class 11,Nepal Curriculum,Polygons
1820,Mathematics,Convert 0.75 to a fraction in lowest terms.,03-Apr,Medium,Class 6,CDC Nepal,Fractions and Decimals
1821,Mathematics,What is 63 multiplied by 77?,4851,Basic,Class 12,Nepal Curriculum,Multiplication
1822,Mathematics,What is 12 multiplied by 56?,672,Medium,Class 7,CDC Nepal,Multiplication
1823,Mathematics,Solve for x: 4x + 19 = 39,x = 5,Basic,Class 6,Nepal Curriculum,Linear Equations
1824,Mathematics,What is 38 multiplied by 17?,646,Medium,Class 10,Nepal Curriculum,Multiplication
1825,Mathematics,What is the HCF of 12 and 18?,6,Medium,Class 6,NCERT,HCF and LCM
1826,Mathematics,What is the area of a rectangle with length 13 cm and width 12 cm?,156 cm²,Medium,Class 9,NCERT,Mensuration
1827,Mathematics,What is the sum of 28 and 20?,48,Basic,Class 10,NCERT,Addition
1828,Mathematics,Solve: 3y - 7 = 14,y = 7,Basic,Class 7,Nepal Curriculum,Linear Equations
1829,Mathematics,Solve for x: 5x + 30 = 85,x = 11,Basic,Class 7,NCERT,Linear Equations
1830,Mathematics,What is the HCF of 12 and 18?,6,Basic,Class 6,NCERT,HCF and LCM
1831,Mathematics,What is 64 minus 97?,-33,Advanced,Class 7,CBSE,Subtraction
1832,Mathematics,Solve for x: 4x + 7 = 31,x = 6,Medium,Class 10,CDC Nepal,Linear Equations
1833,Mathematics,Solve for x: 3x + 17 = 23,x = 2,Basic,Class 7,Nepal Curriculum,Linear Equations
1834,Mathematics,What is the Pythagorean theorem?,a² + b² = c²,Advanced,Class 10,CDC Nepal,Triangles
1835,Mathematics,What is the number of sides in a hexagon?,6,Medium,Class 6,CDC Nepal,Polygons
1836,Mathematics,"Find the mean of the numbers 4, 7, 10, 13.",8.5,Advanced,Class 9,Nepal Curriculum,Statistics
1837,Mathematics,Find the sum of interior angles of a triangle.,180 degrees,Basic,Class 7,CBSE,Geometry
1838,Mathematics,Simplify: 2(x + 3) - 4x,-2x + 6,Basic,Class 8,NCERT,Algebra
1839,Mathematics,Find the value of tan 45°.,1,Basic,Class 10,CBSE,Trigonometry
1840,Mathematics,What is the value of sin 30°?,01-Feb,Advanced,Class 10,NCERT,Trigonometry
1841,Mathematics,What is the slope of the line y = 2x + 3?,2,Advanced,Class 11,CDC Nepal,Coordinate Geometry
1842,Mathematics,What is the circumference of a circle with radius 7 cm? (Use π=22/7),44 cm,Basic,Class 7,NCERT,Circles
1843,Mathematics,What is the area of a rectangle with length 8 cm and width 15 cm?,120 cm²,Medium,Class 12,CDC Nepal,Mensuration
1844,Mathematics,Solve for x: 2x + 21 = 55,x = 17,Basic,Class 7,Nepal Curriculum,Linear Equations
1845,Mathematics,What is the value of π approximately to two decimal places?,3.14,Medium,Class 9,NCERT,Circles
1846,Mathematics,What is the HCF of 12 and 18?,6,Advanced,Class 6,NCERT,HCF and LCM
1847,Mathematics,What is the number of sides in a hexagon?,6,Advanced,Class 6,Nepal Curriculum,Polygons
1848,Mathematics,Solve for x: 4x + 14 = 34,x = 5,Basic,Class 7,CBSE,Linear Equations
1849,Mathematics,What is the sum of 88 and 87?,175,Basic,Class 9,Nepal Curriculum,Addition
1850,Mathematics,What is the sum of 49 and 80?,129,Basic,Class 9,CDC Nepal,Addition
1851,Mathematics,What is the circumference of a circle with radius 7 cm? (Use π=22/7),44 cm,Basic,Class 7,CDC Nepal,Circles
1852,Mathematics,What is the slope of the line y = 2x + 3?,2,Medium,Class 11,NCERT,Coordinate Geometry
1853,Mathematics,What is the Pythagorean theorem?,a² + b² = c²,Medium,Class 8,CBSE,Triangles
1854,Mathematics,What is the slope of the line y = 2x + 3?,2,Advanced,Class 9,CDC Nepal,Coordinate Geometry
1855,Mathematics,Simplify: 2(x + 3) - 4x,-2x + 6,Medium,Class 8,Nepal Curriculum,Algebra
1856,Mathematics,Solve for x: 5x + 13 = 83,x = 14,Medium,Class 10,NCERT,Linear Equations
1857,Mathematics,What is the area of a rectangle with length 11 cm and width 3 cm?,33 cm²,Basic,Class 11,Nepal Curriculum,Mensuration
1858,Mathematics,What is the area of a rectangle with length 4 cm and width 6 cm?,24 cm²,Medium,Class 8,CDC Nepal,Mensuration
1859,Mathematics,Solve for x: 5x + 8 = 98,x = 18,Medium,Class 11,NCERT,Linear Equations
1860,Mathematics,Find the sum of interior angles of a triangle.,180 degrees,Medium,Class 7,CDC Nepal,Geometry
1861,Mathematics,What is the circumference of a circle with radius 7 cm? (Use π=22/7),44 cm,Basic,Class 7,CBSE,Circles
1862,Mathematics,What is 68 multiplied by 14?,952,Basic,Class 9,Nepal Curriculum,Multiplication
1863,Mathematics,Solve for x: 5x + 6 = 16,x = 2,Basic,Class 7,CBSE,Linear Equations
1864,Mathematics,What is 12 minus 97?,-85,Basic,Class 9,CBSE,Subtraction
1865,Mathematics,Solve the quadratic equation x² - 5x + 6 = 0,x=2 or x=3,Basic,Class 10,CDC Nepal,Quadratic Equations
1866,Mathematics,What is the area of a rectangle with length 5 cm and width 3 cm?,15 cm²,Medium,Class 6,CDC Nepal,Mensuration
1867,Mathematics,What is 16 minus 21?,-5,Basic,Class 10,CBSE,Subtraction
1868,Mathematics,Solve for x: 5x + 20 = 90,x = 14,Basic,Class 8,Nepal Curriculum,Linear Equations
1869,Mathematics,Convert 0.75 to a fraction in lowest terms.,03-Apr,Medium,Class 9,Nepal Curriculum,Fractions and Decimals
1870,Mathematics,What is the slope of the line y = 2x + 3?,2,Advanced,Class 11,CBSE,Coordinate Geometry
1871,Mathematics,What is 68 minus 28?,40,Advanced,Class 12,CBSE,Subtraction
1872,Mathematics,Solve: 3y - 7 = 14,y = 7,Medium,Class 7,NCERT,Linear Equations
1873,Mathematics,What is the area of a rectangle with length 12 cm and width 4 cm?,48 cm²,Basic,Class 12,NCERT,Mensuration
1874,Mathematics,What is the value of sin 30°?,01-Feb,Medium,Class 10,Nepal Curriculum,Trigonometry
1875,Mathematics,What is the slope of the line y = 2x + 3?,2,Medium,Class 7,NCERT,Coordinate Geometry
1876,Mathematics,"Find the mean of the numbers 4, 7, 10, 13.",8.5,Basic,Class 9,CBSE,Statistics
1877,Mathematics,What is the area of a rectangle with length 10 cm and width 9 cm?,90 cm²,Basic,Class 12,CDC Nepal,Mensuration
1878,Mathematics,Convert 0.75 to a fraction in lowest terms.,03-Apr,Medium,Class 6,CBSE,Fractions and Decimals
1879,Mathematics,Solve the quadratic equation x² - 5x + 6 = 0,x=2 or x=3,Medium,Class 10,CBSE,Quadratic Equations
1880,Mathematics,Find the value of tan 45°.,1,Basic,Class 10,CDC Nepal,Trigonometry
1881,Mathematics,Solve: 3y - 7 = 14,y = 7,Advanced,Class 7,NCERT,Linear Equations
1882,Mathematics,What is the area of a rectangle with length 12 cm and width 9 cm?,108 cm²,Basic,Class 12,NCERT,Mensuration
1883,Mathematics,What is the area of a rectangle with length 11 cm and width 12 cm?,132 cm²,Advanced,Class 12,NCERT,Mensuration
1884,Mathematics,What is 68 minus 80?,-12,Medium,Class 12,NCERT,Subtraction
1885,Mathematics,Find the simple interest on Rs. 1000 at 5% per annum for 2 years.,Rs. 100,Basic,Class 8,CDC Nepal,Commercial Mathematics
1886,Mathematics,What is 57 multiplied by 38?,2166,Advanced,Class 12,CBSE,Multiplication
1887,Mathematics,What is the formula for the volume of a cylinder?,πr²h,Medium,Class 8,CDC Nepal,Mensuration
1888,Mathematics,What is 29 multiplied by 57?,1653,Medium,Class 6,CBSE,Multiplication
1889,Mathematics,What is the slope of the line y = 2x + 3?,2,Medium,Class 11,CDC Nepal,Coordinate Geometry
1890,Mathematics,What is the number of sides in a hexagon?,6,Medium,Class 6,NCERT,Polygons
1891,Mathematics,What is the value of π approximately to two decimal places?,3.14,Medium,Class 10,Nepal Curriculum,Circles
1892,Mathematics,Solve for x: 3x + 21 = 33,x = 4,Basic,Class 8,NCERT,Linear Equations
1893,Mathematics,Solve the quadratic equation x² - 5x + 6 = 0,x=2 or x=3,Medium,Class 12,CBSE,Quadratic Equations
1894,Mathematics,What is the area of a rectangle with length 5 cm and width 3 cm?,15 cm²,Basic,Class 6,NCERT,Mensuration
1895,Mathematics,What is the area of a rectangle with length 11 cm and width 4 cm?,44 cm²,Basic,Class 10,CDC Nepal,Mensuration
1896,Mathematics,What is the HCF of 12 and 18?,6,Medium,Class 6,CBSE,HCF and LCM
1897,Mathematics,What is the number of sides in a hexagon?,6,Basic,Class 6,Nepal Curriculum,Polygons
1898,Mathematics,Solve for x: 2x + 5 = 11,x = 3,Advanced,Class 7,CBSE,Linear Equations
1899,Mathematics,What is the HCF of 12 and 18?,6,Advanced,Class 6,NCERT,HCF and LCM
1900,Mathematics,Find the value of tan 45°.,1,Basic,Class 10,Nepal Curriculum,Trigonometry
1901,Mathematics,Solve the quadratic equation x² - 5x + 6 = 0,x=2 or x=3,Basic,Class 10,CDC Nepal,Quadratic Equations
1902,Mathematics,What is the sum of 12 and 62?,74,Basic,Class 12,CDC Nepal,Addition
1903,Mathematics,Solve for x: 5x + 30 = 85,x = 11,Basic,Class 6,Nepal Curriculum,Linear Equations
1904,Mathematics,What is the smallest prime number?,2,Basic,Class 6,NCERT,Prime Numbers
1905,Mathematics,What is the circumference of a circle with radius 7 cm? (Use π=22/7),44 cm,Medium,Class 7,NCERT,Circles
1906,Mathematics,What is the formula for the volume of a cylinder?,πr²h,Basic,Class 8,NCERT,Mensuration
1907,Mathematics,What is the sum of 56 and 24?,80,Advanced,Class 10,NCERT,Addition
1908,Mathematics,Find the probability of getting heads in a fair coin toss.,01-Feb,Basic,Class 7,CDC Nepal,Probability
1909,Mathematics,Find the simple interest on Rs. 1000 at 5% per annum for 2 years.,Rs. 100,Basic,Class 8,CBSE,Commercial Mathematics
1910,Mathematics,What is the area of a rectangle with length 10 cm and width 9 cm?,90 cm²,Medium,Class 11,CDC Nepal,Mensuration
1911,Mathematics,What is the area of a rectangle with length 14 cm and width 7 cm?,98 cm²,Basic,Class 8,CDC Nepal,Mensuration
1912,Mathematics,What is the slope of the line y = 2x + 3?,2,Medium,Class 11,Nepal Curriculum,Coordinate Geometry
1913,Mathematics,Solve for x: 4x + 24 = 60,x = 9,Medium,Class 9,NCERT,Linear Equations
1914,Mathematics,Solve for x: 5x + 10 = 25,x = 3,Medium,Class 9,NCERT,Linear Equations
1915,Mathematics,Solve for x: 4x + 17 = 85,x = 17,Basic,Class 8,NCERT,Linear Equations
1916,Mathematics,What is the circumference of a circle with radius 7 cm? (Use π=22/7),44 cm,Medium,Class 7,Nepal Curriculum,Circles
1917,Mathematics,What is the area of a rectangle with length 5 cm and width 3 cm?,15 cm²,Basic,Class 6,CBSE,Mensuration
1918,Mathematics,What is the circumference of a circle with radius 7 cm? (Use π=22/7),44 cm,Basic,Class 7,CBSE,Circles
1919,Mathematics,Solve for x: 3x + 22 = 55,x = 11,Medium,Class 11,NCERT,Linear Equations
1920,Mathematics,Find the value of tan 45°.,1,Basic,Class 10,Nepal Curriculum,Trigonometry
1921,Mathematics,What is the formula for the volume of a cylinder?,πr²h,Advanced,Class 8,NCERT,Mensuration
1922,Mathematics,Solve for x: 3x + 11 = 44,x = 11,Medium,Class 11,NCERT,Linear Equations
1923,Mathematics,Solve for x: 5x + 10 = 30,x = 4,Medium,Class 9,CBSE,Linear Equations
1924,Mathematics,Solve for x: 2x + 19 = 57,x = 19,Basic,Class 7,CBSE,Linear Equations
1925,Mathematics,What is the value of π approximately to two decimal places?,3.14,Basic,Class 9,NCERT,Circles
1926,Mathematics,What is the smallest prime number?,2,Basic,Class 6,NCERT,Prime Numbers
1927,Mathematics,Solve for x: 5x + 7 = 67,x = 12,Medium,Class 9,CBSE,Linear Equations
1928,Mathematics,What is the area of a rectangle with length 10 cm and width 10 cm?,100 cm²,Medium,Class 6,NCERT,Mensuration
1929,Mathematics,What is the sum of 11 and 27?,38,Basic,Class 10,CBSE,Addition
1930,Mathematics,What is 34 multiplied by 57?,1938,Medium,Class 11,NCERT,Multiplication
1931,Mathematics,Solve for x: 2x + 5 = 11,x = 3,Basic,Class 12,NCERT,Linear Equations
1932,Mathematics,Simplify: 2(x + 3) - 4x,-2x + 6,Basic,Class 8,CBSE,Algebra
1933,Mathematics,What is the area of a rectangle with length 5 cm and width 12 cm?,60 cm²,Medium,Class 12,CDC Nepal,Mensuration
1934,Mathematics,What is the circumference of a circle with radius 7 cm? (Use π=22/7),44 cm,Basic,Class 7,CDC Nepal,Circles
1935,Mathematics,What is the area of a rectangle with length 13 cm and width 10 cm?,130 cm²,Basic,Class 11,CBSE,Mensuration
1936,Mathematics,Find the simple interest on Rs. 1000 at 5% per annum for 2 years.,Rs. 100,Basic,Class 8,CBSE,Commercial Mathematics
1937,Mathematics,What is the area of a rectangle with length 6 cm and width 13 cm?,78 cm²,Basic,Class 11,Nepal Curriculum,Mensuration
1938,Mathematics,What is 95 minus 37?,58,Medium,Class 6,CDC Nepal,Subtraction
1939,Mathematics,Find the sum of interior angles of a triangle.,180 degrees,Medium,Class 7,CBSE,Geometry
1940,Mathematics,What is the area of a rectangle with length 11 cm and width 4 cm?,44 cm²,Advanced,Class 8,Nepal Curriculum,Mensuration
1941,Mathematics,"Find the mean of the numbers 4, 7, 10, 13.",8.5,Medium,Class 9,Nepal Curriculum,Statistics
1942,Mathematics,Solve for x: 2x + 9 = 29,x = 10,Basic,Class 7,CDC Nepal,Linear Equations
1943,Mathematics,What is 68 minus 33?,35,Basic,Class 11,NCERT,Subtraction
1944,Mathematics,Solve for x: 2x + 16 = 52,x = 18,Medium,Class 10,CDC Nepal,Linear Equations
1945,Mathematics,What is the value of π approximately to two decimal places?,3.14,Advanced,Class 9,CBSE,Circles
1946,Mathematics,What is the formula for the volume of a cylinder?,πr²h,Medium,Class 8,NCERT,Mensuration
1947,Mathematics,Solve for x: 3x + 24 = 63,x = 13,Medium,Class 11,CBSE,Linear Equations
1948,Mathematics,What is the sum of 16 and 92?,108,Advanced,Class 9,NCERT,Addition
1949,Mathematics,Solve for x: 2x + 5 = 11,x = 3,Basic,Class 7,CBSE,Linear Equations
1950,Mathematics,Convert 0.75 to a fraction in lowest terms.,03-Apr,Basic,Class 6,NCERT,Fractions and Decimals
1951,Mathematics,Solve for x: 3x + 28 = 40,x = 4,Medium,Class 11,CBSE,Linear Equations
1952,Mathematics,What is the area of a rectangle with length 14 cm and width 12 cm?,168 cm²,Basic,Class 7,CBSE,Mensuration
1953,Mathematics,What is the area of a rectangle with length 14 cm and width 6 cm?,84 cm²,Basic,Class 6,Nepal Curriculum,Mensuration
1954,Mathematics,What is the area of a rectangle with length 5 cm and width 3 cm?,15 cm²,Basic,Class 6,CBSE,Mensuration
1955,Mathematics,Solve for x: 3x + 13 = 16,x = 1,Basic,Class 7,NCERT,Linear Equations
1956,Mathematics,What is the smallest prime number?,2,Advanced,Class 6,CDC Nepal,Prime Numbers
1957,Mathematics,What is 12 multiplied by 82?,984,Basic,Class 9,CBSE,Multiplication
1958,Mathematics,Find the sum of interior angles of a triangle.,180 degrees,Advanced,Class 10,NCERT,Geometry
1959,Mathematics,What is the circumference of a circle with radius 7 cm? (Use π=22/7),44 cm,Advanced,Class 9,NCERT,Circles
1960,Mathematics,What is the value of π approximately to two decimal places?,3.14,Advanced,Class 9,Nepal Curriculum,Circles
1961,Mathematics,Find the sum of interior angles of a triangle.,180 degrees,Advanced,Class 7,Nepal Curriculum,Geometry
1962,Mathematics,Find the value of tan 45°.,1,Advanced,Class 10,CDC Nepal,Trigonometry
1963,Mathematics,What is the circumference of a circle with radius 7 cm? (Use π=22/7),44 cm,Basic,Class 11,NCERT,Circles
1964,Mathematics,What is the area of a rectangle with length 6 cm and width 12 cm?,72 cm²,Basic,Class 12,CDC Nepal,Mensuration
1965,Mathematics,Solve for x: 2x + 28 = 60,x = 16,Medium,Class 10,CDC Nepal,Linear Equations
1966,Mathematics,What is the value of sin 30°?,01-Feb,Advanced,Class 10,NCERT,Trigonometry
1967,Mathematics,What is the area of a rectangle with length 5 cm and width 3 cm?,15 cm²,Medium,Class 6,CDC Nepal,Mensuration
1968,Mathematics,What is the Pythagorean theorem?,a² + b² = c²,Basic,Class 9,CDC Nepal,Triangles
1969,Mathematics,What is the area of a rectangle with length 13 cm and width 4 cm?,52 cm²,Advanced,Class 7,Nepal Curriculum,Mensuration
1970,Mathematics,What is the sum of 98 and 52?,150,Advanced,Class 11,NCERT,Addition
1971,Mathematics,What is the area of a rectangle with length 15 cm and width 11 cm?,165 cm²,Advanced,Class 9,CDC Nepal,Mensuration
1972,Mathematics,Solve for x: 2x + 15 = 23,x = 4,Basic,Class 7,Nepal Curriculum,Linear Equations
1973,Mathematics,What is 50 multiplied by 58?,2900,Advanced,Class 6,NCERT,Multiplication
1974,Mathematics,What is the slope of the line y = 2x + 3?,2,Advanced,Class 11,CDC Nepal,Coordinate Geometry
1975,Mathematics,What is the area of a rectangle with length 12 cm and width 12 cm?,144 cm²,Medium,Class 8,Nepal Curriculum,Mensuration
1976,Mathematics,What is the smallest prime number?,2,Advanced,Class 6,CDC Nepal,Prime Numbers
1977,Mathematics,Simplify: 2(x + 3) - 4x,-2x + 6,Basic,Class 8,CDC Nepal,Algebra
1978,Mathematics,Simplify: 2(x + 3) - 4x,-2x + 6,Basic,Class 8,NCERT,Algebra
1979,Mathematics,Solve for x: 5x + 25 = 120,x = 19,Basic,Class 8,Nepal Curriculum,Linear Equations
1980,Mathematics,What is the circumference of a circle with radius 7 cm? (Use π=22/7),44 cm,Medium,Class 11,Nepal Curriculum,Circles
1981,Mathematics,What is the area of a rectangle with length 3 cm and width 15 cm?,45 cm²,Advanced,Class 7,Nepal Curriculum,Mensuration
1982,Mathematics,Solve the quadratic equation x² - 5x + 6 = 0,x=2 or x=3,Medium,Class 11,NCERT,Quadratic Equations
1983,Mathematics,What is the value of π approximately to two decimal places?,3.14,Medium,Class 8,CDC Nepal,Circles
1984,Mathematics,Simplify: 2(x + 3) - 4x,-2x + 6,Medium,Class 8,Nepal Curriculum,Algebra
1985,Mathematics,What is 84 multiplied by 16?,1344,Medium,Class 10,CBSE,Multiplication
1986,Mathematics,Solve for x: 4x + 9 = 73,x = 16,Basic,Class 7,Nepal Curriculum,Linear Equations
1987,Mathematics,What is the value of sin 30°?,01-Feb,Advanced,Class 10,NCERT,Trigonometry
1988,Mathematics,What is the slope of the line y = 2x + 3?,2,Basic,Class 11,Nepal Curriculum,Coordinate Geometry
1989,Mathematics,Solve: 3y - 7 = 14,y = 7,Advanced,Class 7,Nepal Curriculum,Linear Equations
1990,Mathematics,What is 16 multiplied by 25?,400,Medium,Class 6,CBSE,Multiplication
1991,Mathematics,What is 25 minus 40?,-15,Advanced,Class 7,CDC Nepal,Subtraction
1992,Mathematics,Find the value of tan 45°.,1,Basic,Class 10,CDC Nepal,Trigonometry
1993,Mathematics,What is the number of sides in a hexagon?,6,Advanced,Class 12,CDC Nepal,Polygons
1994,Mathematics,What is the number of sides in a hexagon?,6,Medium,Class 6,NCERT,Polygons
1995,Mathematics,What is the area of a rectangle with length 5 cm and width 3 cm?,15 cm²,Basic,Class 6,Nepal Curriculum,Mensuration
1996,Mathematics,What is the slope of the line y = 2x + 3?,2,Advanced,Class 11,CBSE,Coordinate Geometry
1997,Mathematics,Solve for x: 4x + 23 = 79,x = 14,Basic,Class 6,Nepal Curriculum,Linear Equations
1998,Mathematics,What is the area of a rectangle with length 5 cm and width 3 cm?,15 cm²,Advanced,Class 6,Nepal Curriculum,Mensuration
1999,Mathematics,What is the area of a rectangle with length 11 cm and width 15 cm?,165 cm²,Basic,Class 11,CDC Nepal,Mensuration
2000,Mathematics,What is the slope of the line y = 2x + 3?,2,Advanced,Class 11,NCERT,Coordinate Geometry
2001,Mathematics,What is the sum of 86 and 98?,184,Advanced,Class 7,NCERT,Addition
2002,Mathematics,What is 83 multiplied by 36?,2988,Medium,Class 12,Nepal Curriculum,Multiplication
2003,Mathematics,What is the formula for the volume of a cylinder?,πr²h,Basic,Class 8,NCERT,Mensuration
2004,Mathematics,Solve for x: 3x + 14 = 17,x = 1,Basic,Class 8,NCERT,Linear Equations
2005,Mathematics,What is 72 minus 98?,-26,Medium,Class 10,CBSE,Subtraction
2006,Mathematics,What is the area of a rectangle with length 3 cm and width 6 cm?,18 cm²,Basic,Class 10,NCERT,Mensuration
2007,Mathematics,Simplify: 2(x + 3) - 4x,-2x + 6,Basic,Class 8,Nepal Curriculum,Algebra
2008,Mathematics,What is 42 minus 43?,-1,Basic,Class 8,Nepal Curriculum,Subtraction
2009,Mathematics,What is the HCF of 12 and 18?,6,Medium,Class 6,Nepal Curriculum,HCF and LCM
2010,Mathematics,What is the formula for the volume of a cylinder?,πr²h,Advanced,Class 8,Nepal Curriculum,Mensuration
2011,Mathematics,Solve for x: 4x + 30 = 50,x = 5,Medium,Class 10,CDC Nepal,Linear Equations
2012,Mathematics,Find the value of tan 45°.,1,Basic,Class 10,CBSE,Trigonometry
2013,Mathematics,Find the sum of interior angles of a triangle.,180 degrees,Advanced,Class 7,CDC Nepal,Geometry
2014,Mathematics,What is the number of sides in a hexagon?,6,Basic,Class 6,CBSE,Polygons
2015,Mathematics,What is 58 minus 38?,20,Basic,Class 7,NCERT,Subtraction
2016,Mathematics,What is the area of a rectangle with length 15 cm and width 10 cm?,150 cm²,Basic,Class 6,NCERT,Mensuration
2017,Mathematics,What is the area of a rectangle with length 12 cm and width 4 cm?,48 cm²,Advanced,Class 11,NCERT,Mensuration
2018,Mathematics,What is the value of π approximately to two decimal places?,3.14,Basic,Class 9,CDC Nepal,Circles
2019,Mathematics,What is the area of a rectangle with length 14 cm and width 5 cm?,70 cm²,Medium,Class 7,Nepal Curriculum,Mensuration
2020,Mathematics,What is the slope of the line y = 2x + 3?,2,Advanced,Class 11,NCERT,Coordinate Geometry
2021,Mathematics,What is the area of a rectangle with length 9 cm and width 14 cm?,126 cm²,Medium,Class 11,CDC Nepal,Mensuration
2022,Mathematics,"Find the mean of the numbers 4, 7, 10, 13.",8.5,Medium,Class 9,CBSE,Statistics
2023,Mathematics,Solve: 3y - 7 = 14,y = 7,Advanced,Class 7,Nepal Curriculum,Linear Equations
2024,Mathematics,What is the area of a rectangle with length 5 cm and width 3 cm?,15 cm²,Medium,Class 6,CBSE,Mensuration
2025,Mathematics,What is the area of a rectangle with length 4 cm and width 5 cm?,20 cm²,Basic,Class 11,NCERT,Mensuration
2026,Mathematics,Simplify: 2(x + 3) - 4x,-2x + 6,Advanced,Class 8,NCERT,Algebra
2027,Mathematics,Solve for x: 2x + 17 = 51,x = 17,Medium,Class 9,NCERT,Linear Equations
2028,Mathematics,What is the area of a rectangle with length 14 cm and width 11 cm?,154 cm²,Advanced,Class 12,CBSE,Mensuration
2029,Mathematics,What is the area of a triangle with base 6 cm and height 8 cm?,24 cm²,Advanced,Class 7,NCERT,Mensuration
2030,Mathematics,What is 56 multiplied by 27?,1512,Advanced,Class 7,CBSE,Multiplication
2031,Mathematics,What is 24 multiplied by 53?,1272,Medium,Class 9,Nepal Curriculum,Multiplication
2032,Mathematics,Solve for x: 4x + 11 = 51,x = 10,Medium,Class 12,NCERT,Linear Equations
2033,Mathematics,What is the number of sides in a hexagon?,6,Medium,Class 10,NCERT,Polygons
2034,Mathematics,Solve for x: 5x + 15 = 115,x = 20,Medium,Class 10,CBSE,Linear Equations
2035,Mathematics,What is the smallest prime number?,2,Medium,Class 6,Nepal Curriculum,Prime Numbers
2036,Mathematics,Solve for x: 3x + 18 = 27,x = 3,Basic,Class 6,NCERT,Linear Equations
2037,Mathematics,What is 60 minus 57?,3,Basic,Class 6,CBSE,Subtraction
2038,Mathematics,What is 66 minus 94?,-28,Advanced,Class 7,Nepal Curriculum,Subtraction
2039,Mathematics,Solve: 3y - 7 = 14,y = 7,Basic,Class 7,Nepal Curriculum,Linear Equations
2040,Mathematics,Simplify: 2(x + 3) - 4x,-2x + 6,Basic,Class 8,CDC Nepal,Algebra
2041,Mathematics,What is the area of a rectangle with length 10 cm and width 13 cm?,130 cm²,Basic,Class 8,CBSE,Mensuration
2042,Mathematics,Find the simple interest on Rs. 1000 at 5% per annum for 2 years.,Rs. 100,Advanced,Class 8,Nepal Curriculum,Commercial Mathematics
2043,Mathematics,What is the value of π approximately to two decimal places?,3.14,Advanced,Class 9,CDC Nepal,Circles
2044,Mathematics,Find the sum of interior angles of a triangle.,180 degrees,Basic,Class 7,Nepal Curriculum,Geometry
2045,Mathematics,What is the smallest prime number?,2,Advanced,Class 6,NCERT,Prime Numbers
2046,Mathematics,Solve for x: 4x + 20 = 60,x = 10,Basic,Class 8,NCERT,Linear Equations
2047,Mathematics,What is the area of a rectangle with length 5 cm and width 6 cm?,30 cm²,Advanced,Class 7,CBSE,Mensuration
2048,Mathematics,What is the area of a rectangle with length 9 cm and width 6 cm?,54 cm²,Medium,Class 12,CDC Nepal,Mensuration
2049,Mathematics,What is 85 multiplied by 90?,7650,Basic,Class 12,Nepal Curriculum,Multiplication
2050,Mathematics,What is the HCF of 12 and 18?,6,Medium,Class 6,CBSE,HCF and LCM
2051,Mathematics,What is the area of a rectangle with length 4 cm and width 3 cm?,12 cm²,Medium,Class 7,CDC Nepal,Mensuration
2052,Mathematics,What is the sum of 64 and 71?,135,Advanced,Class 8,CDC Nepal,Addition
2053,Mathematics,Solve for x: 5x + 12 = 72,x = 12,Basic,Class 8,CBSE,Linear Equations
2054,Mathematics,What is 51 minus 37?,14,Basic,Class 7,CDC Nepal,Subtraction
2055,Mathematics,Find the value of tan 45°.,1,Basic,Class 10,Nepal Curriculum,Trigonometry
2056,Mathematics,Find the simple interest on Rs. 1000 at 5% per annum for 2 years.,Rs. 100,Medium,Class 8,CBSE,Commercial Mathematics
2057,Mathematics,What is the smallest prime number?,2,Advanced,Class 6,Nepal Curriculum,Prime Numbers
2058,Mathematics,"Find the mean of the numbers 4, 7, 10, 13.",8.5,Advanced,Class 9,CBSE,Statistics
2059,Mathematics,What is the formula for the volume of a cylinder?,πr²h,Basic,Class 8,CDC Nepal,Mensuration
2060,Mathematics,Find the sum of interior angles of a triangle.,180 degrees,Basic,Class 7,NCERT,Geometry
2061,Mathematics,What is the number of sides in a hexagon?,6,Basic,Class 6,CDC Nepal,Polygons
2062,Mathematics,Solve for x: 3x + 22 = 70,x = 16,Basic,Class 6,Nepal Curriculum,Linear Equations
2063,Mathematics,What is the value of sin 30°?,01-Feb,Medium,Class 10,CBSE,Trigonometry
2064,Mathematics,What is the Pythagorean theorem?,a² + b² = c²,Advanced,Class 12,NCERT,Triangles
2065,Mathematics,What is the area of a rectangle with length 11 cm and width 15 cm?,165 cm²,Medium,Class 6,NCERT,Mensuration
2066,Mathematics,What is the formula for the volume of a cylinder?,πr²h,Advanced,Class 8,CBSE,Mensuration
2067,Mathematics,What is the slope of the line y = 2x + 3?,2,Basic,Class 11,Nepal Curriculum,Coordinate Geometry
2068,Mathematics,What is 75 multiplied by 59?,4425,Medium,Class 9,CDC Nepal,Multiplication
2069,Mathematics,What is 83 multiplied by 37?,3071,Basic,Class 8,NCERT,Multiplication
2070,Mathematics,What is the area of a rectangle with length 14 cm and width 11 cm?,154 cm²,Advanced,Class 12,CBSE,Mensuration
2071,Mathematics,Find the probability of getting heads in a fair coin toss.,01-Feb,Medium,Class 10,CBSE,Probability
2072,Mathematics,What is the area of a rectangle with length 7 cm and width 3 cm?,21 cm²,Basic,Class 7,Nepal Curriculum,Mensuration
2073,Mathematics,Solve for x: 2x + 5 = 11,x = 3,Basic,Class 8,Nepal Curriculum,Linear Equations
2074,Mathematics,What is 54 multiplied by 90?,4860,Advanced,Class 7,CBSE,Multiplication
2075,Mathematics,Convert 0.75 to a fraction in lowest terms.,03-Apr,Medium,Class 6,Nepal Curriculum,Fractions and Decimals
2076,Mathematics,What is the number of sides in a hexagon?,6,Medium,Class 10,NCERT,Polygons
2077,Mathematics,What is 12 multiplied by 78?,936,Advanced,Class 7,NCERT,Multiplication
2078,Mathematics,What is the number of sides in a hexagon?,6,Medium,Class 11,Nepal Curriculum,Polygons
2079,Mathematics,What is the sum of 90 and 60?,150,Medium,Class 7,CDC Nepal,Addition
2080,Mathematics,Solve: 3y - 7 = 14,y = 7,Medium,Class 7,CDC Nepal,Linear Equations
2081,Mathematics,Solve the quadratic equation x² - 5x + 6 = 0,x=2 or x=3,Medium,Class 10,Nepal Curriculum,Quadratic Equations
2082,Mathematics,Find the simple interest on Rs. 1000 at 5% per annum for 2 years.,Rs. 100,Advanced,Class 8,CBSE,Commercial Mathematics
2083,Mathematics,Solve the quadratic equation x² - 5x + 6 = 0,x=2 or x=3,Basic,Class 10,CDC Nepal,Quadratic Equations
2084,Mathematics,What is 41 multiplied by 68?,2788,Basic,Class 7,CDC Nepal,Multiplication
2085,Mathematics,What is the area of a triangle with base 6 cm and height 8 cm?,24 cm²,Basic,Class 7,NCERT,Mensuration
2086,Mathematics,What is the sum of 11 and 92?,103,Medium,Class 9,Nepal Curriculum,Addition
2087,Mathematics,What is the area of a rectangle with length 5 cm and width 3 cm?,15 cm²,Medium,Class 6,NCERT,Mensuration
2088,Mathematics,What is the area of a rectangle with length 5 cm and width 3 cm?,15 cm²,Basic,Class 6,Nepal Curriculum,Mensuration
2089,Mathematics,What is the slope of the line y = 2x + 3?,2,Medium,Class 11,Nepal Curriculum,Coordinate Geometry
2090,Mathematics,Find the simple interest on Rs. 1000 at 5% per annum for 2 years.,Rs. 100,Basic,Class 8,NCERT,Commercial Mathematics
2091,Mathematics,What is 15 multiplied by 23?,345,Advanced,Class 8,CBSE,Multiplication
2092,Mathematics,Solve: 3y - 7 = 14,y = 7,Basic,Class 7,Nepal Curriculum,Linear Equations
2093,Mathematics,Solve: 3y - 7 = 14,y = 7,Medium,Class 7,CBSE,Linear Equations
2094,Mathematics,What is the area of a rectangle with length 14 cm and width 4 cm?,56 cm²,Advanced,Class 7,CDC Nepal,Mensuration
2095,Mathematics,Find the sum of interior angles of a triangle.,180 degrees,Basic,Class 7,CBSE,Geometry
2096,Mathematics,Find the value of tan 45°.,1,Basic,Class 10,CBSE,Trigonometry
2097,Mathematics,What is 77 multiplied by 52?,4004,Basic,Class 6,Nepal Curriculum,Multiplication
2098,Mathematics,What is the area of a rectangle with length 7 cm and width 8 cm?,56 cm²,Advanced,Class 7,NCERT,Mensuration
2099,Mathematics,Find the simple interest on Rs. 1000 at 5% per annum for 2 years.,Rs. 100,Advanced,Class 8,CBSE,Commercial Mathematics
2100,Mathematics,What is the HCF of 12 and 18?,6,Basic,Class 11,Nepal Curriculum,HCF and LCM
2101,Mathematics,What is the value of π approximately to two decimal places?,3.14,Medium,Class 9,CDC Nepal,Circles
2102,Mathematics,What is the formula for the volume of a cylinder?,πr²h,Advanced,Class 6,Nepal Curriculum,Mensuration
2103,Mathematics,What is the HCF of 12 and 18?,6,Basic,Class 6,CDC Nepal,HCF and LCM
2104,Mathematics,Find the simple interest on Rs. 1000 at 5% per annum for 2 years.,Rs. 100,Medium,Class 8,CDC Nepal,Commercial Mathematics
2105,Mathematics,What is the number of sides in a hexagon?,6,Medium,Class 11,Nepal Curriculum,Polygons
2106,Mathematics,Convert 0.75 to a fraction in lowest terms.,03-Apr,Medium,Class 6,CDC Nepal,Fractions and Decimals
2107,Mathematics,What is 63 multiplied by 77?,4851,Basic,Class 12,Nepal Curriculum,Multiplication
2108,Mathematics,What is 12 multiplied by 56?,672,Medium,Class 7,CDC Nepal,Multiplication
2109,Mathematics,Solve for x: 4x + 19 = 39,x = 5,Basic,Class 6,Nepal Curriculum,Linear Equations
2110,Mathematics,What is 38 multiplied by 17?,646,Medium,Class 10,Nepal Curriculum,Multiplication
2111,Mathematics,What is the HCF of 12 and 18?,6,Medium,Class 6,NCERT,HCF and LCM
2112,Mathematics,What is the area of a rectangle with length 13 cm and width 12 cm?,156 cm²,Medium,Class 9,NCERT,Mensuration
2113,Mathematics,What is the sum of 28 and 20?,48,Basic,Class 10,NCERT,Addition
2114,Mathematics,Solve: 3y - 7 = 14,y = 7,Basic,Class 7,Nepal Curriculum,Linear Equations
2115,Mathematics,Solve for x: 5x + 30 = 85,x = 11,Basic,Class 7,NCERT,Linear Equations
2116,Mathematics,What is the HCF of 12 and 18?,6,Basic,Class 6,NCERT,HCF and LCM
2117,Mathematics,What is 64 minus 97?,-33,Advanced,Class 7,CBSE,Subtraction
2118,Mathematics,Solve for x: 4x + 7 = 31,x = 6,Medium,Class 10,CDC Nepal,Linear Equations
2119,Mathematics,Solve for x: 3x + 17 = 23,x = 2,Basic,Class 7,Nepal Curriculum,Linear Equations
2120,Mathematics,What is the Pythagorean theorem?,a² + b² = c²,Advanced,Class 10,CDC Nepal,Triangles
2121,Mathematics,What is the number of sides in a hexagon?,6,Medium,Class 6,CDC Nepal,Polygons
2122,Mathematics,"Find the mean of the numbers 4, 7, 10, 13.",8.5,Advanced,Class 9,Nepal Curriculum,Statistics
2123,Mathematics,Find the sum of interior angles of a triangle.,180 degrees,Basic,Class 7,CBSE,Geometry
2124,Mathematics,Simplify: 2(x + 3) - 4x,-2x + 6,Basic,Class 8,NCERT,Algebra
2125,Mathematics,Find the value of tan 45°.,1,Basic,Class 10,CBSE,Trigonometry
2126,Mathematics,What is the value of sin 30°?,01-Feb,Advanced,Class 10,NCERT,Trigonometry
2127,Mathematics,What is the slope of the line y = 2x + 3?,2,Advanced,Class 11,CDC Nepal,Coordinate Geometry
2128,Mathematics,What is the circumference of a circle with radius 7 cm? (Use π=22/7),44 cm,Basic,Class 7,NCERT,Circles
2129,Mathematics,What is the area of a rectangle with length 8 cm and width 15 cm?,120 cm²,Medium,Class 12,CDC Nepal,Mensuration
2130,Mathematics,Solve for x: 2x + 21 = 55,x = 17,Basic,Class 7,Nepal Curriculum,Linear Equations
2131,Mathematics,What is the value of π approximately to two decimal places?,3.14,Medium,Class 9,NCERT,Circles
2132,Mathematics,What is the HCF of 12 and 18?,6,Advanced,Class 6,NCERT,HCF and LCM
2133,Mathematics,What is the number of sides in a hexagon?,6,Advanced,Class 6,Nepal Curriculum,Polygons
2134,Mathematics,Solve for x: 4x + 14 = 34,x = 5,Basic,Class 7,CBSE,Linear Equations
2135,Mathematics,What is the sum of 88 and 87?,175,Basic,Class 9,Nepal Curriculum,Addition
2136,Mathematics,What is the sum of 49 and 80?,129,Basic,Class 9,CDC Nepal,Addition
2137,Mathematics,What is the circumference of a circle with radius 7 cm? (Use π=22/7),44 cm,Basic,Class 7,CDC Nepal,Circles
2138,Mathematics,What is the slope of the line y = 2x + 3?,2,Medium,Class 11,NCERT,Coordinate Geometry
2139,Mathematics,What is the Pythagorean theorem?,a² + b² = c²,Medium,Class 8,CBSE,Triangles
2140,Mathematics,What is the slope of the line y = 2x + 3?,2,Advanced,Class 9,CDC Nepal,Coordinate Geometry
2141,Mathematics,Simplify: 2(x + 3) - 4x,-2x + 6,Medium,Class 8,Nepal Curriculum,Algebra
2142,Mathematics,Solve for x: 5x + 13 = 83,x = 14,Medium,Class 10,NCERT,Linear Equations
2143,Mathematics,What is the area of a rectangle with length 11 cm and width 3 cm?,33 cm²,Basic,Class 11,Nepal Curriculum,Mensuration
2144,Mathematics,What is the area of a rectangle with length 4 cm and width 6 cm?,24 cm²,Medium,Class 8,CDC Nepal,Mensuration
2145,Mathematics,Solve for x: 5x + 8 = 98,x = 18,Medium,Class 11,NCERT,Linear Equations
2146,Mathematics,Find the sum of interior angles of a triangle.,180 degrees,Medium,Class 7,CDC Nepal,Geometry
2147,Mathematics,What is the circumference of a circle with radius 7 cm? (Use π=22/7),44 cm,Basic,Class 7,CBSE,Circles
2148,Mathematics,What is 68 multiplied by 14?,952,Basic,Class 9,Nepal Curriculum,Multiplication
2149,Mathematics,Solve for x: 5x + 6 = 16,x = 2,Basic,Class 7,CBSE,Linear Equations
2150,Mathematics,What is 12 minus 97?,-85,Basic,Class 9,CBSE,Subtraction
2151,Mathematics,Solve the quadratic equation x² - 5x + 6 = 0,x=2 or x=3,Basic,Class 10,CDC Nepal,Quadratic Equations
2152,Mathematics,What is the area of a rectangle with length 5 cm and width 3 cm?,15 cm²,Medium,Class 6,CDC Nepal,Mensuration
2153,Mathematics,What is 16 minus 21?,-5,Basic,Class 10,CBSE,Subtraction
2154,Mathematics,Solve for x: 5x + 20 = 90,x = 14,Basic,Class 8,Nepal Curriculum,Linear Equations
2155,Mathematics,Convert 0.75 to a fraction in lowest terms.,03-Apr,Medium,Class 9,Nepal Curriculum,Fractions and Decimals
2156,Mathematics,What is the slope of the line y = 2x + 3?,2,Advanced,Class 11,CBSE,Coordinate Geometry
2157,Mathematics,What is 68 minus 28?,40,Advanced,Class 12,CBSE,Subtraction
2158,Mathematics,Solve: 3y - 7 = 14,y = 7,Medium,Class 7,NCERT,Linear Equations
2159,Mathematics,What is the area of a rectangle with length 12 cm and width 4 cm?,48 cm²,Basic,Class 12,NCERT,Mensuration
2160,Mathematics,What is the value of sin 30°?,01-Feb,Medium,Class 10,Nepal Curriculum,Trigonometry
2161,Mathematics,What is the slope of the line y = 2x + 3?,2,Medium,Class 7,NCERT,Coordinate Geometry
2162,Mathematics,"Find the mean of the numbers 4, 7, 10, 13.",8.5,Basic,Class 9,CBSE,Statistics
2163,Mathematics,What is the area of a rectangle with length 10 cm and width 9 cm?,90 cm²,Basic,Class 12,CDC Nepal,Mensuration
2164,Mathematics,Convert 0.75 to a fraction in lowest terms.,03-Apr,Medium,Class 6,CBSE,Fractions and Decimals
2165,Mathematics,Solve the quadratic equation x² - 5x + 6 = 0,x=2 or x=3,Medium,Class 10,CBSE,Quadratic Equations
2166,Mathematics,Find the value of tan 45°.,1,Basic,Class 10,CDC Nepal,Trigonometry
2167,Mathematics,Solve: 3y - 7 = 14,y = 7,Advanced,Class 7,NCERT,Linear Equations
2168,Mathematics,What is the area of a rectangle with length 12 cm and width 9 cm?,108 cm²,Basic,Class 12,NCERT,Mensuration
2169,Mathematics,What is the area of a rectangle with length 11 cm and width 12 cm?,132 cm²,Advanced,Class 12,NCERT,Mensuration
2170,Mathematics,What is 68 minus 80?,-12,Medium,Class 12,NCERT,Subtraction
2171,Mathematics,Find the simple interest on Rs. 1000 at 5% per annum for 2 years.,Rs. 100,Basic,Class 8,CDC Nepal,Commercial Mathematics
2172,Mathematics,What is 57 multiplied by 38?,2166,Advanced,Class 12,CBSE,Multiplication
2173,Mathematics,What is the formula for the volume of a cylinder?,πr²h,Medium,Class 8,CDC Nepal,Mensuration
2174,Mathematics,What is 29 multiplied by 57?,1653,Medium,Class 6,CBSE,Multiplication
2175,Mathematics,What is the slope of the line y = 2x + 3?,2,Medium,Class 11,CDC Nepal,Coordinate Geometry
2176,Mathematics,What is the number of sides in a hexagon?,6,Medium,Class 6,NCERT,Polygons
2177,Mathematics,What is the value of π approximately to two decimal places?,3.14,Medium,Class 10,Nepal Curriculum,Circles
2178,Mathematics,Solve for x: 3x + 21 = 33,x = 4,Basic,Class 8,NCERT,Linear Equations
2179,Mathematics,Solve the quadratic equation x² - 5x + 6 = 0,x=2 or x=3,Medium,Class 12,CBSE,Quadratic Equations
2180,Mathematics,What is the area of a rectangle with length 5 cm and width 3 cm?,15 cm²,Basic,Class 6,NCERT,Mensuration
2181,Mathematics,What is the area of a rectangle with length 11 cm and width 4 cm?,44 cm²,Basic,Class 10,CDC Nepal,Mensuration
2182,Mathematics,What is the HCF of 12 and 18?,6,Medium,Class 6,CBSE,HCF and LCM
2183,Mathematics,What is the number of sides in a hexagon?,6,Basic,Class 6,Nepal Curriculum,Polygons
2184,Mathematics,Solve for x: 2x + 5 = 11,x = 3,Advanced,Class 7,CBSE,Linear Equations
2185,Mathematics,What is the HCF of 12 and 18?,6,Advanced,Class 6,NCERT,HCF and LCM
2186,Mathematics,Find the value of tan 45°.,1,Basic,Class 10,Nepal Curriculum,Trigonometry
2187,Mathematics,Solve the quadratic equation x² - 5x + 6 = 0,x=2 or x=3,Basic,Class 10,CDC Nepal,Quadratic Equations
2188,Mathematics,What is the sum of 12 and 62?,74,Basic,Class 12,CDC Nepal,Addition
2189,Mathematics,Solve for x: 5x + 30 = 85,x = 11,Basic,Class 6,Nepal Curriculum,Linear Equations
2190,Mathematics,What is the smallest prime number?,2,Basic,Class 6,NCERT,Prime Numbers
2191,Mathematics,What is the circumference of a circle with radius 7 cm? (Use π=22/7),44 cm,Medium,Class 7,NCERT,Circles
2192,Mathematics,What is the formula for the volume of a cylinder?,πr²h,Basic,Class 8,NCERT,Mensuration
2193,Mathematics,What is the sum of 56 and 24?,80,Advanced,Class 10,NCERT,Addition
2194,Mathematics,Find the probability of getting heads in a fair coin toss.,01-Feb,Basic,Class 7,CDC Nepal,Probability
2195,Mathematics,Find the simple interest on Rs. 1000 at 5% per annum for 2 years.,Rs. 100,Basic,Class 8,CBSE,Commercial Mathematics
2196,Mathematics,What is the area of a rectangle with length 10 cm and width 9 cm?,90 cm²,Medium,Class 11,CDC Nepal,Mensuration
2197,Mathematics,What is the area of a rectangle with length 14 cm and width 7 cm?,98 cm²,Basic,Class 8,CDC Nepal,Mensuration
2198,Mathematics,What is the slope of the line y = 2x + 3?,2,Medium,Class 11,Nepal Curriculum,Coordinate Geometry
2199,Mathematics,Solve for x: 4x + 24 = 60,x = 9,Medium,Class 9,NCERT,Linear Equations
2200,Mathematics,Solve for x: 5x + 10 = 25,x = 3,Medium,Class 9,NCERT,Linear Equations
2201,Mathematics,Solve for x: 4x + 17 = 85,x = 17,Basic,Class 8,NCERT,Linear Equations
2202,Mathematics,What is the circumference of a circle with radius 7 cm? (Use π=22/7),44 cm,Medium,Class 7,Nepal Curriculum,Circles
2203,Mathematics,What is the area of a rectangle with length 5 cm and width 3 cm?,15 cm²,Basic,Class 6,CBSE,Mensuration
2204,Mathematics,What is the circumference of a circle with radius 7 cm? (Use π=22/7),44 cm,Basic,Class 7,CBSE,Circles
2205,Mathematics,Solve for x: 3x + 22 = 55,x = 11,Medium,Class 11,NCERT,Linear Equations
2206,Mathematics,Find the value of tan 45°.,1,Basic,Class 10,Nepal Curriculum,Trigonometry
2207,Mathematics,What is the formula for the volume of a cylinder?,πr²h,Advanced,Class 8,NCERT,Mensuration
2208,Mathematics,Solve for x: 3x + 11 = 44,x = 11,Medium,Class 11,NCERT,Linear Equations
2209,Mathematics,Solve for x: 5x + 10 = 30,x = 4,Medium,Class 9,CBSE,Linear Equations
2210,Mathematics,Solve for x: 2x + 19 = 57,x = 19,Basic,Class 7,CBSE,Linear Equations
2211,Mathematics,What is the value of π approximately to two decimal places?,3.14,Basic,Class 9,NCERT,Circles
2212,Mathematics,What is the smallest prime number?,2,Basic,Class 6,NCERT,Prime Numbers
2213,Mathematics,Solve for x: 5x + 7 = 67,x = 12,Medium,Class 9,CBSE,Linear Equations
2214,Mathematics,What is the area of a rectangle with length 10 cm and width 10 cm?,100 cm²,Medium,Class 6,NCERT,Mensuration
2215,Mathematics,What is the sum of 11 and 27?,38,Basic,Class 10,CBSE,Addition
2216,Mathematics,What is 34 multiplied by 57?,1938,Medium,Class 11,NCERT,Multiplication
2217,Mathematics,Solve for x: 2x + 5 = 11,x = 3,Basic,Class 12,NCERT,Linear Equations
2218,Mathematics,Simplify: 2(x + 3) - 4x,-2x + 6,Basic,Class 8,CBSE,Algebra
2219,Mathematics,What is the area of a rectangle with length 5 cm and width 12 cm?,60 cm²,Medium,Class 12,CDC Nepal,Mensuration
2220,Mathematics,What is the circumference of a circle with radius 7 cm? (Use π=22/7),44 cm,Basic,Class 7,CDC Nepal,Circles
2221,Mathematics,What is the area of a rectangle with length 13 cm and width 10 cm?,130 cm²,Basic,Class 11,CBSE,Mensuration
2222,Mathematics,Find the simple interest on Rs. 1000 at 5% per annum for 2 years.,Rs. 100,Basic,Class 8,CBSE,Commercial Mathematics
2223,Mathematics,What is the area of a rectangle with length 6 cm and width 13 cm?,78 cm²,Basic,Class 11,Nepal Curriculum,Mensuration
2224,Mathematics,What is 95 minus 37?,58,Medium,Class 6,CDC Nepal,Subtraction
2225,Mathematics,Find the sum of interior angles of a triangle.,180 degrees,Medium,Class 7,CBSE,Geometry
2226,Mathematics,What is the area of a rectangle with length 11 cm and width 4 cm?,44 cm²,Advanced,Class 8,Nepal Curriculum,Mensuration
2227,Mathematics,"Find the mean of the numbers 4, 7, 10, 13.",8.5,Medium,Class 9,Nepal Curriculum,Statistics
2228,Mathematics,Solve for x: 2x + 9 = 29,x = 10,Basic,Class 7,CDC Nepal,Linear Equations
2229,Mathematics,What is 68 minus 33?,35,Basic,Class 11,NCERT,Subtraction
2230,Mathematics,Solve for x: 2x + 16 = 52,x = 18,Medium,Class 10,CDC Nepal,Linear Equations
2231,Mathematics,What is the value of π approximately to two decimal places?,3.14,Advanced,Class 9,CBSE,Circles
2232,Mathematics,What is the formula for the volume of a cylinder?,πr²h,Medium,Class 8,NCERT,Mensuration
2233,Mathematics,Solve for x: 3x + 24 = 63,x = 13,Medium,Class 11,CBSE,Linear Equations
2234,Mathematics,What is the sum of 16 and 92?,108,Advanced,Class 9,NCERT,Addition
2235,Mathematics,Solve for x: 2x + 5 = 11,x = 3,Basic,Class 7,CBSE,Linear Equations
2236,Mathematics,Convert 0.75 to a fraction in lowest terms.,03-Apr,Basic,Class 6,NCERT,Fractions and Decimals
2237,Mathematics,Solve for x: 3x + 28 = 40,x = 4,Medium,Class 11,CBSE,Linear Equations
2238,Mathematics,What is the area of a rectangle with length 14 cm and width 12 cm?,168 cm²,Basic,Class 7,CBSE,Mensuration
2239,Mathematics,What is the area of a rectangle with length 14 cm and width 6 cm?,84 cm²,Basic,Class 6,Nepal Curriculum,Mensuration
2240,Mathematics,What is the area of a rectangle with length 5 cm and width 3 cm?,15 cm²,Basic,Class 6,CBSE,Mensuration
2241,Mathematics,Solve for x: 3x + 13 = 16,x = 1,Basic,Class 7,NCERT,Linear Equations
2242,Mathematics,What is the smallest prime number?,2,Advanced,Class 6,CDC Nepal,Prime Numbers
2243,Mathematics,What is 12 multiplied by 82?,984,Basic,Class 9,CBSE,Multiplication
2244,Mathematics,Find the sum of interior angles of a triangle.,180 degrees,Advanced,Class 10,NCERT,Geometry
2245,Mathematics,What is the circumference of a circle with radius 7 cm? (Use π=22/7),44 cm,Advanced,Class 9,NCERT,Circles
2246,Mathematics,What is the value of π approximately to two decimal places?,3.14,Advanced,Class 9,Nepal Curriculum,Circles
2247,Mathematics,Find the sum of interior angles of a triangle.,180 degrees,Advanced,Class 7,Nepal Curriculum,Geometry
2248,Mathematics,Find the value of tan 45°.,1,Advanced,Class 10,CDC Nepal,Trigonometry
2249,Mathematics,What is the circumference of a circle with radius 7 cm? (Use π=22/7),44 cm,Basic,Class 11,NCERT,Circles
2250,Mathematics,What is the area of a rectangle with length 6 cm and width 12 cm?,72 cm²,Basic,Class 12,CDC Nepal,Mensuration
2251,Mathematics,Solve for x: 2x + 28 = 60,x = 16,Medium,Class 10,CDC Nepal,Linear Equations
2252,Mathematics,What is the value of sin 30°?,01-Feb,Advanced,Class 10,NCERT,Trigonometry
2253,Mathematics,What is the area of a rectangle with length 5 cm and width 3 cm?,15 cm²,Medium,Class 6,CDC Nepal,Mensuration
2254,Mathematics,What is the Pythagorean theorem?,a² + b² = c²,Basic,Class 9,CDC Nepal,Triangles
2255,Mathematics,What is the area of a rectangle with length 13 cm and width 4 cm?,52 cm²,Advanced,Class 7,Nepal Curriculum,Mensuration
2256,Mathematics,What is the sum of 98 and 52?,150,Advanced,Class 11,NCERT,Addition
2257,Mathematics,What is the area of a rectangle with length 15 cm and width 11 cm?,165 cm²,Advanced,Class 9,CDC Nepal,Mensuration
2258,Mathematics,Solve for x: 2x + 15 = 23,x = 4,Basic,Class 7,Nepal Curriculum,Linear Equations
2259,Mathematics,What is 50 multiplied by 58?,2900,Advanced,Class 6,NCERT,Multiplication
2260,Mathematics,What is the slope of the line y = 2x + 3?,2,Advanced,Class 11,CDC Nepal,Coordinate Geometry
2261,Mathematics,What is the area of a rectangle with length 12 cm and width 12 cm?,144 cm²,Medium,Class 8,Nepal Curriculum,Mensuration
2262,Mathematics,What is the smallest prime number?,2,Advanced,Class 6,CDC Nepal,Prime Numbers
2263,Mathematics,Simplify: 2(x + 3) - 4x,-2x + 6,Basic,Class 8,CDC Nepal,Algebra
2264,Mathematics,Simplify: 2(x + 3) - 4x,-2x + 6,Basic,Class 8,NCERT,Algebra
2265,Mathematics,Solve for x: 5x + 25 = 120,x = 19,Basic,Class 8,Nepal Curriculum,Linear Equations
2266,Mathematics,What is the circumference of a circle with radius 7 cm? (Use π=22/7),44 cm,Medium,Class 11,Nepal Curriculum,Circles
2267,Mathematics,What is the area of a rectangle with length 3 cm and width 15 cm?,45 cm²,Advanced,Class 7,Nepal Curriculum,Mensuration
2268,Mathematics,Solve the quadratic equation x² - 5x + 6 = 0,x=2 or x=3,Medium,Class 11,NCERT,Quadratic Equations
2269,Mathematics,What is the value of π approximately to two decimal places?,3.14,Medium,Class 8,CDC Nepal,Circles
2270,Mathematics,Simplify: 2(x + 3) - 4x,-2x + 6,Medium,Class 8,Nepal Curriculum,Algebra
2271,Mathematics,What is 84 multiplied by 16?,1344,Medium,Class 10,CBSE,Multiplication
2272,Mathematics,Solve for x: 4x + 9 = 73,x = 16,Basic,Class 7,Nepal Curriculum,Linear Equations
2273,Mathematics,What is the value of sin 30°?,01-Feb,Advanced,Class 10,NCERT,Trigonometry
2274,Mathematics,What is the slope of the line y = 2x + 3?,2,Basic,Class 11,Nepal Curriculum,Coordinate Geometry
2275,Mathematics,Solve: 3y - 7 = 14,y = 7,Advanced,Class 7,Nepal Curriculum,Linear Equations
2276,Mathematics,What is 16 multiplied by 25?,400,Medium,Class 6,CBSE,Multiplication
2277,Mathematics,What is 25 minus 40?,-15,Advanced,Class 7,CDC Nepal,Subtraction
2278,Mathematics,Find the value of tan 45°.,1,Basic,Class 10,CDC Nepal,Trigonometry
2279,Mathematics,What is the number of sides in a hexagon?,6,Advanced,Class 12,CDC Nepal,Polygons
2280,Mathematics,What is the number of sides in a hexagon?,6,Medium,Class 6,NCERT,Polygons
2281,Mathematics,What is the area of a rectangle with length 5 cm and width 3 cm?,15 cm²,Basic,Class 6,Nepal Curriculum,Mensuration
2282,Mathematics,What is the slope of the line y = 2x + 3?,2,Advanced,Class 11,CBSE,Coordinate Geometry
2283,Mathematics,Solve for x: 4x + 23 = 79,x = 14,Basic,Class 6,Nepal Curriculum,Linear Equations
2284,Mathematics,What is the area of a rectangle with length 5 cm and width 3 cm?,15 cm²,Advanced,Class 6,Nepal Curriculum,Mensuration
2285,Mathematics,What is the area of a rectangle with length 11 cm and width 15 cm?,165 cm²,Basic,Class 11,CDC Nepal,Mensuration
2286,Mathematics,What is the slope of the line y = 2x + 3?,2,Advanced,Class 11,NCERT,Coordinate Geometry
2287,Mathematics,What is the sum of 86 and 98?,184,Advanced,Class 7,NCERT,Addition
2288,Mathematics,What is 83 multiplied by 36?,2988,Medium,Class 12,Nepal Curriculum,Multiplication
2289,Mathematics,What is the formula for the volume of a cylinder?,πr²h,Basic,Class 8,NCERT,Mensuration
2290,Mathematics,Solve for x: 3x + 14 = 17,x = 1,Basic,Class 8,NCERT,Linear Equations
2291,Mathematics,What is 72 minus 98?,-26,Medium,Class 10,CBSE,Subtraction
2292,Mathematics,What is the area of a rectangle with length 3 cm and width 6 cm?,18 cm²,Basic,Class 10,NCERT,Mensuration
2293,Mathematics,Simplify: 2(x + 3) - 4x,-2x + 6,Basic,Class 8,Nepal Curriculum,Algebra
2294,Mathematics,What is 42 minus 43?,-1,Basic,Class 8,Nepal Curriculum,Subtraction
2295,Mathematics,What is the HCF of 12 and 18?,6,Medium,Class 6,Nepal Curriculum,HCF and LCM
2296,Mathematics,What is the formula for the volume of a cylinder?,πr²h,Advanced,Class 8,Nepal Curriculum,Mensuration
2297,Mathematics,Solve for x: 4x + 30 = 50,x = 5,Medium,Class 10,CDC Nepal,Linear Equations
2298,Mathematics,Find the value of tan 45°.,1,Basic,Class 10,CBSE,Trigonometry
2299,Mathematics,Find the sum of interior angles of a triangle.,180 degrees,Advanced,Class 7,CDC Nepal,Geometry
2300,Mathematics,What is the number of sides in a hexagon?,6,Basic,Class 6,CBSE,Polygons
2301,Mathematics,What is 58 minus 38?,20,Basic,Class 7,NCERT,Subtraction
2302,Mathematics,What is the area of a rectangle with length 15 cm and width 10 cm?,150 cm²,Basic,Class 6,NCERT,Mensuration
2303,Mathematics,What is the area of a rectangle with length 12 cm and width 4 cm?,48 cm²,Advanced,Class 11,NCERT,Mensuration
2304,Mathematics,What is the value of π approximately to two decimal places?,3.14,Basic,Class 9,CDC Nepal,Circles
2305,Mathematics,What is the area of a rectangle with length 14 cm and width 5 cm?,70 cm²,Medium,Class 7,Nepal Curriculum,Mensuration
2306,Mathematics,What is the slope of the line y = 2x + 3?,2,Advanced,Class 11,NCERT,Coordinate Geometry
2307,Mathematics,What is the area of a rectangle with length 9 cm and width 14 cm?,126 cm²,Medium,Class 11,CDC Nepal,Mensuration
2308,Mathematics,"Find the mean of the numbers 4, 7, 10, 13.",8.5,Medium,Class 9,CBSE,Statistics
2309,Mathematics,Solve: 3y - 7 = 14,y = 7,Advanced,Class 7,Nepal Curriculum,Linear Equations
2310,Mathematics,What is the area of a rectangle with length 5 cm and width 3 cm?,15 cm²,Medium,Class 6,CBSE,Mensuration
2311,Mathematics,What is the area of a rectangle with length 4 cm and width 5 cm?,20 cm²,Basic,Class 11,NCERT,Mensuration
2312,Mathematics,Simplify: 2(x + 3) - 4x,-2x + 6,Advanced,Class 8,NCERT,Algebra
2313,Mathematics,Solve for x: 2x + 17 = 51,x = 17,Medium,Class 9,NCERT,Linear Equations
2314,Mathematics,What is the area of a rectangle with length 14 cm and width 11 cm?,154 cm²,Advanced,Class 12,CBSE,Mensuration
2315,Mathematics,What is the area of a triangle with base 6 cm and height 8 cm?,24 cm²,Advanced,Class 7,NCERT,Mensuration
2316,Mathematics,What is 56 multiplied by 27?,1512,Advanced,Class 7,CBSE,Multiplication
2317,Mathematics,What is 24 multiplied by 53?,1272,Medium,Class 9,Nepal Curriculum,Multiplication
2318,Mathematics,Solve for x: 4x + 11 = 51,x = 10,Medium,Class 12,NCERT,Linear Equations
2319,Mathematics,What is the number of sides in a hexagon?,6,Medium,Class 10,NCERT,Polygons
2320,Mathematics,Solve for x: 5x + 15 = 115,x = 20,Medium,Class 10,CBSE,Linear Equations
2321,Mathematics,What is the smallest prime number?,2,Medium,Class 6,Nepal Curriculum,Prime Numbers
2322,Mathematics,Solve for x: 3x + 18 = 27,x = 3,Basic,Class 6,NCERT,Linear Equations
2323,Mathematics,What is 60 minus 57?,3,Basic,Class 6,CBSE,Subtraction
2324,Mathematics,What is 66 minus 94?,-28,Advanced,Class 7,Nepal Curriculum,Subtraction
2325,Mathematics,Solve: 3y - 7 = 14,y = 7,Basic,Class 7,Nepal Curriculum,Linear Equations
2326,Mathematics,Simplify: 2(x + 3) - 4x,-2x + 6,Basic,Class 8,CDC Nepal,Algebra
2327,Mathematics,What is the area of a rectangle with length 10 cm and width 13 cm?,130 cm²,Basic,Class 8,CBSE,Mensuration
2328,Mathematics,Find the simple interest on Rs. 1000 at 5% per annum for 2 years.,Rs. 100,Advanced,Class 8,Nepal Curriculum,Commercial Mathematics
2329,Mathematics,What is the value of π approximately to two decimal places?,3.14,Advanced,Class 9,CDC Nepal,Circles
2330,Mathematics,Find the sum of interior angles of a triangle.,180 degrees,Basic,Class 7,Nepal Curriculum,Geometry
2331,Mathematics,What is the smallest prime number?,2,Advanced,Class 6,NCERT,Prime Numbers
2332,Mathematics,Solve for x: 4x + 20 = 60,x = 10,Basic,Class 8,NCERT,Linear Equations
2333,Mathematics,What is the area of a rectangle with length 5 cm and width 6 cm?,30 cm²,Advanced,Class 7,CBSE,Mensuration
2334,Mathematics,What is the area of a rectangle with length 9 cm and width 6 cm?,54 cm²,Medium,Class 12,CDC Nepal,Mensuration
2335,Mathematics,What is 85 multiplied by 90?,7650,Basic,Class 12,Nepal Curriculum,Multiplication
2336,Mathematics,What is the HCF of 12 and 18?,6,Medium,Class 6,CBSE,HCF and LCM
2337,Mathematics,What is the area of a rectangle with length 4 cm and width 3 cm?,12 cm²,Medium,Class 7,CDC Nepal,Mensuration
2338,Mathematics,What is the sum of 64 and 71?,135,Advanced,Class 8,CDC Nepal,Addition
2339,Mathematics,Solve for x: 5x + 12 = 72,x = 12,Basic,Class 8,CBSE,Linear Equations
2340,Mathematics,What is 51 minus 37?,14,Basic,Class 7,CDC Nepal,Subtraction
2341,Mathematics,Find the value of tan 45°.,1,Basic,Class 10,Nepal Curriculum,Trigonometry
2342,Mathematics,Find the simple interest on Rs. 1000 at 5% per annum for 2 years.,Rs. 100,Medium,Class 8,CBSE,Commercial Mathematics
2343,Mathematics,What is the smallest prime number?,2,Advanced,Class 6,Nepal Curriculum,Prime Numbers
2344,Mathematics,"Find the mean of the numbers 4, 7, 10, 13.",8.5,Advanced,Class 9,CBSE,Statistics
2345,Mathematics,What is the formula for the volume of a cylinder?,πr²h,Basic,Class 8,CDC Nepal,Mensuration
2346,Mathematics,Find the sum of interior angles of a triangle.,180 degrees,Basic,Class 7,NCERT,Geometry
2347,Mathematics,What is the number of sides in a hexagon?,6,Basic,Class 6,CDC Nepal,Polygons
2348,Mathematics,Solve for x: 3x + 22 = 70,x = 16,Basic,Class 6,Nepal Curriculum,Linear Equations
2349,Mathematics,What is the value of sin 30°?,01-Feb,Medium,Class 10,CBSE,Trigonometry
2350,Mathematics,What is the Pythagorean theorem?,a² + b² = c²,Advanced,Class 12,NCERT,Triangles
2351,Mathematics,What is the area of a rectangle with length 11 cm and width 15 cm?,165 cm²,Medium,Class 6,NCERT,Mensuration
2352,Mathematics,What is the formula for the volume of a cylinder?,πr²h,Advanced,Class 8,CBSE,Mensuration
2353,Mathematics,What is the slope of the line y = 2x + 3?,2,Basic,Class 11,Nepal Curriculum,Coordinate Geometry
2354,Mathematics,What is 75 multiplied by 59?,4425,Medium,Class 9,CDC Nepal,Multiplication
2355,Mathematics,What is 83 multiplied by 37?,3071,Basic,Class 8,NCERT,Multiplication
2356,Mathematics,What is the area of a rectangle with length 14 cm and width 11 cm?,154 cm²,Advanced,Class 12,CBSE,Mensuration
2357,Mathematics,Find the probability of getting heads in a fair coin toss.,01-Feb,Medium,Class 10,CBSE,Probability
2358,Mathematics,What is the area of a rectangle with length 7 cm and width 3 cm?,21 cm²,Basic,Class 7,Nepal Curriculum,Mensuration
2359,Mathematics,Solve for x: 2x + 5 = 11,x = 3,Basic,Class 8,Nepal Curriculum,Linear Equations
2360,Mathematics,What is 54 multiplied by 90?,4860,Advanced,Class 7,CBSE,Multiplication
2361,Mathematics,Convert 0.75 to a fraction in lowest terms.,03-Apr,Medium,Class 6,Nepal Curriculum,Fractions and Decimals
2362,Mathematics,What is the number of sides in a hexagon?,6,Medium,Class 10,NCERT,Polygons
2363,Mathematics,What is 12 multiplied by 78?,936,Advanced,Class 7,NCERT,Multiplication
2364,Mathematics,What is the number of sides in a hexagon?,6,Medium,Class 11,Nepal Curriculum,Polygons
2365,Mathematics,What is the sum of 90 and 60?,150,Medium,Class 7,CDC Nepal,Addition
2366,Mathematics,Solve: 3y - 7 = 14,y = 7,Medium,Class 7,CDC Nepal,Linear Equations
2367,Mathematics,Solve the quadratic equation x² - 5x + 6 = 0,x=2 or x=3,Medium,Class 10,Nepal Curriculum,Quadratic Equations
2368,Mathematics,Find the simple interest on Rs. 1000 at 5% per annum for 2 years.,Rs. 100,Advanced,Class 8,CBSE,Commercial Mathematics
2369,Mathematics,Solve the quadratic equation x² - 5x + 6 = 0,x=2 or x=3,Basic,Class 10,CDC Nepal,Quadratic Equations
2370,Mathematics,What is 41 multiplied by 68?,2788,Basic,Class 7,CDC Nepal,Multiplication
2371,Mathematics,What is the area of a triangle with base 6 cm and height 8 cm?,24 cm²,Basic,Class 7,NCERT,Mensuration
2372,Mathematics,What is the sum of 11 and 92?,103,Medium,Class 9,Nepal Curriculum,Addition
2373,Mathematics,What is the area of a rectangle with length 5 cm and width 3 cm?,15 cm²,Medium,Class 6,NCERT,Mensuration
2374,Mathematics,What is the area of a rectangle with length 5 cm and width 3 cm?,15 cm²,Basic,Class 6,Nepal Curriculum,Mensuration
2375,Mathematics,What is the slope of the line y = 2x + 3?,2,Medium,Class 11,Nepal Curriculum,Coordinate Geometry
2376,Mathematics,Find the simple interest on Rs. 1000 at 5% per annum for 2 years.,Rs. 100,Basic,Class 8,NCERT,Commercial Mathematics
2377,Mathematics,What is 15 multiplied by 23?,345,Advanced,Class 8,CBSE,Multiplication
2378,Mathematics,Solve: 3y - 7 = 14,y = 7,Basic,Class 7,Nepal Curriculum,Linear Equations
2379,Mathematics,Solve: 3y - 7 = 14,y = 7,Medium,Class 7,CBSE,Linear Equations
2380,Mathematics,What is the area of a rectangle with length 14 cm and width 4 cm?,56 cm²,Advanced,Class 7,CDC Nepal,Mensuration
2381,Mathematics,Find the sum of interior angles of a triangle.,180 degrees,Basic,Class 7,CBSE,Geometry
2382,Mathematics,Find the value of tan 45°.,1,Basic,Class 10,CBSE,Trigonometry
2383,Mathematics,What is 77 multiplied by 52?,4004,Basic,Class 6,Nepal Curriculum,Multiplication
2384,Mathematics,What is the area of a rectangle with length 7 cm and width 8 cm?,56 cm²,Advanced,Class 7,NCERT,Mensuration
2385,Mathematics,Find the simple interest on Rs. 1000 at 5% per annum for 2 years.,Rs. 100,Advanced,Class 8,CBSE,Commercial Mathematics
2386,Mathematics,What is the HCF of 12 and 18?,6,Basic,Class 11,Nepal Curriculum,HCF and LCM
2387,Mathematics,What is the value of π approximately to two decimal places?,3.14,Medium,Class 9,CDC Nepal,Circles
2388,Mathematics,What is the formula for the volume of a cylinder?,πr²h,Advanced,Class 6,Nepal Curriculum,Mensuration
2389,Mathematics,What is the HCF of 12 and 18?,6,Basic,Class 6,CDC Nepal,HCF and LCM
2390,Mathematics,Find the simple interest on Rs. 1000 at 5% per annum for 2 years.,Rs. 100,Medium,Class 8,CDC Nepal,Commercial Mathematics
2391,Mathematics,What is the number of sides in a hexagon?,6,Medium,Class 11,Nepal Curriculum,Polygons
2392,Mathematics,Convert 0.75 to a fraction in lowest terms.,03-Apr,Medium,Class 6,CDC Nepal,Fractions and Decimals
2393,Mathematics,What is 63 multiplied by 77?,4851,Basic,Class 12,Nepal Curriculum,Multiplication
2394,Mathematics,What is 12 multiplied by 56?,672,Medium,Class 7,CDC Nepal,Multiplication
2395,Mathematics,Solve for x: 4x + 19 = 39,x = 5,Basic,Class 6,Nepal Curriculum,Linear Equations
2396,Mathematics,What is 38 multiplied by 17?,646,Medium,Class 10,Nepal Curriculum,Multiplication
2397,Mathematics,What is the HCF of 12 and 18?,6,Medium,Class 6,NCERT,HCF and LCM
2398,Mathematics,What is the area of a rectangle with length 13 cm and width 12 cm?,156 cm²,Medium,Class 9,NCERT,Mensuration
2399,Mathematics,What is the sum of 28 and 20?,48,Basic,Class 10,NCERT,Addition
2400,Mathematics,Solve: 3y - 7 = 14,y = 7,Basic,Class 7,Nepal Curriculum,Linear Equations
2401,Mathematics,Solve for x: 5x + 30 = 85,x = 11,Basic,Class 7,NCERT,Linear Equations
2402,Mathematics,What is the HCF of 12 and 18?,6,Basic,Class 6,NCERT,HCF and LCM
2403,Mathematics,What is 64 minus 97?,-33,Advanced,Class 7,CBSE,Subtraction
2404,Mathematics,Solve for x: 4x + 7 = 31,x = 6,Medium,Class 10,CDC Nepal,Linear Equations
2405,Mathematics,Solve for x: 3x + 17 = 23,x = 2,Basic,Class 7,Nepal Curriculum,Linear Equations
2406,Mathematics,What is the Pythagorean theorem?,a² + b² = c²,Advanced,Class 10,CDC Nepal,Triangles
2407,Mathematics,What is the number of sides in a hexagon?,6,Medium,Class 6,CDC Nepal,Polygons
2408,Mathematics,"Find the mean of the numbers 4, 7, 10, 13.",8.5,Advanced,Class 9,Nepal Curriculum,Statistics
2409,Mathematics,Find the sum of interior angles of a triangle.,180 degrees,Basic,Class 7,CBSE,Geometry
2410,Mathematics,Simplify: 2(x + 3) - 4x,-2x + 6,Basic,Class 8,NCERT,Algebra
2411,Mathematics,Find the value of tan 45°.,1,Basic,Class 10,CBSE,Trigonometry
2412,Mathematics,What is the value of sin 30°?,01-Feb,Advanced,Class 10,NCERT,Trigonometry
2413,Mathematics,What is the slope of the line y = 2x + 3?,2,Advanced,Class 11,CDC Nepal,Coordinate Geometry
2414,Mathematics,What is the circumference of a circle with radius 7 cm? (Use π=22/7),44 cm,Basic,Class 7,NCERT,Circles
2415,Mathematics,What is the area of a rectangle with length 8 cm and width 15 cm?,120 cm²,Medium,Class 12,CDC Nepal,Mensuration
2416,Mathematics,Solve for x: 2x + 21 = 55,x = 17,Basic,Class 7,Nepal Curriculum,Linear Equations
2417,Mathematics,What is the value of π approximately to two decimal places?,3.14,Medium,Class 9,NCERT,Circles
2418,Mathematics,What is the HCF of 12 and 18?,6,Advanced,Class 6,NCERT,HCF and LCM
2419,Mathematics,What is the number of sides in a hexagon?,6,Advanced,Class 6,Nepal Curriculum,Polygons
2420,Mathematics,Solve for x: 4x + 14 = 34,x = 5,Basic,Class 7,CBSE,Linear Equations
2421,Mathematics,What is the sum of 88 and 87?,175,Basic,Class 9,Nepal Curriculum,Addition
2422,Mathematics,What is the sum of 49 and 80?,129,Basic,Class 9,CDC Nepal,Addition
2423,Mathematics,What is the circumference of a circle with radius 7 cm? (Use π=22/7),44 cm,Basic,Class 7,CDC Nepal,Circles
2424,Mathematics,What is the slope of the line y = 2x + 3?,2,Medium,Class 11,NCERT,Coordinate Geometry
2425,Mathematics,What is the Pythagorean theorem?,a² + b² = c²,Medium,Class 8,CBSE,Triangles
2426,Mathematics,What is the slope of the line y = 2x + 3?,2,Advanced,Class 9,CDC Nepal,Coordinate Geometry
2427,Mathematics,Simplify: 2(x + 3) - 4x,-2x + 6,Medium,Class 8,Nepal Curriculum,Algebra
2428,Mathematics,Solve for x: 5x + 13 = 83,x = 14,Medium,Class 10,NCERT,Linear Equations
2429,Mathematics,What is the area of a rectangle with length 11 cm and width 3 cm?,33 cm²,Basic,Class 11,Nepal Curriculum,Mensuration
2430,Mathematics,What is the area of a rectangle with length 4 cm and width 6 cm?,24 cm²,Medium,Class 8,CDC Nepal,Mensuration
2431,Mathematics,Solve for x: 5x + 8 = 98,x = 18,Medium,Class 11,NCERT,Linear Equations
2432,Mathematics,Find the sum of interior angles of a triangle.,180 degrees,Medium,Class 7,CDC Nepal,Geometry
2433,Mathematics,What is the circumference of a circle with radius 7 cm? (Use π=22/7),44 cm,Basic,Class 7,CBSE,Circles
2434,Mathematics,What is 68 multiplied by 14?,952,Basic,Class 9,Nepal Curriculum,Multiplication
2435,Mathematics,Solve for x: 5x + 6 = 16,x = 2,Basic,Class 7,CBSE,Linear Equations
2436,Mathematics,What is 12 minus 97?,-85,Basic,Class 9,CBSE,Subtraction
2437,Mathematics,Solve the quadratic equation x² - 5x + 6 = 0,x=2 or x=3,Basic,Class 10,CDC Nepal,Quadratic Equations
2438,Mathematics,What is the area of a rectangle with length 5 cm and width 3 cm?,15 cm²,Medium,Class 6,CDC Nepal,Mensuration
2439,Mathematics,What is 16 minus 21?,-5,Basic,Class 10,CBSE,Subtraction
2440,Mathematics,Solve for x: 5x + 20 = 90,x = 14,Basic,Class 8,Nepal Curriculum,Linear Equations
2441,Mathematics,Convert 0.75 to a fraction in lowest terms.,03-Apr,Medium,Class 9,Nepal Curriculum,Fractions and Decimals
2442,Mathematics,What is the slope of the line y = 2x + 3?,2,Advanced,Class 11,CBSE,Coordinate Geometry
2443,Mathematics,What is 68 minus 28?,40,Advanced,Class 12,CBSE,Subtraction
2444,Mathematics,Solve: 3y - 7 = 14,y = 7,Medium,Class 7,NCERT,Linear Equations
2445,Mathematics,What is the area of a rectangle with length 12 cm and width 4 cm?,48 cm²,Basic,Class 12,NCERT,Mensuration
2446,Mathematics,What is the value of sin 30°?,01-Feb,Medium,Class 10,Nepal Curriculum,Trigonometry
2447,Mathematics,What is the slope of the line y = 2x + 3?,2,Medium,Class 7,NCERT,Coordinate Geometry
2448,Mathematics,"Find the mean of the numbers 4, 7, 10, 13.",8.5,Basic,Class 9,CBSE,Statistics
2449,Mathematics,What is the area of a rectangle with length 10 cm and width 9 cm?,90 cm²,Basic,Class 12,CDC Nepal,Mensuration
2450,Mathematics,Convert 0.75 to a fraction in lowest terms.,03-Apr,Medium,Class 6,CBSE,Fractions and Decimals
2451,Mathematics,Solve the quadratic equation x² - 5x + 6 = 0,x=2 or x=3,Medium,Class 10,CBSE,Quadratic Equations
2452,Mathematics,Find the value of tan 45°.,1,Basic,Class 10,CDC Nepal,Trigonometry
2453,Mathematics,Solve: 3y - 7 = 14,y = 7,Advanced,Class 7,NCERT,Linear Equations
2454,Mathematics,What is the area of a rectangle with length 12 cm and width 9 cm?,108 cm²,Basic,Class 12,NCERT,Mensuration
2455,Mathematics,What is the area of a rectangle with length 11 cm and width 12 cm?,132 cm²,Advanced,Class 12,NCERT,Mensuration
2456,Mathematics,What is 68 minus 80?,-12,Medium,Class 12,NCERT,Subtraction
2457,Mathematics,Find the simple interest on Rs. 1000 at 5% per annum for 2 years.,Rs. 100,Basic,Class 8,CDC Nepal,Commercial Mathematics
2458,Mathematics,What is 57 multiplied by 38?,2166,Advanced,Class 12,CBSE,Multiplication
2459,Mathematics,What is the formula for the volume of a cylinder?,πr²h,Medium,Class 8,CDC Nepal,Mensuration
2460,Mathematics,What is 29 multiplied by 57?,1653,Medium,Class 6,CBSE,Multiplication
2461,Mathematics,What is the slope of the line y = 2x + 3?,2,Medium,Class 11,CDC Nepal,Coordinate Geometry
2462,Mathematics,What is the number of sides in a hexagon?,6,Medium,Class 6,NCERT,Polygons
2463,Mathematics,What is the value of π approximately to two decimal places?,3.14,Medium,Class 10,Nepal Curriculum,Circles
2464,Mathematics,Solve for x: 3x + 21 = 33,x = 4,Basic,Class 8,NCERT,Linear Equations
2465,Mathematics,Solve the quadratic equation x² - 5x + 6 = 0,x=2 or x=3,Medium,Class 12,CBSE,Quadratic Equations
2466,Mathematics,What is the area of a rectangle with length 5 cm and width 3 cm?,15 cm²,Basic,Class 6,NCERT,Mensuration
2467,Mathematics,What is the area of a rectangle with length 11 cm and width 4 cm?,44 cm²,Basic,Class 10,CDC Nepal,Mensuration
2468,Mathematics,What is the HCF of 12 and 18?,6,Medium,Class 6,CBSE,HCF and LCM
2469,Mathematics,What is the number of sides in a hexagon?,6,Basic,Class 6,Nepal Curriculum,Polygons
2470,Mathematics,Solve for x: 2x + 5 = 11,x = 3,Advanced,Class 7,CBSE,Linear Equations
2471,Mathematics,What is the HCF of 12 and 18?,6,Advanced,Class 6,NCERT,HCF and LCM
2472,Mathematics,Find the value of tan 45°.,1,Basic,Class 10,Nepal Curriculum,Trigonometry
2473,Mathematics,Solve the quadratic equation x² - 5x + 6 = 0,x=2 or x=3,Basic,Class 10,CDC Nepal,Quadratic Equations
2474,Mathematics,What is the sum of 12 and 62?,74,Basic,Class 12,CDC Nepal,Addition
2475,Mathematics,Solve for x: 5x + 30 = 85,x = 11,Basic,Class 6,Nepal Curriculum,Linear Equations
2476,Mathematics,What is the smallest prime number?,2,Basic,Class 6,NCERT,Prime Numbers
2477,Mathematics,What is the circumference of a circle with radius 7 cm? (Use π=22/7),44 cm,Medium,Class 7,NCERT,Circles
2478,Mathematics,What is the formula for the volume of a cylinder?,πr²h,Basic,Class 8,NCERT,Mensuration
2479,Mathematics,What is the sum of 56 and 24?,80,Advanced,Class 10,NCERT,Addition
2480,Mathematics,Find the probability of getting heads in a fair coin toss.,01-Feb,Basic,Class 7,CDC Nepal,Probability
2481,Mathematics,Find the simple interest on Rs. 1000 at 5% per annum for 2 years.,Rs. 100,Basic,Class 8,CBSE,Commercial Mathematics
2482,Mathematics,What is the area of a rectangle with length 10 cm and width 9 cm?,90 cm²,Medium,Class 11,CDC Nepal,Mensuration
2483,Mathematics,What is the area of a rectangle with length 14 cm and width 7 cm?,98 cm²,Basic,Class 8,CDC Nepal,Mensuration
2484,Mathematics,What is the slope of the line y = 2x + 3?,2,Medium,Class 11,Nepal Curriculum,Coordinate Geometry
2485,Mathematics,Solve for x: 4x + 24 = 60,x = 9,Medium,Class 9,NCERT,Linear Equations
2486,Mathematics,Solve for x: 5x + 10 = 25,x = 3,Medium,Class 9,NCERT,Linear Equations
2487,Mathematics,Solve for x: 4x + 17 = 85,x = 17,Basic,Class 8,NCERT,Linear Equations
2488,Mathematics,What is the circumference of a circle with radius 7 cm? (Use π=22/7),44 cm,Medium,Class 7,Nepal Curriculum,Circles
2489,Mathematics,What is the area of a rectangle with length 5 cm and width 3 cm?,15 cm²,Basic,Class 6,CBSE,Mensuration
2490,Mathematics,What is the circumference of a circle with radius 7 cm? (Use π=22/7),44 cm,Basic,Class 7,CBSE,Circles
2491,Mathematics,Solve for x: 3x + 22 = 55,x = 11,Medium,Class 11,NCERT,Linear Equations
2492,Mathematics,Find the value of tan 45°.,1,Basic,Class 10,Nepal Curriculum,Trigonometry
2493,Mathematics,What is the formula for the volume of a cylinder?,πr²h,Advanced,Class 8,NCERT,Mensuration
2494,Mathematics,Solve for x: 3x + 11 = 44,x = 11,Medium,Class 11,NCERT,Linear Equations
2495,Mathematics,Solve for x: 5x + 10 = 30,x = 4,Medium,Class 9,CBSE,Linear Equations
2496,Mathematics,Solve for x: 2x + 19 = 57,x = 19,Basic,Class 7,CBSE,Linear Equations
2497,Mathematics,What is the value of π approximately to two decimal places?,3.14,Basic,Class 9,NCERT,Circles
2498,Mathematics,What is the smallest prime number?,2,Basic,Class 6,NCERT,Prime Numbers
2499,Mathematics,Solve for x: 5x + 7 = 67,x = 12,Medium,Class 9,CBSE,Linear Equations
2500,Mathematics,What is the area of a rectangle with length 10 cm and width 10 cm?,100 cm²,Medium,Class 6,NCERT,Mensuration
2501,Mathematics,What is the sum of 11 and 27?,38,Basic,Class 10,CBSE,Addition
2502,Mathematics,What is 34 multiplied by 57?,1938,Medium,Class 11,NCERT,Multiplication
2503,Mathematics,Solve for x: 2x + 5 = 11,x = 3,Basic,Class 12,NCERT,Linear Equations
2504,Mathematics,Simplify: 2(x + 3) - 4x,-2x + 6,Basic,Class 8,CBSE,Algebra
2505,Mathematics,What is the area of a rectangle with length 5 cm and width 12 cm?,60 cm²,Medium,Class 12,CDC Nepal,Mensuration
2506,Mathematics,What is the circumference of a circle with radius 7 cm? (Use π=22/7),44 cm,Basic,Class 7,CDC Nepal,Circles
2507,Mathematics,What is the area of a rectangle with length 13 cm and width 10 cm?,130 cm²,Basic,Class 11,CBSE,Mensuration
2508,Mathematics,Find the simple interest on Rs. 1000 at 5% per annum for 2 years.,Rs. 100,Basic,Class 8,CBSE,Commercial Mathematics
2509,Mathematics,What is the area of a rectangle with length 6 cm and width 13 cm?,78 cm²,Basic,Class 11,Nepal Curriculum,Mensuration
2510,Mathematics,What is 95 minus 37?,58,Medium,Class 6,CDC Nepal,Subtraction
2511,Mathematics,Find the sum of interior angles of a triangle.,180 degrees,Medium,Class 7,CBSE,Geometry
2512,Mathematics,What is the area of a rectangle with length 11 cm and width 4 cm?,44 cm²,Advanced,Class 8,Nepal Curriculum,Mensuration
2513,Mathematics,"Find the mean of the numbers 4, 7, 10, 13.",8.5,Medium,Class 9,Nepal Curriculum,Statistics
2514,Mathematics,Solve for x: 2x + 9 = 29,x = 10,Basic,Class 7,CDC Nepal,Linear Equations
2515,Mathematics,What is 68 minus 33?,35,Basic,Class 11,NCERT,Subtraction
2516,Mathematics,Solve for x: 2x + 16 = 52,x = 18,Medium,Class 10,CDC Nepal,Linear Equations
2517,Mathematics,What is the value of π approximately to two decimal places?,3.14,Advanced,Class 9,CBSE,Circles
2518,Mathematics,What is the formula for the volume of a cylinder?,πr²h,Medium,Class 8,NCERT,Mensuration
2519,Mathematics,Solve for x: 3x + 24 = 63,x = 13,Medium,Class 11,CBSE,Linear Equations
2520,Mathematics,What is the sum of 16 and 92?,108,Advanced,Class 9,NCERT,Addition
2521,Mathematics,Solve for x: 2x + 5 = 11,x = 3,Basic,Class 7,CBSE,Linear Equations
2522,Mathematics,Convert 0.75 to a fraction in lowest terms.,03-Apr,Basic,Class 6,NCERT,Fractions and Decimals
2523,Mathematics,Solve for x: 3x + 28 = 40,x = 4,Medium,Class 11,CBSE,Linear Equations
2524,Mathematics,What is the area of a rectangle with length 14 cm and width 12 cm?,168 cm²,Basic,Class 7,CBSE,Mensuration
2525,Mathematics,What is the area of a rectangle with length 14 cm and width 6 cm?,84 cm²,Basic,Class 6,Nepal Curriculum,Mensuration
2526,Mathematics,What is the area of a rectangle with length 5 cm and width 3 cm?,15 cm²,Basic,Class 6,CBSE,Mensuration
2527,Mathematics,Solve for x: 3x + 13 = 16,x = 1,Basic,Class 7,NCERT,Linear Equations
2528,Mathematics,What is the smallest prime number?,2,Advanced,Class 6,CDC Nepal,Prime Numbers
2529,Mathematics,What is 12 multiplied by 82?,984,Basic,Class 9,CBSE,Multiplication
2530,Mathematics,Find the sum of interior angles of a triangle.,180 degrees,Advanced,Class 10,NCERT,Geometry
2531,Mathematics,What is the circumference of a circle with radius 7 cm? (Use π=22/7),44 cm,Advanced,Class 9,NCERT,Circles
2532,Mathematics,What is the value of π approximately to two decimal places?,3.14,Advanced,Class 9,Nepal Curriculum,Circles
2533,Mathematics,Find the sum of interior angles of a triangle.,180 degrees,Advanced,Class 7,Nepal Curriculum,Geometry
2534,Mathematics,Find the value of tan 45°.,1,Advanced,Class 10,CDC Nepal,Trigonometry
2535,Mathematics,What is the circumference of a circle with radius 7 cm? (Use π=22/7),44 cm,Basic,Class 11,NCERT,Circles
2536,Mathematics,What is the area of a rectangle with length 6 cm and width 12 cm?,72 cm²,Basic,Class 12,CDC Nepal,Mensuration
2537,Mathematics,Solve for x: 2x + 28 = 60,x = 16,Medium,Class 10,CDC Nepal,Linear Equations
2538,Mathematics,What is the value of sin 30°?,01-Feb,Advanced,Class 10,NCERT,Trigonometry
2539,Mathematics,What is the area of a rectangle with length 5 cm and width 3 cm?,15 cm²,Medium,Class 6,CDC Nepal,Mensuration
2540,Mathematics,What is the Pythagorean theorem?,a² + b² = c²,Basic,Class 9,CDC Nepal,Triangles
2541,Mathematics,What is the area of a rectangle with length 13 cm and width 4 cm?,52 cm²,Advanced,Class 7,Nepal Curriculum,Mensuration
2542,Mathematics,What is the sum of 98 and 52?,150,Advanced,Class 11,NCERT,Addition
2543,Mathematics,What is the area of a rectangle with length 15 cm and width 11 cm?,165 cm²,Advanced,Class 9,CDC Nepal,Mensuration
2544,Mathematics,Solve for x: 2x + 15 = 23,x = 4,Basic,Class 7,Nepal Curriculum,Linear Equations
2545,Mathematics,What is 50 multiplied by 58?,2900,Advanced,Class 6,NCERT,Multiplication
2546,Mathematics,What is the slope of the line y = 2x + 3?,2,Advanced,Class 11,CDC Nepal,Coordinate Geometry
2547,Mathematics,What is the area of a rectangle with length 12 cm and width 12 cm?,144 cm²,Medium,Class 8,Nepal Curriculum,Mensuration
2548,Mathematics,What is the smallest prime number?,2,Advanced,Class 6,CDC Nepal,Prime Numbers
2549,Mathematics,Simplify: 2(x + 3) - 4x,-2x + 6,Basic,Class 8,CDC Nepal,Algebra
2550,Mathematics,Simplify: 2(x + 3) - 4x,-2x + 6,Basic,Class 8,NCERT,Algebra
2551,Mathematics,Solve for x: 5x + 25 = 120,x = 19,Basic,Class 8,Nepal Curriculum,Linear Equations
2552,Mathematics,What is the circumference of a circle with radius 7 cm? (Use π=22/7),44 cm,Medium,Class 11,Nepal Curriculum,Circles
2553,Mathematics,What is the area of a rectangle with length 3 cm and width 15 cm?,45 cm²,Advanced,Class 7,Nepal Curriculum,Mensuration
2554,Mathematics,Solve the quadratic equation x² - 5x + 6 = 0,x=2 or x=3,Medium,Class 11,NCERT,Quadratic Equations
2555,Mathematics,What is the value of π approximately to two decimal places?,3.14,Medium,Class 8,CDC Nepal,Circles
2556,Mathematics,Simplify: 2(x + 3) - 4x,-2x + 6,Medium,Class 8,Nepal Curriculum,Algebra
2557,Mathematics,What is 84 multiplied by 16?,1344,Medium,Class 10,CBSE,Multiplication
2558,Mathematics,Solve for x: 4x + 9 = 73,x = 16,Basic,Class 7,Nepal Curriculum,Linear Equations
2559,Mathematics,What is the value of sin 30°?,01-Feb,Advanced,Class 10,NCERT,Trigonometry
2560,Mathematics,What is the slope of the line y = 2x + 3?,2,Basic,Class 11,Nepal Curriculum,Coordinate Geometry
2561,Mathematics,Solve: 3y - 7 = 14,y = 7,Advanced,Class 7,Nepal Curriculum,Linear Equations
2562,Mathematics,What is 16 multiplied by 25?,400,Medium,Class 6,CBSE,Multiplication
2563,Mathematics,What is 25 minus 40?,-15,Advanced,Class 7,CDC Nepal,Subtraction
2564,Mathematics,Find the value of tan 45°.,1,Basic,Class 10,CDC Nepal,Trigonometry
2565,Mathematics,What is the number of sides in a hexagon?,6,Advanced,Class 12,CDC Nepal,Polygons
2566,Mathematics,What is the number of sides in a hexagon?,6,Medium,Class 6,NCERT,Polygons
2567,Mathematics,What is the area of a rectangle with length 5 cm and width 3 cm?,15 cm²,Basic,Class 6,Nepal Curriculum,Mensuration
2568,Mathematics,What is the slope of the line y = 2x + 3?,2,Advanced,Class 11,CBSE,Coordinate Geometry
2569,Mathematics,Solve for x: 4x + 23 = 79,x = 14,Basic,Class 6,Nepal Curriculum,Linear Equations
2570,Mathematics,What is the area of a rectangle with length 5 cm and width 3 cm?,15 cm²,Advanced,Class 6,Nepal Curriculum,Mensuration
2571,Mathematics,What is the area of a rectangle with length 11 cm and width 15 cm?,165 cm²,Basic,Class 11,CDC Nepal,Mensuration
2572,Mathematics,What is the slope of the line y = 2x + 3?,2,Advanced,Class 11,NCERT,Coordinate Geometry
2573,Mathematics,What is the sum of 86 and 98?,184,Advanced,Class 7,NCERT,Addition
2574,Mathematics,What is 83 multiplied by 36?,2988,Medium,Class 12,Nepal Curriculum,Multiplication
2575,Mathematics,What is the formula for the volume of a cylinder?,πr²h,Basic,Class 8,NCERT,Mensuration
2576,Mathematics,Solve for x: 3x + 14 = 17,x = 1,Basic,Class 8,NCERT,Linear Equations
2577,Mathematics,What is 72 minus 98?,-26,Medium,Class 10,CBSE,Subtraction
2578,Mathematics,What is the area of a rectangle with length 3 cm and width 6 cm?,18 cm²,Basic,Class 10,NCERT,Mensuration
2579,Mathematics,Simplify: 2(x + 3) - 4x,-2x + 6,Basic,Class 8,Nepal Curriculum,Algebra
2580,Mathematics,What is 42 minus 43?,-1,Basic,Class 8,Nepal Curriculum,Subtraction
2581,Mathematics,What is the HCF of 12 and 18?,6,Medium,Class 6,Nepal Curriculum,HCF and LCM
2582,Mathematics,What is the formula for the volume of a cylinder?,πr²h,Advanced,Class 8,Nepal Curriculum,Mensuration
2583,Mathematics,Solve for x: 4x + 30 = 50,x = 5,Medium,Class 10,CDC Nepal,Linear Equations
2584,Mathematics,Find the value of tan 45°.,1,Basic,Class 10,CBSE,Trigonometry
2585,Mathematics,Find the sum of interior angles of a triangle.,180 degrees,Advanced,Class 7,CDC Nepal,Geometry
2586,Mathematics,What is the number of sides in a hexagon?,6,Basic,Class 6,CBSE,Polygons
2587,Mathematics,What is 58 minus 38?,20,Basic,Class 7,NCERT,Subtraction
2588,Mathematics,What is the area of a rectangle with length 15 cm and width 10 cm?,150 cm²,Basic,Class 6,NCERT,Mensuration
2589,Mathematics,What is the area of a rectangle with length 12 cm and width 4 cm?,48 cm²,Advanced,Class 11,NCERT,Mensuration
2590,Mathematics,What is the value of π approximately to two decimal places?,3.14,Basic,Class 9,CDC Nepal,Circles
2591,Mathematics,What is the area of a rectangle with length 14 cm and width 5 cm?,70 cm²,Medium,Class 7,Nepal Curriculum,Mensuration
2592,Mathematics,What is the slope of the line y = 2x + 3?,2,Advanced,Class 11,NCERT,Coordinate Geometry
2593,Mathematics,What is the area of a rectangle with length 9 cm and width 14 cm?,126 cm²,Medium,Class 11,CDC Nepal,Mensuration
2594,Mathematics,"Find the mean of the numbers 4, 7, 10, 13.",8.5,Medium,Class 9,CBSE,Statistics
2595,Mathematics,Solve: 3y - 7 = 14,y = 7,Advanced,Class 7,Nepal Curriculum,Linear Equations
2596,Mathematics,What is the area of a rectangle with length 5 cm and width 3 cm?,15 cm²,Medium,Class 6,CBSE,Mensuration
2597,Mathematics,What is the area of a rectangle with length 4 cm and width 5 cm?,20 cm²,Basic,Class 11,NCERT,Mensuration
2598,Mathematics,Simplify: 2(x + 3) - 4x,-2x + 6,Advanced,Class 8,NCERT,Algebra
2599,Mathematics,Solve for x: 2x + 17 = 51,x = 17,Medium,Class 9,NCERT,Linear Equations
2600,Mathematics,What is the area of a rectangle with length 14 cm and width 11 cm?,154 cm²,Advanced,Class 12,CBSE,Mensuration
2601,Mathematics,What is the area of a triangle with base 6 cm and height 8 cm?,24 cm²,Advanced,Class 7,NCERT,Mensuration
2602,Mathematics,What is 56 multiplied by 27?,1512,Advanced,Class 7,CBSE,Multiplication
2603,Mathematics,What is 24 multiplied by 53?,1272,Medium,Class 9,Nepal Curriculum,Multiplication
2604,Mathematics,Solve for x: 4x + 11 = 51,x = 10,Medium,Class 12,NCERT,Linear Equations
2605,Mathematics,What is the number of sides in a hexagon?,6,Medium,Class 10,NCERT,Polygons
2606,Mathematics,Solve for x: 5x + 15 = 115,x = 20,Medium,Class 10,CBSE,Linear Equations
2607,Mathematics,What is the smallest prime number?,2,Medium,Class 6,Nepal Curriculum,Prime Numbers
2608,Mathematics,Solve for x: 3x + 18 = 27,x = 3,Basic,Class 6,NCERT,Linear Equations
2609,Mathematics,What is 60 minus 57?,3,Basic,Class 6,CBSE,Subtraction
2610,Mathematics,What is 66 minus 94?,-28,Advanced,Class 7,Nepal Curriculum,Subtraction
2611,Mathematics,Solve: 3y - 7 = 14,y = 7,Basic,Class 7,Nepal Curriculum,Linear Equations
2612,Mathematics,Simplify: 2(x + 3) - 4x,-2x + 6,Basic,Class 8,CDC Nepal,Algebra
2613,Mathematics,What is the area of a rectangle with length 10 cm and width 13 cm?,130 cm²,Basic,Class 8,CBSE,Mensuration
2614,Mathematics,Find the simple interest on Rs. 1000 at 5% per annum for 2 years.,Rs. 100,Advanced,Class 8,Nepal Curriculum,Commercial Mathematics
2615,Mathematics,What is the value of π approximately to two decimal places?,3.14,Advanced,Class 9,CDC Nepal,Circles
2616,Mathematics,Find the sum of interior angles of a triangle.,180 degrees,Basic,Class 7,Nepal Curriculum,Geometry
2617,Mathematics,What is the smallest prime number?,2,Advanced,Class 6,NCERT,Prime Numbers
2618,Mathematics,Solve for x: 4x + 20 = 60,x = 10,Basic,Class 8,NCERT,Linear Equations
2619,Mathematics,What is the area of a rectangle with length 5 cm and width 6 cm?,30 cm²,Advanced,Class 7,CBSE,Mensuration
2620,Mathematics,What is the area of a rectangle with length 9 cm and width 6 cm?,54 cm²,Medium,Class 12,CDC Nepal,Mensuration
2621,Mathematics,What is 85 multiplied by 90?,7650,Basic,Class 12,Nepal Curriculum,Multiplication
2622,Mathematics,What is the HCF of 12 and 18?,6,Medium,Class 6,CBSE,HCF and LCM
2623,Mathematics,What is the area of a rectangle with length 4 cm and width 3 cm?,12 cm²,Medium,Class 7,CDC Nepal,Mensuration
2624,Mathematics,What is the sum of 64 and 71?,135,Advanced,Class 8,CDC Nepal,Addition
2625,Mathematics,Solve for x: 5x + 12 = 72,x = 12,Basic,Class 8,CBSE,Linear Equations
2626,Mathematics,What is 51 minus 37?,14,Basic,Class 7,CDC Nepal,Subtraction
2627,Mathematics,Find the value of tan 45°.,1,Basic,Class 10,Nepal Curriculum,Trigonometry
2628,Mathematics,Find the simple interest on Rs. 1000 at 5% per annum for 2 years.,Rs. 100,Medium,Class 8,CBSE,Commercial Mathematics
2629,Mathematics,What is the smallest prime number?,2,Advanced,Class 6,Nepal Curriculum,Prime Numbers
2630,Mathematics,"Find the mean of the numbers 4, 7, 10, 13.",8.5,Advanced,Class 9,CBSE,Statistics
2631,Mathematics,What is the formula for the volume of a cylinder?,πr²h,Basic,Class 8,CDC Nepal,Mensuration
2632,Mathematics,Find the sum of interior angles of a triangle.,180 degrees,Basic,Class 7,NCERT,Geometry
2633,Mathematics,What is the number of sides in a hexagon?,6,Basic,Class 6,CDC Nepal,Polygons
2634,Mathematics,Solve for x: 3x + 22 = 70,x = 16,Basic,Class 6,Nepal Curriculum,Linear Equations
2635,Mathematics,What is the value of sin 30°?,01-Feb,Medium,Class 10,CBSE,Trigonometry
2636,Mathematics,What is the Pythagorean theorem?,a² + b² = c²,Advanced,Class 12,NCERT,Triangles
2637,Mathematics,What is the area of a rectangle with length 11 cm and width 15 cm?,165 cm²,Medium,Class 6,NCERT,Mensuration
2638,Mathematics,What is the formula for the volume of a cylinder?,πr²h,Advanced,Class 8,CBSE,Mensuration
2639,Mathematics,What is the slope of the line y = 2x + 3?,2,Basic,Class 11,Nepal Curriculum,Coordinate Geometry
2640,Mathematics,What is 75 multiplied by 59?,4425,Medium,Class 9,CDC Nepal,Multiplication
2641,Mathematics,What is 83 multiplied by 37?,3071,Basic,Class 8,NCERT,Multiplication
2642,Mathematics,What is the area of a rectangle with length 14 cm and width 11 cm?,154 cm²,Advanced,Class 12,CBSE,Mensuration
2643,Mathematics,Find the probability of getting heads in a fair coin toss.,01-Feb,Medium,Class 10,CBSE,Probability
2644,Mathematics,What is the area of a rectangle with length 7 cm and width 3 cm?,21 cm²,Basic,Class 7,Nepal Curriculum,Mensuration
2645,Mathematics,Solve for x: 2x + 5 = 11,x = 3,Basic,Class 8,Nepal Curriculum,Linear Equations
2646,Mathematics,What is 54 multiplied by 90?,4860,Advanced,Class 7,CBSE,Multiplication
2647,Mathematics,Convert 0.75 to a fraction in lowest terms.,03-Apr,Medium,Class 6,Nepal Curriculum,Fractions and Decimals
2648,Mathematics,What is the number of sides in a hexagon?,6,Medium,Class 10,NCERT,Polygons
2649,Mathematics,What is 12 multiplied by 78?,936,Advanced,Class 7,NCERT,Multiplication
2650,Mathematics,What is the number of sides in a hexagon?,6,Medium,Class 11,Nepal Curriculum,Polygons
2651,Mathematics,What is the sum of 90 and 60?,150,Medium,Class 7,CDC Nepal,Addition
2652,Mathematics,Solve: 3y - 7 = 14,y = 7,Medium,Class 7,CDC Nepal,Linear Equations
2653,Mathematics,Solve the quadratic equation x² - 5x + 6 = 0,x=2 or x=3,Medium,Class 10,Nepal Curriculum,Quadratic Equations
2654,Mathematics,Find the simple interest on Rs. 1000 at 5% per annum for 2 years.,Rs. 100,Advanced,Class 8,CBSE,Commercial Mathematics
2655,Mathematics,Solve the quadratic equation x² - 5x + 6 = 0,x=2 or x=3,Basic,Class 10,CDC Nepal,Quadratic Equations
2656,Mathematics,What is 41 multiplied by 68?,2788,Basic,Class 7,CDC Nepal,Multiplication
2657,Mathematics,What is the area of a triangle with base 6 cm and height 8 cm?,24 cm²,Basic,Class 7,NCERT,Mensuration
2658,Mathematics,What is the sum of 11 and 92?,103,Medium,Class 9,Nepal Curriculum,Addition
2659,Mathematics,What is the area of a rectangle with length 5 cm and width 3 cm?,15 cm²,Medium,Class 6,NCERT,Mensuration
2660,Mathematics,What is the area of a rectangle with length 5 cm and width 3 cm?,15 cm²,Basic,Class 6,Nepal Curriculum,Mensuration
2661,Mathematics,What is the slope of the line y = 2x + 3?,2,Medium,Class 11,Nepal Curriculum,Coordinate Geometry
2662,Mathematics,Find the simple interest on Rs. 1000 at 5% per annum for 2 years.,Rs. 100,Basic,Class 8,NCERT,Commercial Mathematics
2663,Mathematics,What is 15 multiplied by 23?,345,Advanced,Class 8,CBSE,Multiplication
2664,Mathematics,Solve: 3y - 7 = 14,y = 7,Basic,Class 7,Nepal Curriculum,Linear Equations
2665,Mathematics,Solve: 3y - 7 = 14,y = 7,Medium,Class 7,CBSE,Linear Equations
2666,Mathematics,What is the area of a rectangle with length 14 cm and width 4 cm?,56 cm²,Advanced,Class 7,CDC Nepal,Mensuration
2667,Mathematics,Find the sum of interior angles of a triangle.,180 degrees,Basic,Class 7,CBSE,Geometry
2668,Mathematics,Find the value of tan 45°.,1,Basic,Class 10,CBSE,Trigonometry
2669,Mathematics,What is 77 multiplied by 52?,4004,Basic,Class 6,Nepal Curriculum,Multiplication
2670,Mathematics,What is the area of a rectangle with length 7 cm and width 8 cm?,56 cm²,Advanced,Class 7,NCERT,Mensuration
2671,Mathematics,Find the simple interest on Rs. 1000 at 5% per annum for 2 years.,Rs. 100,Advanced,Class 8,CBSE,Commercial Mathematics
2672,Mathematics,What is the HCF of 12 and 18?,6,Basic,Class 11,Nepal Curriculum,HCF and LCM
2673,Mathematics,What is the value of π approximately to two decimal places?,3.14,Medium,Class 9,CDC Nepal,Circles
2674,Mathematics,What is the formula for the volume of a cylinder?,πr²h,Advanced,Class 6,Nepal Curriculum,Mensuration
2675,Mathematics,What is the HCF of 12 and 18?,6,Basic,Class 6,CDC Nepal,HCF and LCM
2676,Mathematics,Find the simple interest on Rs. 1000 at 5% per annum for 2 years.,Rs. 100,Medium,Class 8,CDC Nepal,Commercial Mathematics
2677,Mathematics,What is the number of sides in a hexagon?,6,Medium,Class 11,Nepal Curriculum,Polygons
2678,Mathematics,Convert 0.75 to a fraction in lowest terms.,03-Apr,Medium,Class 6,CDC Nepal,Fractions and Decimals
2679,Mathematics,What is 63 multiplied by 77?,4851,Basic,Class 12,Nepal Curriculum,Multiplication
2680,Mathematics,What is 12 multiplied by 56?,672,Medium,Class 7,CDC Nepal,Multiplication
2681,Mathematics,Solve for x: 4x + 19 = 39,x = 5,Basic,Class 6,Nepal Curriculum,Linear Equations
2682,Mathematics,What is 38 multiplied by 17?,646,Medium,Class 10,Nepal Curriculum,Multiplication
2683,Mathematics,What is the HCF of 12 and 18?,6,Medium,Class 6,NCERT,HCF and LCM
2684,Mathematics,What is the area of a rectangle with length 13 cm and width 12 cm?,156 cm²,Medium,Class 9,NCERT,Mensuration
2685,Mathematics,What is the sum of 28 and 20?,48,Basic,Class 10,NCERT,Addition
2686,Mathematics,Solve: 3y - 7 = 14,y = 7,Basic,Class 7,Nepal Curriculum,Linear Equations
2687,Mathematics,Solve for x: 5x + 30 = 85,x = 11,Basic,Class 7,NCERT,Linear Equations
2688,Mathematics,What is the HCF of 12 and 18?,6,Basic,Class 6,NCERT,HCF and LCM
2689,Mathematics,What is 64 minus 97?,-33,Advanced,Class 7,CBSE,Subtraction
2690,Mathematics,Solve for x: 4x + 7 = 31,x = 6,Medium,Class 10,CDC Nepal,Linear Equations
2691,Mathematics,Solve for x: 3x + 17 = 23,x = 2,Basic,Class 7,Nepal Curriculum,Linear Equations
2692,Mathematics,What is the Pythagorean theorem?,a² + b² = c²,Advanced,Class 10,CDC Nepal,Triangles
2693,Mathematics,What is the number of sides in a hexagon?,6,Medium,Class 6,CDC Nepal,Polygons
2694,Mathematics,"Find the mean of the numbers 4, 7, 10, 13.",8.5,Advanced,Class 9,Nepal Curriculum,Statistics
2695,Mathematics,Find the sum of interior angles of a triangle.,180 degrees,Basic,Class 7,CBSE,Geometry
2696,Mathematics,Simplify: 2(x + 3) - 4x,-2x + 6,Basic,Class 8,NCERT,Algebra
2697,Mathematics,Find the value of tan 45°.,1,Basic,Class 10,CBSE,Trigonometry
2698,Mathematics,What is the value of sin 30°?,01-Feb,Advanced,Class 10,NCERT,Trigonometry
2699,Mathematics,What is the slope of the line y = 2x + 3?,2,Advanced,Class 11,CDC Nepal,Coordinate Geometry
2700,Mathematics,What is the circumference of a circle with radius 7 cm? (Use π=22/7),44 cm,Basic,Class 7,NCERT,Circles
2701,Mathematics,What is the area of a rectangle with length 8 cm and width 15 cm?,120 cm²,Medium,Class 12,CDC Nepal,Mensuration
2702,Mathematics,Solve for x: 2x + 21 = 55,x = 17,Basic,Class 7,Nepal Curriculum,Linear Equations
2703,Mathematics,What is the value of π approximately to two decimal places?,3.14,Medium,Class 9,NCERT,Circles
2704,Mathematics,What is the HCF of 12 and 18?,6,Advanced,Class 6,NCERT,HCF and LCM
2705,Mathematics,What is the number of sides in a hexagon?,6,Advanced,Class 6,Nepal Curriculum,Polygons
2706,Mathematics,Solve for x: 4x + 14 = 34,x = 5,Basic,Class 7,CBSE,Linear Equations
2707,Mathematics,What is the sum of 88 and 87?,175,Basic,Class 9,Nepal Curriculum,Addition
2708,Mathematics,What is the sum of 49 and 80?,129,Basic,Class 9,CDC Nepal,Addition
2709,Mathematics,What is the circumference of a circle with radius 7 cm? (Use π=22/7),44 cm,Basic,Class 7,CDC Nepal,Circles
2710,Mathematics,What is the slope of the line y = 2x + 3?,2,Medium,Class 11,NCERT,Coordinate Geometry
2711,Mathematics,What is the Pythagorean theorem?,a² + b² = c²,Medium,Class 8,CBSE,Triangles
2712,Mathematics,What is the slope of the line y = 2x + 3?,2,Advanced,Class 9,CDC Nepal,Coordinate Geometry
2713,Mathematics,Simplify: 2(x + 3) - 4x,-2x + 6,Medium,Class 8,Nepal Curriculum,Algebra
2714,Mathematics,Solve for x: 5x + 13 = 83,x = 14,Medium,Class 10,NCERT,Linear Equations
2715,Mathematics,What is the area of a rectangle with length 11 cm and width 3 cm?,33 cm²,Basic,Class 11,Nepal Curriculum,Mensuration
2716,Mathematics,What is the area of a rectangle with length 4 cm and width 6 cm?,24 cm²,Medium,Class 8,CDC Nepal,Mensuration
2717,Mathematics,Solve for x: 5x + 8 = 98,x = 18,Medium,Class 11,NCERT,Linear Equations
2718,Mathematics,Find the sum of interior angles of a triangle.,180 degrees,Medium,Class 7,CDC Nepal,Geometry
2719,Mathematics,What is the circumference of a circle with radius 7 cm? (Use π=22/7),44 cm,Basic,Class 7,CBSE,Circles
2720,Mathematics,What is 68 multiplied by 14?,952,Basic,Class 9,Nepal Curriculum,Multiplication
2721,Mathematics,Solve for x: 5x + 6 = 16,x = 2,Basic,Class 7,CBSE,Linear Equations
2722,Mathematics,What is 12 minus 97?,-85,Basic,Class 9,CBSE,Subtraction
2723,Mathematics,Solve the quadratic equation x² - 5x + 6 = 0,x=2 or x=3,Basic,Class 10,CDC Nepal,Quadratic Equations
2724,Mathematics,What is the area of a rectangle with length 5 cm and width 3 cm?,15 cm²,Medium,Class 6,CDC Nepal,Mensuration
2725,Mathematics,What is 16 minus 21?,-5,Basic,Class 10,CBSE,Subtraction
2726,Mathematics,Solve for x: 5x + 20 = 90,x = 14,Basic,Class 8,Nepal Curriculum,Linear Equations
2727,Mathematics,Convert 0.75 to a fraction in lowest terms.,03-Apr,Medium,Class 9,Nepal Curriculum,Fractions and Decimals
2728,Mathematics,What is the slope of the line y = 2x + 3?,2,Advanced,Class 11,CBSE,Coordinate Geometry
2729,Mathematics,What is 68 minus 28?,40,Advanced,Class 12,CBSE,Subtraction
2730,Mathematics,Solve: 3y - 7 = 14,y = 7,Medium,Class 7,NCERT,Linear Equations
2731,Mathematics,What is the area of a rectangle with length 12 cm and width 4 cm?,48 cm²,Basic,Class 12,NCERT,Mensuration
2732,Mathematics,What is the value of sin 30°?,01-Feb,Medium,Class 10,Nepal Curriculum,Trigonometry
2733,Mathematics,What is the slope of the line y = 2x + 3?,2,Medium,Class 7,NCERT,Coordinate Geometry
2734,Mathematics,"Find the mean of the numbers 4, 7, 10, 13.",8.5,Basic,Class 9,CBSE,Statistics
2735,Mathematics,What is the area of a rectangle with length 10 cm and width 9 cm?,90 cm²,Basic,Class 12,CDC Nepal,Mensuration
2736,Mathematics,Convert 0.75 to a fraction in lowest terms.,03-Apr,Medium,Class 6,CBSE,Fractions and Decimals
2737,Mathematics,Solve the quadratic equation x² - 5x + 6 = 0,x=2 or x=3,Medium,Class 10,CBSE,Quadratic Equations
2738,Mathematics,Find the value of tan 45°.,1,Basic,Class 10,CDC Nepal,Trigonometry
2739,Mathematics,Solve: 3y - 7 = 14,y = 7,Advanced,Class 7,NCERT,Linear Equations
2740,Mathematics,What is the area of a rectangle with length 12 cm and width 9 cm?,108 cm²,Basic,Class 12,NCERT,Mensuration
2741,Mathematics,What is the area of a rectangle with length 11 cm and width 12 cm?,132 cm²,Advanced,Class 12,NCERT,Mensuration
2742,Mathematics,What is 68 minus 80?,-12,Medium,Class 12,NCERT,Subtraction
2743,Mathematics,Find the simple interest on Rs. 1000 at 5% per annum for 2 years.,Rs. 100,Basic,Class 8,CDC Nepal,Commercial Mathematics
2744,Mathematics,What is 57 multiplied by 38?,2166,Advanced,Class 12,CBSE,Multiplication
2745,Mathematics,What is the formula for the volume of a cylinder?,πr²h,Medium,Class 8,CDC Nepal,Mensuration
2746,Mathematics,What is 29 multiplied by 57?,1653,Medium,Class 6,CBSE,Multiplication
2747,Mathematics,What is the slope of the line y = 2x + 3?,2,Medium,Class 11,CDC Nepal,Coordinate Geometry
2748,Mathematics,What is the number of sides in a hexagon?,6,Medium,Class 6,NCERT,Polygons
2749,Mathematics,What is the value of π approximately to two decimal places?,3.14,Medium,Class 10,Nepal Curriculum,Circles
2750,Mathematics,Solve for x: 3x + 21 = 33,x = 4,Basic,Class 8,NCERT,Linear Equations
2751,Mathematics,Solve the quadratic equation x² - 5x + 6 = 0,x=2 or x=3,Medium,Class 12,CBSE,Quadratic Equations
2752,Mathematics,What is the area of a rectangle with length 5 cm and width 3 cm?,15 cm²,Basic,Class 6,NCERT,Mensuration
2753,Mathematics,What is the area of a rectangle with length 11 cm and width 4 cm?,44 cm²,Basic,Class 10,CDC Nepal,Mensuration
2754,Mathematics,What is the HCF of 12 and 18?,6,Medium,Class 6,CBSE,HCF and LCM
2755,Mathematics,What is the number of sides in a hexagon?,6,Basic,Class 6,Nepal Curriculum,Polygons
2756,Mathematics,Solve for x: 2x + 5 = 11,x = 3,Advanced,Class 7,CBSE,Linear Equations
2757,Mathematics,What is the HCF of 12 and 18?,6,Advanced,Class 6,NCERT,HCF and LCM
2758,Mathematics,Find the value of tan 45°.,1,Basic,Class 10,Nepal Curriculum,Trigonometry
2759,Mathematics,Solve the quadratic equation x² - 5x + 6 = 0,x=2 or x=3,Basic,Class 10,CDC Nepal,Quadratic Equations
2760,Mathematics,What is the sum of 12 and 62?,74,Basic,Class 12,CDC Nepal,Addition
2761,Mathematics,Solve for x: 5x + 30 = 85,x = 11,Basic,Class 6,Nepal Curriculum,Linear Equations
2762,Mathematics,What is the smallest prime number?,2,Basic,Class 6,NCERT,Prime Numbers
2763,Mathematics,What is the circumference of a circle with radius 7 cm? (Use π=22/7),44 cm,Medium,Class 7,NCERT,Circles
2764,Mathematics,What is the formula for the volume of a cylinder?,πr²h,Basic,Class 8,NCERT,Mensuration
2765,Mathematics,What is the sum of 56 and 24?,80,Advanced,Class 10,NCERT,Addition
2766,Mathematics,Find the probability of getting heads in a fair coin toss.,01-Feb,Basic,Class 7,CDC Nepal,Probability
2767,Mathematics,Find the simple interest on Rs. 1000 at 5% per annum for 2 years.,Rs. 100,Basic,Class 8,CBSE,Commercial Mathematics
2768,Mathematics,What is the area of a rectangle with length 10 cm and width 9 cm?,90 cm²,Medium,Class 11,CDC Nepal,Mensuration
2769,Mathematics,What is the area of a rectangle with length 14 cm and width 7 cm?,98 cm²,Basic,Class 8,CDC Nepal,Mensuration
2770,Mathematics,What is the slope of the line y = 2x + 3?,2,Medium,Class 11,Nepal Curriculum,Coordinate Geometry
2771,Mathematics,Solve for x: 4x + 24 = 60,x = 9,Medium,Class 9,NCERT,Linear Equations
2772,Mathematics,Solve for x: 5x + 10 = 25,x = 3,Medium,Class 9,NCERT,Linear Equations
2773,Mathematics,Solve for x: 4x + 17 = 85,x = 17,Basic,Class 8,NCERT,Linear Equations
2774,Mathematics,What is the circumference of a circle with radius 7 cm? (Use π=22/7),44 cm,Medium,Class 7,Nepal Curriculum,Circles
2775,Mathematics,What is the area of a rectangle with length 5 cm and width 3 cm?,15 cm²,Basic,Class 6,CBSE,Mensuration
2776,Mathematics,What is the circumference of a circle with radius 7 cm? (Use π=22/7),44 cm,Basic,Class 7,CBSE,Circles
2777,Mathematics,Solve for x: 3x + 22 = 55,x = 11,Medium,Class 11,NCERT,Linear Equations
2778,Mathematics,Find the value of tan 45°.,1,Basic,Class 10,Nepal Curriculum,Trigonometry
2779,Mathematics,What is the formula for the volume of a cylinder?,πr²h,Advanced,Class 8,NCERT,Mensuration
2780,Mathematics,Solve for x: 3x + 11 = 44,x = 11,Medium,Class 11,NCERT,Linear Equations
2781,Mathematics,Solve for x: 5x + 10 = 30,x = 4,Medium,Class 9,CBSE,Linear Equations
2782,Mathematics,Solve for x: 2x + 19 = 57,x = 19,Basic,Class 7,CBSE,Linear Equations
2783,Mathematics,What is the value of π approximately to two decimal places?,3.14,Basic,Class 9,NCERT,Circles
2784,Mathematics,What is the smallest prime number?,2,Basic,Class 6,NCERT,Prime Numbers
2785,Mathematics,Solve for x: 5x + 7 = 67,x = 12,Medium,Class 9,CBSE,Linear Equations
2786,Mathematics,What is the area of a rectangle with length 10 cm and width 10 cm?,100 cm²,Medium,Class 6,NCERT,Mensuration
2787,Mathematics,What is the sum of 11 and 27?,38,Basic,Class 10,CBSE,Addition
2788,Mathematics,What is 34 multiplied by 57?,1938,Medium,Class 11,NCERT,Multiplication
2789,Mathematics,Solve for x: 2x + 5 = 11,x = 3,Basic,Class 12,NCERT,Linear Equations
2790,Mathematics,Simplify: 2(x + 3) - 4x,-2x + 6,Basic,Class 8,CBSE,Algebra
2791,Mathematics,What is the area of a rectangle with length 5 cm and width 12 cm?,60 cm²,Medium,Class 12,CDC Nepal,Mensuration
2792,Mathematics,What is the circumference of a circle with radius 7 cm? (Use π=22/7),44 cm,Basic,Class 7,CDC Nepal,Circles
2793,Mathematics,What is the area of a rectangle with length 13 cm and width 10 cm?,130 cm²,Basic,Class 11,CBSE,Mensuration
2794,Mathematics,Find the simple interest on Rs. 1000 at 5% per annum for 2 years.,Rs. 100,Basic,Class 8,CBSE,Commercial Mathematics
2795,Mathematics,What is the area of a rectangle with length 6 cm and width 13 cm?,78 cm²,Basic,Class 11,Nepal Curriculum,Mensuration
2796,Mathematics,What is 95 minus 37?,58,Medium,Class 6,CDC Nepal,Subtraction
2797,Mathematics,Find the sum of interior angles of a triangle.,180 degrees,Medium,Class 7,CBSE,Geometry
2798,Mathematics,What is the area of a rectangle with length 11 cm and width 4 cm?,44 cm²,Advanced,Class 8,Nepal Curriculum,Mensuration
2799,Mathematics,"Find the mean of the numbers 4, 7, 10, 13.",8.5,Medium,Class 9,Nepal Curriculum,Statistics
2800,Mathematics,Solve for x: 2x + 9 = 29,x = 10,Basic,Class 7,CDC Nepal,Linear Equations
2801,Mathematics,What is 68 minus 33?,35,Basic,Class 11,NCERT,Subtraction
2802,Mathematics,Solve for x: 2x + 16 = 52,x = 18,Medium,Class 10,CDC Nepal,Linear Equations
2803,Mathematics,What is the value of π approximately to two decimal places?,3.14,Advanced,Class 9,CBSE,Circles
2804,Mathematics,What is the formula for the volume of a cylinder?,πr²h,Medium,Class 8,NCERT,Mensuration
2805,Mathematics,Solve for x: 3x + 24 = 63,x = 13,Medium,Class 11,CBSE,Linear Equations
2806,Mathematics,What is the sum of 16 and 92?,108,Advanced,Class 9,NCERT,Addition
2807,Mathematics,Solve for x: 2x + 5 = 11,x = 3,Basic,Class 7,CBSE,Linear Equations
2808,Mathematics,Convert 0.75 to a fraction in lowest terms.,03-Apr,Basic,Class 6,NCERT,Fractions and Decimals
2809,Mathematics,Solve for x: 3x + 28 = 40,x = 4,Medium,Class 11,CBSE,Linear Equations
2810,Mathematics,What is the area of a rectangle with length 14 cm and width 12 cm?,168 cm²,Basic,Class 7,CBSE,Mensuration
2811,Mathematics,What is the area of a rectangle with length 14 cm and width 6 cm?,84 cm²,Basic,Class 6,Nepal Curriculum,Mensuration
2812,Mathematics,What is the area of a rectangle with length 5 cm and width 3 cm?,15 cm²,Basic,Class 6,CBSE,Mensuration
2813,Mathematics,Solve for x: 3x + 13 = 16,x = 1,Basic,Class 7,NCERT,Linear Equations
2814,Mathematics,What is the smallest prime number?,2,Advanced,Class 6,CDC Nepal,Prime Numbers
2815,Mathematics,What is 12 multiplied by 82?,984,Basic,Class 9,CBSE,Multiplication
2816,Mathematics,Find the sum of interior angles of a triangle.,180 degrees,Advanced,Class 10,NCERT,Geometry
2817,Mathematics,What is the circumference of a circle with radius 7 cm? (Use π=22/7),44 cm,Advanced,Class 9,NCERT,Circles
2818,Mathematics,What is the value of π approximately to two decimal places?,3.14,Advanced,Class 9,Nepal Curriculum,Circles
2819,Mathematics,Find the sum of interior angles of a triangle.,180 degrees,Advanced,Class 7,Nepal Curriculum,Geometry
2820,Mathematics,Find the value of tan 45°.,1,Advanced,Class 10,CDC Nepal,Trigonometry
2821,Mathematics,What is the circumference of a circle with radius 7 cm? (Use π=22/7),44 cm,Basic,Class 11,NCERT,Circles
2822,Mathematics,What is the area of a rectangle with length 6 cm and width 12 cm?,72 cm²,Basic,Class 12,CDC Nepal,Mensuration
2823,Mathematics,Solve for x: 2x + 28 = 60,x = 16,Medium,Class 10,CDC Nepal,Linear Equations
2824,Mathematics,What is the value of sin 30°?,01-Feb,Advanced,Class 10,NCERT,Trigonometry
2825,Mathematics,What is the area of a rectangle with length 5 cm and width 3 cm?,15 cm²,Medium,Class 6,CDC Nepal,Mensuration
2826,Mathematics,What is the Pythagorean theorem?,a² + b² = c²,Basic,Class 9,CDC Nepal,Triangles
2827,Mathematics,What is the area of a rectangle with length 13 cm and width 4 cm?,52 cm²,Advanced,Class 7,Nepal Curriculum,Mensuration
2828,Mathematics,What is the sum of 98 and 52?,150,Advanced,Class 11,NCERT,Addition
2829,Mathematics,What is the area of a rectangle with length 15 cm and width 11 cm?,165 cm²,Advanced,Class 9,CDC Nepal,Mensuration
2830,Mathematics,Solve for x: 2x + 15 = 23,x = 4,Basic,Class 7,Nepal Curriculum,Linear Equations
2831,Mathematics,What is 50 multiplied by 58?,2900,Advanced,Class 6,NCERT,Multiplication
2832,Mathematics,What is the slope of the line y = 2x + 3?,2,Advanced,Class 11,CDC Nepal,Coordinate Geometry
2833,Mathematics,What is the area of a rectangle with length 12 cm and width 12 cm?,144 cm²,Medium,Class 8,Nepal Curriculum,Mensuration
2834,Mathematics,What is the smallest prime number?,2,Advanced,Class 6,CDC Nepal,Prime Numbers
2835,Mathematics,Simplify: 2(x + 3) - 4x,-2x + 6,Basic,Class 8,CDC Nepal,Algebra
2836,Mathematics,Simplify: 2(x + 3) - 4x,-2x + 6,Basic,Class 8,NCERT,Algebra
2837,Mathematics,Solve for x: 5x + 25 = 120,x = 19,Basic,Class 8,Nepal Curriculum,Linear Equations
2838,Mathematics,What is the circumference of a circle with radius 7 cm? (Use π=22/7),44 cm,Medium,Class 11,Nepal Curriculum,Circles
2839,Mathematics,What is the area of a rectangle with length 3 cm and width 15 cm?,45 cm²,Advanced,Class 7,Nepal Curriculum,Mensuration
2840,Mathematics,Solve the quadratic equation x² - 5x + 6 = 0,x=2 or x=3,Medium,Class 11,NCERT,Quadratic Equations
2841,Mathematics,What is the value of π approximately to two decimal places?,3.14,Medium,Class 8,CDC Nepal,Circles
2842,Mathematics,Simplify: 2(x + 3) - 4x,-2x + 6,Medium,Class 8,Nepal Curriculum,Algebra
2843,Mathematics,What is 84 multiplied by 16?,1344,Medium,Class 10,CBSE,Multiplication
2844,Mathematics,Solve for x: 4x + 9 = 73,x = 16,Basic,Class 7,Nepal Curriculum,Linear Equations
2845,Mathematics,What is the value of sin 30°?,01-Feb,Advanced,Class 10,NCERT,Trigonometry
2846,Mathematics,What is the slope of the line y = 2x + 3?,2,Basic,Class 11,Nepal Curriculum,Coordinate Geometry
2847,Mathematics,Solve: 3y - 7 = 14,y = 7,Advanced,Class 7,Nepal Curriculum,Linear Equations
2848,Mathematics,What is 16 multiplied by 25?,400,Medium,Class 6,CBSE,Multiplication
2849,Mathematics,What is 25 minus 40?,-15,Advanced,Class 7,CDC Nepal,Subtraction
2850,Mathematics,Find the value of tan 45°.,1,Basic,Class 10,CDC Nepal,Trigonometry
2851,Mathematics,What is the number of sides in a hexagon?,6,Advanced,Class 12,CDC Nepal,Polygons
2852,Mathematics,What is the number of sides in a hexagon?,6,Medium,Class 6,NCERT,Polygons
2853,Mathematics,What is the area of a rectangle with length 5 cm and width 3 cm?,15 cm²,Basic,Class 6,Nepal Curriculum,Mensuration
2854,Mathematics,What is the slope of the line y = 2x + 3?,2,Advanced,Class 11,CBSE,Coordinate Geometry
2855,Mathematics,Solve for x: 4x + 23 = 79,x = 14,Basic,Class 6,Nepal Curriculum,Linear Equations
2856,Mathematics,What is the area of a rectangle with length 5 cm and width 3 cm?,15 cm²,Advanced,Class 6,Nepal Curriculum,Mensuration
2857,Mathematics,What is the area of a rectangle with length 11 cm and width 15 cm?,165 cm²,Basic,Class 11,CDC Nepal,Mensuration
2858,Mathematics,What is the slope of the line y = 2x + 3?,2,Advanced,Class 11,NCERT,Coordinate Geometry
2859,Mathematics,What is the sum of 86 and 98?,184,Advanced,Class 7,NCERT,Addition
2860,Mathematics,What is 83 multiplied by 36?,2988,Medium,Class 12,Nepal Curriculum,Multiplication
2861,Mathematics,What is the formula for the volume of a cylinder?,πr²h,Basic,Class 8,NCERT,Mensuration
2862,Mathematics,Solve for x: 3x + 14 = 17,x = 1,Basic,Class 8,NCERT,Linear Equations
2863,Mathematics,What is 72 minus 98?,-26,Medium,Class 10,CBSE,Subtraction
2864,Mathematics,What is the area of a rectangle with length 3 cm and width 6 cm?,18 cm²,Basic,Class 10,NCERT,Mensuration
2865,Mathematics,Simplify: 2(x + 3) - 4x,-2x + 6,Basic,Class 8,Nepal Curriculum,Algebra
2866,Mathematics,What is 42 minus 43?,-1,Basic,Class 8,Nepal Curriculum,Subtraction
2867,Mathematics,What is the HCF of 12 and 18?,6,Medium,Class 6,Nepal Curriculum,HCF and LCM
2868,Mathematics,What is the formula for the volume of a cylinder?,πr²h,Advanced,Class 8,Nepal Curriculum,Mensuration
2869,Mathematics,Solve for x: 4x + 30 = 50,x = 5,Medium,Class 10,CDC Nepal,Linear Equations
2870,Mathematics,Find the value of tan 45°.,1,Basic,Class 10,CBSE,Trigonometry
2871,Mathematics,Find the sum of interior angles of a triangle.,180 degrees,Advanced,Class 7,CDC Nepal,Geometry
2872,Mathematics,What is the number of sides in a hexagon?,6,Basic,Class 6,CBSE,Polygons
2873,Mathematics,What is 58 minus 38?,20,Basic,Class 7,NCERT,Subtraction
2874,Mathematics,What is the area of a rectangle with length 15 cm and width 10 cm?,150 cm²,Basic,Class 6,NCERT,Mensuration
2875,Mathematics,What is the area of a rectangle with length 12 cm and width 4 cm?,48 cm²,Advanced,Class 11,NCERT,Mensuration
2876,Mathematics,What is the value of π approximately to two decimal places?,3.14,Basic,Class 9,CDC Nepal,Circles
2877,Mathematics,What is the area of a rectangle with length 14 cm and width 5 cm?,70 cm²,Medium,Class 7,Nepal Curriculum,Mensuration
2878,Mathematics,What is the slope of the line y = 2x + 3?,2,Advanced,Class 11,NCERT,Coordinate Geometry
2879,Mathematics,What is the area of a rectangle with length 9 cm and width 14 cm?,126 cm²,Medium,Class 11,CDC Nepal,Mensuration
2880,Mathematics,"Find the mean of the numbers 4, 7, 10, 13.",8.5,Medium,Class 9,CBSE,Statistics
2881,Mathematics,Solve: 3y - 7 = 14,y = 7,Advanced,Class 7,Nepal Curriculum,Linear Equations
2882,Mathematics,What is the area of a rectangle with length 5 cm and width 3 cm?,15 cm²,Medium,Class 6,CBSE,Mensuration
2883,Mathematics,What is the area of a rectangle with length 4 cm and width 5 cm?,20 cm²,Basic,Class 11,NCERT,Mensuration
2884,Mathematics,Simplify: 2(x + 3) - 4x,-2x + 6,Advanced,Class 8,NCERT,Algebra
2885,Mathematics,Solve for x: 2x + 17 = 51,x = 17,Medium,Class 9,NCERT,Linear Equations
2886,Mathematics,What is the area of a rectangle with length 14 cm and width 11 cm?,154 cm²,Advanced,Class 12,CBSE,Mensuration
2887,Mathematics,What is the area of a triangle with base 6 cm and height 8 cm?,24 cm²,Advanced,Class 7,NCERT,Mensuration
2888,Mathematics,What is 56 multiplied by 27?,1512,Advanced,Class 7,CBSE,Multiplication
2889,Mathematics,What is 24 multiplied by 53?,1272,Medium,Class 9,Nepal Curriculum,Multiplication
2890,Mathematics,Solve for x: 4x + 11 = 51,x = 10,Medium,Class 12,NCERT,Linear Equations
2891,Mathematics,What is the number of sides in a hexagon?,6,Medium,Class 10,NCERT,Polygons
2892,Mathematics,Solve for x: 5x + 15 = 115,x = 20,Medium,Class 10,CBSE,Linear Equations
2893,Mathematics,What is the smallest prime number?,2,Medium,Class 6,Nepal Curriculum,Prime Numbers
2894,Mathematics,Solve for x: 3x + 18 = 27,x = 3,Basic,Class 6,NCERT,Linear Equations
2895,Mathematics,What is 60 minus 57?,3,Basic,Class 6,CBSE,Subtraction
2896,Mathematics,What is 66 minus 94?,-28,Advanced,Class 7,Nepal Curriculum,Subtraction
2897,Mathematics,Solve: 3y - 7 = 14,y = 7,Basic,Class 7,Nepal Curriculum,Linear Equations
2898,Mathematics,Simplify: 2(x + 3) - 4x,-2x + 6,Basic,Class 8,CDC Nepal,Algebra
2899,Mathematics,What is the area of a rectangle with length 10 cm and width 13 cm?,130 cm²,Basic,Class 8,CBSE,Mensuration
2900,Mathematics,Find the simple interest on Rs. 1000 at 5% per annum for 2 years.,Rs. 100,Advanced,Class 8,Nepal Curriculum,Commercial Mathematics
2901,Mathematics,What is the value of π approximately to two decimal places?,3.14,Advanced,Class 9,CDC Nepal,Circles
2902,Mathematics,Find the sum of interior angles of a triangle.,180 degrees,Basic,Class 7,Nepal Curriculum,Geometry
2903,Mathematics,What is the smallest prime number?,2,Advanced,Class 6,NCERT,Prime Numbers
2904,Mathematics,Solve for x: 4x + 20 = 60,x = 10,Basic,Class 8,NCERT,Linear Equations
2905,Mathematics,What is the area of a rectangle with length 5 cm and width 6 cm?,30 cm²,Advanced,Class 7,CBSE,Mensuration
2906,Mathematics,What is the area of a rectangle with length 9 cm and width 6 cm?,54 cm²,Medium,Class 12,CDC Nepal,Mensuration
2907,Mathematics,What is 85 multiplied by 90?,7650,Basic,Class 12,Nepal Curriculum,Multiplication
2908,Mathematics,What is the HCF of 12 and 18?,6,Medium,Class 6,CBSE,HCF and LCM
2909,Mathematics,What is the area of a rectangle with length 4 cm and width 3 cm?,12 cm²,Medium,Class 7,CDC Nepal,Mensuration
2910,Mathematics,What is the sum of 64 and 71?,135,Advanced,Class 8,CDC Nepal,Addition
2911,Mathematics,Solve for x: 5x + 12 = 72,x = 12,Basic,Class 8,CBSE,Linear Equations
2912,Mathematics,What is 51 minus 37?,14,Basic,Class 7,CDC Nepal,Subtraction
2913,Mathematics,Find the value of tan 45°.,1,Basic,Class 10,Nepal Curriculum,Trigonometry
2914,Mathematics,Find the simple interest on Rs. 1000 at 5% per annum for 2 years.,Rs. 100,Medium,Class 8,CBSE,Commercial Mathematics
2915,Mathematics,What is the smallest prime number?,2,Advanced,Class 6,Nepal Curriculum,Prime Numbers
2916,Mathematics,"Find the mean of the numbers 4, 7, 10, 13.",8.5,Advanced,Class 9,CBSE,Statistics
2917,Mathematics,What is the formula for the volume of a cylinder?,πr²h,Basic,Class 8,CDC Nepal,Mensuration
2918,Mathematics,Find the sum of interior angles of a triangle.,180 degrees,Basic,Class 7,NCERT,Geometry
2919,Mathematics,What is the number of sides in a hexagon?,6,Basic,Class 6,CDC Nepal,Polygons
2920,Mathematics,Solve for x: 3x + 22 = 70,x = 16,Basic,Class 6,Nepal Curriculum,Linear Equations
2921,Mathematics,What is the value of sin 30°?,01-Feb,Medium,Class 10,CBSE,Trigonometry
2922,Mathematics,What is the Pythagorean theorem?,a² + b² = c²,Advanced,Class 12,NCERT,Triangles
2923,Mathematics,What is the area of a rectangle with length 11 cm and width 15 cm?,165 cm²,Medium,Class 6,NCERT,Mensuration
2924,Mathematics,What is the formula for the volume of a cylinder?,πr²h,Advanced,Class 8,CBSE,Mensuration
2925,Mathematics,What is the slope of the line y = 2x + 3?,2,Basic,Class 11,Nepal Curriculum,Coordinate Geometry
2926,Mathematics,What is 75 multiplied by 59?,4425,Medium,Class 9,CDC Nepal,Multiplication
2927,Mathematics,What is 83 multiplied by 37?,3071,Basic,Class 8,NCERT,Multiplication
2928,Mathematics,What is the area of a rectangle with length 14 cm and width 11 cm?,154 cm²,Advanced,Class 12,CBSE,Mensuration
2929,Mathematics,Find the probability of getting heads in a fair coin toss.,01-Feb,Medium,Class 10,CBSE,Probability
2930,Mathematics,What is the area of a rectangle with length 7 cm and width 3 cm?,21 cm²,Basic,Class 7,Nepal Curriculum,Mensuration
2931,Mathematics,Solve for x: 2x + 5 = 11,x = 3,Basic,Class 8,Nepal Curriculum,Linear Equations
2932,Mathematics,What is 54 multiplied by 90?,4860,Advanced,Class 7,CBSE,Multiplication
2933,Mathematics,Convert 0.75 to a fraction in lowest terms.,03-Apr,Medium,Class 6,Nepal Curriculum,Fractions and Decimals
2934,Mathematics,What is the number of sides in a hexagon?,6,Medium,Class 10,NCERT,Polygons
2935,Mathematics,What is 12 multiplied by 78?,936,Advanced,Class 7,NCERT,Multiplication
2936,Mathematics,What is the number of sides in a hexagon?,6,Medium,Class 11,Nepal Curriculum,Polygons
2937,Mathematics,What is the sum of 90 and 60?,150,Medium,Class 7,CDC Nepal,Addition
2938,Mathematics,Solve: 3y - 7 = 14,y = 7,Medium,Class 7,CDC Nepal,Linear Equations
2939,Mathematics,Solve the quadratic equation x² - 5x + 6 = 0,x=2 or x=3,Medium,Class 10,Nepal Curriculum,Quadratic Equations
2940,Mathematics,Find the simple interest on Rs. 1000 at 5% per annum for 2 years.,Rs. 100,Advanced,Class 8,CBSE,Commercial Mathematics
2941,Mathematics,Solve the quadratic equation x² - 5x + 6 = 0,x=2 or x=3,Basic,Class 10,CDC Nepal,Quadratic Equations
2942,Mathematics,What is 41 multiplied by 68?,2788,Basic,Class 7,CDC Nepal,Multiplication
2943,Mathematics,What is the area of a triangle with base 6 cm and height 8 cm?,24 cm²,Basic,Class 7,NCERT,Mensuration
2944,Mathematics,What is the sum of 11 and 92?,103,Medium,Class 9,Nepal Curriculum,Addition
2945,Mathematics,What is the area of a rectangle with length 5 cm and width 3 cm?,15 cm²,Medium,Class 6,NCERT,Mensuration
2946,Mathematics,What is the area of a rectangle with length 5 cm and width 3 cm?,15 cm²,Basic,Class 6,Nepal Curriculum,Mensuration
2947,Mathematics,What is the slope of the line y = 2x + 3?,2,Medium,Class 11,Nepal Curriculum,Coordinate Geometry
2948,Mathematics,Find the simple interest on Rs. 1000 at 5% per annum for 2 years.,Rs. 100,Basic,Class 8,NCERT,Commercial Mathematics
2949,Mathematics,What is 15 multiplied by 23?,345,Advanced,Class 8,CBSE,Multiplication
2950,Mathematics,Solve: 3y - 7 = 14,y = 7,Basic,Class 7,Nepal Curriculum,Linear Equations
2951,Mathematics,Solve: 3y - 7 = 14,y = 7,Medium,Class 7,CBSE,Linear Equations
2952,Mathematics,What is the area of a rectangle with length 14 cm and width 4 cm?,56 cm²,Advanced,Class 7,CDC Nepal,Mensuration
2953,Mathematics,Find the sum of interior angles of a triangle.,180 degrees,Basic,Class 7,CBSE,Geometry
2954,Mathematics,Find the value of tan 45°.,1,Basic,Class 10,CBSE,Trigonometry
2955,Mathematics,What is 77 multiplied by 52?,4004,Basic,Class 6,Nepal Curriculum,Multiplication
2956,Mathematics,What is the area of a rectangle with length 7 cm and width 8 cm?,56 cm²,Advanced,Class 7,NCERT,Mensuration
2957,Mathematics,Find the simple interest on Rs. 1000 at 5% per annum for 2 years.,Rs. 100,Advanced,Class 8,CBSE,Commercial Mathematics
2958,Mathematics,What is the HCF of 12 and 18?,6,Basic,Class 11,Nepal Curriculum,HCF and LCM
2959,Mathematics,What is the value of π approximately to two decimal places?,3.14,Medium,Class 9,CDC Nepal,Circles
2960,Mathematics,What is the formula for the volume of a cylinder?,πr²h,Advanced,Class 6,Nepal Curriculum,Mensuration
2961,Mathematics,What is the HCF of 12 and 18?,6,Basic,Class 6,CDC Nepal,HCF and LCM
2962,Mathematics,Find the simple interest on Rs. 1000 at 5% per annum for 2 years.,Rs. 100,Medium,Class 8,CDC Nepal,Commercial Mathematics
2963,Mathematics,What is the number of sides in a hexagon?,6,Medium,Class 11,Nepal Curriculum,Polygons
2964,Mathematics,Convert 0.75 to a fraction in lowest terms.,03-Apr,Medium,Class 6,CDC Nepal,Fractions and Decimals
2965,Mathematics,What is 63 multiplied by 77?,4851,Basic,Class 12,Nepal Curriculum,Multiplication
2966,Mathematics,What is 12 multiplied by 56?,672,Medium,Class 7,CDC Nepal,Multiplication
2967,Mathematics,Solve for x: 4x + 19 = 39,x = 5,Basic,Class 6,Nepal Curriculum,Linear Equations
2968,Mathematics,What is 38 multiplied by 17?,646,Medium,Class 10,Nepal Curriculum,Multiplication
2969,Mathematics,What is the HCF of 12 and 18?,6,Medium,Class 6,NCERT,HCF and LCM
2970,Mathematics,What is the area of a rectangle with length 13 cm and width 12 cm?,156 cm²,Medium,Class 9,NCERT,Mensuration
2971,Mathematics,What is the sum of 28 and 20?,48,Basic,Class 10,NCERT,Addition
2972,Mathematics,Solve: 3y - 7 = 14,y = 7,Basic,Class 7,Nepal Curriculum,Linear Equations
2973,Mathematics,Solve for x: 5x + 30 = 85,x = 11,Basic,Class 7,NCERT,Linear Equations
2974,Mathematics,What is the HCF of 12 and 18?,6,Basic,Class 6,NCERT,HCF and LCM
2975,Mathematics,What is 64 minus 97?,-33,Advanced,Class 7,CBSE,Subtraction
2976,Mathematics,Solve for x: 4x + 7 = 31,x = 6,Medium,Class 10,CDC Nepal,Linear Equations
2977,Mathematics,Solve for x: 3x + 17 = 23,x = 2,Basic,Class 7,Nepal Curriculum,Linear Equations
2978,Mathematics,What is the Pythagorean theorem?,a² + b² = c²,Advanced,Class 10,CDC Nepal,Triangles
2979,Mathematics,What is the number of sides in a hexagon?,6,Medium,Class 6,CDC Nepal,Polygons
2980,Mathematics,"Find the mean of the numbers 4, 7, 10, 13.",8.5,Advanced,Class 9,Nepal Curriculum,Statistics
2981,Mathematics,Find the sum of interior angles of a triangle.,180 degrees,Basic,Class 7,CBSE,Geometry
2982,Mathematics,Simplify: 2(x + 3) - 4x,-2x + 6,Basic,Class 8,NCERT,Algebra
2983,Mathematics,Find the value of tan 45°.,1,Basic,Class 10,CBSE,Trigonometry
2984,Mathematics,What is the value of sin 30°?,01-Feb,Advanced,Class 10,NCERT,Trigonometry
2985,Mathematics,What is the slope of the line y = 2x + 3?,2,Advanced,Class 11,CDC Nepal,Coordinate Geometry
2986,Mathematics,What is the circumference of a circle with radius 7 cm? (Use π=22/7),44 cm,Basic,Class 7,NCERT,Circles
2987,Mathematics,What is the area of a rectangle with length 8 cm and width 15 cm?,120 cm²,Medium,Class 12,CDC Nepal,Mensuration
2988,Mathematics,Solve for x: 2x + 21 = 55,x = 17,Basic,Class 7,Nepal Curriculum,Linear Equations
2989,Mathematics,What is the value of π approximately to two decimal places?,3.14,Medium,Class 9,NCERT,Circles
2990,Mathematics,What is the HCF of 12 and 18?,6,Advanced,Class 6,NCERT,HCF and LCM
2991,Mathematics,What is the number of sides in a hexagon?,6,Advanced,Class 6,Nepal Curriculum,Polygons
2992,Mathematics,Solve for x: 4x + 14 = 34,x = 5,Basic,Class 7,CBSE,Linear Equations
2993,Mathematics,What is the sum of 88 and 87?,175,Basic,Class 9,Nepal Curriculum,Addition
2994,Mathematics,What is the sum of 49 and 80?,129,Basic,Class 9,CDC Nepal,Addition
2995,Mathematics,What is the circumference of a circle with radius 7 cm? (Use π=22/7),44 cm,Basic,Class 7,CDC Nepal,Circles
2996,Mathematics,What is the slope of the line y = 2x + 3?,2,Medium,Class 11,NCERT,Coordinate Geometry
2997,Mathematics,What is the Pythagorean theorem?,a² + b² = c²,Medium,Class 8,CBSE,Triangles
2998,Mathematics,What is the slope of the line y = 2x + 3?,2,Advanced,Class 9,CDC Nepal,Coordinate Geometry
2999,Mathematics,Simplify: 2(x + 3) - 4x,-2x + 6,Medium,Class 8,Nepal Curriculum,Algebra
3000,Mathematics,Solve for x: 5x + 13 = 83,x = 14,Medium,Class 10,NCERT,Linear Equations
