category,question,answer,difficulty,grade_level,source,keyword_tag
Physics,What is Newton's first law of motion?,An object at rest stays at rest and an object in motion stays in motion unless acted upon by an external force.,Basic,Class 9,NCERT,Law of Inertia
Physics,What is Newton's second law of motion?,Force equals mass times acceleration (F = ma).,Basic,Class 9,NCERT,F=ma
Physics,What is Newton's third law of motion?,For every action there is an equal and opposite reaction.,Basic,Class 9,NCERT,Action-Reaction
Physics,What is the speed of light?,The speed of light in vacuum is approximately 3 x 10^8 meters per second.,Basic,Class 10,NCERT,Speed of light
Physics,What is the unit of force?,The unit of force is Newton (N).,Basic,Class 9,NCERT,Force unit
Physics,What is the unit of pressure?,The unit of pressure is Pascal (Pa).,Basic,Class 9,NCERT,Pressure unit
Physics,What is Ohm's law?,Voltage equals current times resistance (V = IR).,Basic,Class 10,NCERT,V=IR
Physics,What is the unit of electric current?,The unit of electric current is Ampere (A).,Basic,Class 10,NCERT,Current unit
Physics,What is the unit of resistance?,The unit of resistance is Ohm.,Basic,Class 10,NCERT,Resistance unit
Physics,What is the unit of power?,The unit of power is Watt (W).,Basic,Class 10,NCERT,Power unit
Physics,What is the unit of energy?,The unit of energy is Joule (J).,Basic,Class 9,NCERT,Energy unit
Physics,What is kinetic energy?,Kinetic energy is the energy possessed by an object due to its motion. KE = 1/2 mv^2.,Intermediate,Class 9,NCERT,KE formula
Physics,What is potential energy?,Potential energy is the energy stored in an object due to its position or state. PE = mgh.,Intermediate,Class 9,NCERT,PE formula
Physics,What is the law of conservation of energy?,Energy can neither be created nor destroyed; it can only be converted from one form to another.,Basic,Class 9,NCERT,Energy conservation
Physics,What is gravity?,Gravity is the force of attraction between two objects having mass. On Earth it is 9.8 m/s^2.,Basic,Class 9,NCERT,Gravity
Physics,Who discovered gravity?,Sir Isaac Newton discovered gravity when he observed an apple falling from a tree.,Basic,Class 9,NCERT,Newton gravity
Physics,What is the unit of frequency?,The unit of frequency is Hertz (Hz).,Basic,Class 10,NCERT,Frequency unit
Physics,What is sound?,Sound is a form of energy that travels as a longitudinal wave through a medium.,Basic,Class 9,NCERT,Sound wave
Physics,What is the speed of sound in air?,The speed of sound in air at room temperature is approximately 343 meters per second.,Intermediate,Class 9,NCERT,Sound speed
Physics,What is reflection of light?,Reflection is the bouncing back of light when it hits a surface.,Basic,Class 10,NCERT,Light reflection
Physics,What is refraction of light?,Refraction is the bending of light when it passes from one medium to another.,Basic,Class 10,NCERT,Light refraction
Physics,What is a convex lens?,A convex lens is thicker in the middle and converges light rays to a focal point.,Basic,Class 10,NCERT,Convex lens
Physics,What is a concave lens?,A concave lens is thinner in the middle and diverges light rays.,Basic,Class 10,NCERT,Concave lens
Physics,What is total internal reflection?,When light hits a boundary at an angle greater than the critical angle it is completely reflected back.,Intermediate,Class 10,NCERT,TIR
Physics,What is the electromagnetic spectrum?,It is the range of all types of electromagnetic radiation from gamma rays to radio waves.,Intermediate,Class 10,NCERT,EM spectrum
Physics,What are the colours of the rainbow?,"Violet, Indigo, Blue, Green, Yellow, Orange, Red (VIBGYOR).",Basic,Class 10,NCERT,VIBGYOR
Physics,What is the principle of a transformer?,A transformer works on the principle of electromagnetic induction.,Intermediate,Class 10,NCERT,Transformer
Physics,What is the difference between AC and DC?,AC (alternating current) changes direction periodically while DC (direct current) flows in one direction.,Basic,Class 10,NCERT,AC DC
Physics,What is nuclear fission?,Nuclear fission is the splitting of a heavy nucleus into smaller nuclei releasing large amounts of energy.,Advanced,Class 12,NCERT,Fission
Physics,What is nuclear fusion?,Nuclear fusion is the combining of two light nuclei to form a heavier nucleus releasing energy.,Advanced,Class 12,NCERT,Fusion
Physics,What is radioactivity?,Radioactivity is the spontaneous emission of radiation from the nucleus of an unstable atom.,Intermediate,Class 12,NCERT,Radioactivity
Physics,What is half-life?,Half-life is the time required for half of the radioactive atoms in a sample to decay.,Intermediate,Class 12,NCERT,Half-life
Physics,What is Archimedes principle?,A body immersed in a fluid experiences an upward buoyant force equal to the weight of fluid displaced.,Basic,Class 9,NCERT,Archimedes
Physics,What is Pascal's law?,Pressure applied to a confined fluid is transmitted equally in all directions.,Intermediate,Class 10,NCERT,Pascal law
Physics,What is Bernoulli's principle?,As the speed of a fluid increases its pressure decreases.,Advanced,Class 11,NCERT,Bernoulli
Physics,What is the Doppler effect?,The change in frequency of a wave as the source and observer move relative to each other.,Intermediate,Class 11,NCERT,Doppler
Physics,What is specific heat capacity?,The amount of heat required to raise the temperature of 1 kg of a substance by 1 degree Celsius.,Intermediate,Class 11,NCERT,Specific heat
Physics,What is latent heat?,The heat absorbed or released by a substance during a phase change without change in temperature.,Intermediate,Class 11,NCERT,Latent heat
Physics,What is simple harmonic motion?,A type of periodic motion where the restoring force is proportional to displacement.,Advanced,Class 11,NCERT,SHM
Physics,What is resonance?,Resonance occurs when a system vibrates at its natural frequency due to an external periodic force.,Advanced,Class 11,NCERT,Resonance
Physics,What is Boyle's law?,At constant temperature the pressure of a gas is inversely proportional to its volume.,Intermediate,Class 11,NCERT,Boyle's law
Physics,What is Charles's law?,At constant pressure the volume of a gas is directly proportional to its absolute temperature.,Intermediate,Class 11,NCERT,Charles law
Physics,What is the photoelectric effect?,The emission of electrons from a metal surface when light of sufficient frequency falls on it.,Advanced,Class 12,NCERT,Photoelectric
Physics,Who proposed the photoelectric effect theory?,Albert Einstein explained the photoelectric effect using the concept of photons in 1905.,Advanced,Class 12,NCERT,Einstein photon
Physics,What is a photon?,A photon is a particle of light carrying energy E = hf where h is Planck's constant and f is frequency.,Advanced,Class 12,NCERT,Photon
Physics,What is Planck's constant?,Planck's constant h = 6.626 x 10^-34 Joule-seconds.,Advanced,Class 12,NCERT,Planck constant
Physics,What is the work function?,The minimum energy required to remove an electron from the surface of a metal.,Advanced,Class 12,NCERT,Work function
Physics,What is de Broglie wavelength?,Every moving particle has an associated wavelength given by lambda = h/mv.,Advanced,Class 12,NCERT,de Broglie
Physics,What is Heisenberg uncertainty principle?,It is impossible to simultaneously know both the exact position and momentum of a particle.,Advanced,Class 12,NCERT,Uncertainty principle
Physics,What is superconductivity?,The phenomenon where certain materials conduct electricity with zero resistance at very low temperatures.,Advanced,Class 12,General,Superconductivity
Physics,What is the unit of magnetic field strength?,The unit of magnetic field strength is Tesla (T).,Intermediate,Class 12,NCERT,Magnetic field unit
Physics,What is Fleming's left hand rule?,It gives the direction of force on a current-carrying conductor in a magnetic field.,Intermediate,Class 10,NCERT,Fleming left hand
Physics,What is Fleming's right hand rule?,It gives the direction of induced current in a conductor moving in a magnetic field.,Intermediate,Class 10,NCERT,Fleming right hand
Physics,What is Lenz's law?,The induced current always flows in a direction that opposes the change causing it.,Intermediate,Class 12,NCERT,Lenz law
Physics,What is the SI unit of charge?,The SI unit of electric charge is Coulomb (C).,Basic,Class 10,NCERT,Charge unit
Physics,What is Coulomb's law?,The force between two charges is proportional to the product of charges and inversely proportional to the square of distance.,Intermediate,Class 12,NCERT,Coulomb law
Physics,What is an electric field?,Electric field is the region around a charged particle where another charge experiences a force.,Intermediate,Class 12,NCERT,Electric field
Physics,What is capacitance?,Capacitance is the ability of a system to store electric charge. Unit is Farad.,Intermediate,Class 12,NCERT,Capacitance
Physics,What is a semiconductor?,A semiconductor is a material whose conductivity lies between a conductor and an insulator.,Intermediate,Class 12,NCERT,Semiconductor
Physics,What is a p-n junction?,A p-n junction is formed when p-type and n-type semiconductors are joined together.,Advanced,Class 12,NCERT,PN junction
Physics,What is thermodynamics?,Thermodynamics is the branch of physics dealing with heat energy and its conversion to other forms.,Intermediate,Class 11,NCERT,Thermodynamics
Physics,What is the first law of thermodynamics?,Energy cannot be created or destroyed; the total energy of an isolated system is constant.,Intermediate,Class 11,NCERT,First law thermo
Physics,What is the second law of thermodynamics?,Heat flows naturally from a hot body to a cold body and not the other way around.,Intermediate,Class 11,NCERT,Second law thermo
Physics,What is entropy?,Entropy is a measure of the disorder or randomness of a system.,Advanced,Class 11,NCERT,Entropy
Physics,What is absolute zero?,Absolute zero is the lowest possible temperature: 0 Kelvin or -273.15 degrees Celsius.,Intermediate,Class 11,NCERT,Absolute zero
Physics,What is the refractive index?,Refractive index is the ratio of the speed of light in vacuum to the speed of light in a medium.,Intermediate,Class 10,NCERT,Refractive index
Physics,What is dispersion of light?,Dispersion is the splitting of white light into its component colours when it passes through a prism.,Basic,Class 10,NCERT,Light dispersion
Physics,What is polarization of light?,Polarization is the restriction of vibration of light waves to a single plane.,Advanced,Class 12,NCERT,Polarization
Physics,What is diffraction?,Diffraction is the bending of waves around obstacles or through openings.,Advanced,Class 12,NCERT,Diffraction
Physics,What is interference?,Interference is the phenomenon where two waves superpose to form a resultant wave.,Advanced,Class 12,NCERT,Interference
Physics,What is Young's double slit experiment?,An experiment demonstrating the wave nature of light through interference patterns.,Advanced,Class 12,NCERT,Young double slit
Physics,What is the escape velocity of Earth?,The escape velocity of Earth is approximately 11.2 km/s.,Intermediate,Class 11,NCERT,Escape velocity
Physics,What is orbital velocity?,Orbital velocity is the minimum velocity needed to keep a satellite in orbit around Earth.,Intermediate,Class 11,NCERT,Orbital velocity
Physics,What is Kepler's first law?,Planets move in elliptical orbits with the Sun at one focus.,Intermediate,Class 11,NCERT,Kepler first
Physics,What is Kepler's second law?,A planet sweeps equal areas in equal time intervals as it orbits the Sun.,Intermediate,Class 11,NCERT,Kepler second
Physics,What is Kepler's third law?,The square of a planet's orbital period is proportional to the cube of its orbital radius.,Advanced,Class 11,NCERT,Kepler third
Physics,What is moment of inertia?,Moment of inertia is the rotational equivalent of mass; it resists angular acceleration.,Advanced,Class 11,NCERT,Moment of inertia
Physics,What is angular momentum?,Angular momentum is the product of moment of inertia and angular velocity.,Advanced,Class 11,NCERT,Angular momentum
Physics,What is a wave?,A wave is a disturbance that transfers energy through a medium without transferring matter.,Basic,Class 9,NCERT,Wave
Physics,What is wavelength?,Wavelength is the distance between two consecutive crests or troughs of a wave.,Basic,Class 9,NCERT,Wavelength
Physics,What is amplitude?,Amplitude is the maximum displacement of a wave from its equilibrium position.,Basic,Class 9,NCERT,Amplitude
Physics,What is the relationship between speed frequency and wavelength?,Speed equals frequency multiplied by wavelength (v = f x lambda).,Basic,Class 9,NCERT,Wave equation
Physics,What is ultrasound?,Ultrasound refers to sound waves with frequency above 20000 Hz inaudible to humans.,Intermediate,Class 9,NCERT,Ultrasound
Physics,What is infrasound?,Infrasound refers to sound waves with frequency below 20 Hz inaudible to humans.,Intermediate,Class 9,NCERT,Infrasound
Physics,What is the audible range of human hearing?,Humans can hear sounds in the frequency range of 20 Hz to 20000 Hz.,Basic,Class 9,NCERT,Audible range
Physics,What is a magnetic field?,A magnetic field is the region around a magnet where magnetic forces are experienced.,Basic,Class 10,NCERT,Magnetic field
Physics,What is electromagnetic induction?,The production of an electric current in a conductor due to a changing magnetic field.,Intermediate,Class 10,NCERT,EM induction
Physics,Who discovered electromagnetic induction?,Michael Faraday discovered electromagnetic induction in 1831.,Intermediate,Class 10,NCERT,Faraday
Physics,What is a generator?,A generator converts mechanical energy into electrical energy using electromagnetic induction.,Basic,Class 10,NCERT,Generator
Physics,What is a motor?,An electric motor converts electrical energy into mechanical energy.,Basic,Class 10,NCERT,Motor
Physics,What is the greenhouse effect?,The trapping of heat in Earth's atmosphere by greenhouse gases like CO2 and methane.,Basic,Class 10,NCERT,Greenhouse effect
Physics,What is global warming?,The gradual increase in Earth's average temperature due to increased greenhouse gas emissions.,Basic,Class 10,NCERT,Global warming
Physics,What is ozone?,Ozone is a molecule made of three oxygen atoms (O3) that forms a protective layer in the stratosphere.,Basic,Class 10,NCERT,Ozone
Physics,What causes depletion of the ozone layer?,Chlorofluorocarbons (CFCs) released from refrigerants and sprays destroy ozone molecules.,Intermediate,Class 10,NCERT,Ozone depletion
Physics,What is renewable energy?,Energy from naturally replenishing sources like solar wind water and geothermal heat.,Basic,Class 10,NCERT,Renewable energy
Physics,What is solar energy?,Energy obtained from the Sun's radiation; converted using solar panels (photovoltaic cells).,Basic,Class 10,NCERT,Solar energy
Chemistry,What is the atomic number of hydrogen?,The atomic number of hydrogen is 1.,Basic,Class 9,NCERT,Hydrogen
Chemistry,What is the atomic number of carbon?,The atomic number of carbon is 6.,Basic,Class 9,NCERT,Carbon
Chemistry,What is the atomic number of oxygen?,The atomic number of oxygen is 8.,Basic,Class 9,NCERT,Oxygen
Chemistry,What is the atomic number of nitrogen?,The atomic number of nitrogen is 7.,Basic,Class 9,NCERT,Nitrogen
Chemistry,What is the atomic number of iron?,The atomic number of iron is 26.,Basic,Class 10,NCERT,Iron
Chemistry,What is the atomic number of gold?,The atomic number of gold is 79.,Intermediate,Class 10,NCERT,Gold
Chemistry,What is the atomic number of sodium?,The atomic number of sodium is 11.,Basic,Class 10,NCERT,Sodium
Chemistry,What is the chemical formula of water?,The chemical formula of water is H2O.,Basic,Class 7,NCERT,Water formula
Chemistry,What is the chemical formula of carbon dioxide?,The chemical formula of carbon dioxide is CO2.,Basic,Class 8,NCERT,CO2
Chemistry,What is the chemical formula of table salt?,The chemical formula of table salt (sodium chloride) is NaCl.,Basic,Class 9,NCERT,NaCl
Chemistry,What is the chemical formula of ammonia?,The chemical formula of ammonia is NH3.,Basic,Class 10,NCERT,Ammonia
Chemistry,What is the chemical formula of sulphuric acid?,The chemical formula of sulphuric acid is H2SO4.,Basic,Class 10,NCERT,Sulphuric acid
Chemistry,What is the chemical formula of hydrochloric acid?,The chemical formula of hydrochloric acid is HCl.,Basic,Class 10,NCERT,HCl
Chemistry,What is the chemical formula of nitric acid?,The chemical formula of nitric acid is HNO3.,Basic,Class 10,NCERT,HNO3
Chemistry,What is pH?,pH is a measure of the hydrogen ion concentration in a solution. pH 7 is neutral below 7 is acidic above 7 is basic.,Basic,Class 10,NCERT,pH scale
Chemistry,What is an acid?,An acid is a substance that donates hydrogen ions (H+) in solution and has pH less than 7.,Basic,Class 10,NCERT,Acid
Chemistry,What is a base?,A base is a substance that accepts hydrogen ions or donates hydroxide ions (OH-) with pH greater than 7.,Basic,Class 10,NCERT,Base
Chemistry,What is a neutral solution?,A neutral solution has a pH of exactly 7 like pure water.,Basic,Class 10,NCERT,Neutral
Chemistry,What is an indicator?,An indicator is a substance that changes colour to show whether a solution is acidic basic or neutral.,Basic,Class 10,NCERT,Indicator
Chemistry,What is litmus?,Litmus is a natural indicator that turns red in acid and blue in base.,Basic,Class 10,NCERT,Litmus
Chemistry,What is the periodic table?,The periodic table is an arrangement of elements in order of increasing atomic number showing recurring properties.,Basic,Class 10,NCERT,Periodic table
Chemistry,Who created the modern periodic table?,Dmitri Mendeleev created the periodic table in 1869 arranging elements by atomic mass.,Basic,Class 10,NCERT,Mendeleev
Chemistry,What are periods in the periodic table?,Periods are horizontal rows in the periodic table. There are 7 periods.,Basic,Class 10,NCERT,Periods
Chemistry,What are groups in the periodic table?,Groups are vertical columns in the periodic table. There are 18 groups.,Basic,Class 10,NCERT,Groups
Chemistry,What are alkali metals?,Alkali metals are Group 1 elements (Li Na K Rb Cs Fr) that are highly reactive soft metals.,Intermediate,Class 10,NCERT,Alkali metals
Chemistry,What are halogens?,Halogens are Group 17 elements (F Cl Br I At) that are highly reactive nonmetals.,Intermediate,Class 10,NCERT,Halogens
Chemistry,What are noble gases?,Noble gases are Group 18 elements (He Ne Ar Kr Xe Rn) that are chemically inert.,Basic,Class 10,NCERT,Noble gases
Chemistry,What is valency?,Valency is the combining capacity of an element determined by the number of electrons it gains loses or shares.,Basic,Class 9,NCERT,Valency
Chemistry,What is an ionic bond?,An ionic bond is formed by the transfer of electrons from one atom to another creating oppositely charged ions.,Intermediate,Class 10,NCERT,Ionic bond
Chemistry,What is a covalent bond?,A covalent bond is formed by the sharing of electrons between two atoms.,Intermediate,Class 10,NCERT,Covalent bond
Chemistry,What is oxidation?,Oxidation is the loss of electrons or the gain of oxygen by a substance.,Intermediate,Class 10,NCERT,Oxidation
Chemistry,What is reduction?,Reduction is the gain of electrons or the loss of oxygen by a substance.,Intermediate,Class 10,NCERT,Reduction
Chemistry,What is a redox reaction?,A redox reaction involves both oxidation and reduction occurring simultaneously.,Intermediate,Class 10,NCERT,Redox
Chemistry,What is corrosion?,Corrosion is the gradual destruction of metals by chemical reaction with their environment like rusting of iron.,Basic,Class 10,NCERT,Corrosion
Chemistry,What is the chemical formula for rust?,Rust is hydrated iron oxide with formula Fe2O3.xH2O.,Intermediate,Class 10,NCERT,Rust formula
Chemistry,What is rancidity?,Rancidity is the deterioration of fats and oils due to oxidation causing bad smell and taste.,Basic,Class 10,NCERT,Rancidity
Chemistry,What is a catalyst?,A catalyst is a substance that increases the rate of a chemical reaction without being consumed.,Intermediate,Class 10,NCERT,Catalyst
Chemistry,What is an exothermic reaction?,An exothermic reaction releases heat energy to the surroundings.,Basic,Class 10,NCERT,Exothermic
Chemistry,What is an endothermic reaction?,An endothermic reaction absorbs heat energy from the surroundings.,Basic,Class 10,NCERT,Endothermic
Chemistry,What is the law of conservation of mass?,In a chemical reaction the total mass of reactants equals the total mass of products.,Basic,Class 9,NCERT,Conservation of mass
Chemistry,What is Avogadro's number?,Avogadro's number is 6.022 x 10^23 the number of atoms or molecules in one mole of a substance.,Intermediate,Class 11,NCERT,Avogadro
Chemistry,What is a mole?,A mole is the amount of substance containing 6.022 x 10^23 particles.,Intermediate,Class 11,NCERT,Mole
Chemistry,What is molar mass?,Molar mass is the mass of one mole of a substance expressed in grams per mole.,Intermediate,Class 11,NCERT,Molar mass
Chemistry,What is an atom?,An atom is the smallest unit of an element that retains the chemical properties of that element.,Basic,Class 9,NCERT,Atom
Chemistry,What is a molecule?,A molecule is the smallest unit of a compound that retains the chemical properties of that compound.,Basic,Class 9,NCERT,Molecule
Chemistry,What is an element?,An element is a pure substance made of only one type of atom that cannot be broken down further.,Basic,Class 9,NCERT,Element
Chemistry,What is a compound?,A compound is a substance formed by the chemical combination of two or more elements in a fixed ratio.,Basic,Class 9,NCERT,Compound
Chemistry,What is a mixture?,A mixture is a combination of two or more substances that are not chemically combined.,Basic,Class 9,NCERT,Mixture
Chemistry,What is an alloy?,An alloy is a mixture of two or more metals or a metal and a nonmetal.,Basic,Class 10,NCERT,Alloy
Chemistry,What is brass made of?,Brass is an alloy of copper and zinc.,Basic,Class 10,NCERT,Brass
Chemistry,What is bronze made of?,Bronze is an alloy of copper and tin.,Basic,Class 10,NCERT,Bronze
Chemistry,What is steel made of?,Steel is an alloy of iron and carbon.,Basic,Class 10,NCERT,Steel
Chemistry,What is stainless steel?,Stainless steel is an alloy of iron carbon and chromium that resists corrosion.,Basic,Class 10,NCERT,Stainless steel
Chemistry,What is electrolysis?,Electrolysis is the process of using electric current to drive a non-spontaneous chemical reaction.,Intermediate,Class 10,NCERT,Electrolysis
Chemistry,What is an electrolyte?,An electrolyte is a substance that conducts electricity when dissolved in water or melted.,Intermediate,Class 10,NCERT,Electrolyte
Chemistry,What is distillation?,Distillation is a method of separating mixtures based on differences in boiling points.,Basic,Class 9,NCERT,Distillation
Chemistry,What is crystallization?,Crystallization is a method of obtaining pure solid from a solution by cooling it.,Basic,Class 9,NCERT,Crystallization
Chemistry,What is chromatography?,Chromatography is a technique used to separate components of a mixture based on their different rates of movement.,Intermediate,Class 9,NCERT,Chromatography
Chemistry,What is a physical change?,A physical change alters the form of a substance without changing its chemical composition.,Basic,Class 8,NCERT,Physical change
Chemistry,What is a chemical change?,A chemical change produces new substances with different properties from the original.,Basic,Class 8,NCERT,Chemical change
Chemistry,What is sublimation?,Sublimation is the direct conversion of a solid to a gas without passing through the liquid state.,Intermediate,Class 9,NCERT,Sublimation
Chemistry,What is evaporation?,Evaporation is the conversion of a liquid into vapour at its surface below its boiling point.,Basic,Class 8,NCERT,Evaporation
Chemistry,What is condensation?,Condensation is the conversion of vapour or gas into liquid.,Basic,Class 8,NCERT,Condensation
Chemistry,What is a solution?,A solution is a homogeneous mixture of two or more substances.,Basic,Class 9,NCERT,Solution
Chemistry,What is solute?,A solute is the substance that is dissolved in a solution.,Basic,Class 9,NCERT,Solute
Chemistry,What is solvent?,A solvent is the substance in which the solute is dissolved.,Basic,Class 9,NCERT,Solvent
Chemistry,What is solubility?,Solubility is the maximum amount of solute that can dissolve in a given amount of solvent at a given temperature.,Intermediate,Class 9,NCERT,Solubility
Chemistry,What is a saturated solution?,A saturated solution contains the maximum amount of dissolved solute at a given temperature.,Intermediate,Class 9,NCERT,Saturated solution
Chemistry,What is colloid?,A colloid is a mixture in which fine particles are dispersed in a medium but do not settle.,Intermediate,Class 9,NCERT,Colloid
Chemistry,What is the Tyndall effect?,The scattering of light by colloidal particles making the beam of light visible.,Intermediate,Class 9,NCERT,Tyndall effect
Chemistry,What is organic chemistry?,Organic chemistry is the study of carbon compounds especially hydrocarbons and their derivatives.,Intermediate,Class 10,NCERT,Organic chemistry
Chemistry,What is a hydrocarbon?,A hydrocarbon is a compound containing only carbon and hydrogen atoms.,Intermediate,Class 10,NCERT,Hydrocarbon
Chemistry,What is methane?,Methane (CH4) is the simplest hydrocarbon and the main component of natural gas.,Basic,Class 10,NCERT,Methane
Chemistry,What is ethanol?,Ethanol (C2H5OH) is an alcohol used in beverages antiseptics and as fuel.,Intermediate,Class 10,NCERT,Ethanol
Chemistry,What is the formula of glucose?,The chemical formula of glucose is C6H12O6.,Basic,Class 10,NCERT,Glucose
Chemistry,What is soap?,Soap is a salt of a fatty acid made by the reaction of fats or oils with a strong base (saponification).,Basic,Class 10,NCERT,Soap
Chemistry,What is detergent?,Detergent is a synthetic cleaning agent that works better than soap in hard water.,Basic,Class 10,NCERT,Detergent
Chemistry,What is hard water?,Hard water contains dissolved calcium and magnesium salts that prevent soap from lathering.,Intermediate,Class 10,NCERT,Hard water
Chemistry,What is heavy water?,Heavy water is water in which hydrogen is replaced by deuterium (D2O).,Advanced,Class 12,NCERT,Heavy water
Chemistry,What is nuclear chemistry?,Nuclear chemistry deals with the study of radioactivity nuclear reactions and their applications.,Advanced,Class 12,NCERT,Nuclear chemistry
Chemistry,What is polymer?,A polymer is a large molecule made of many repeating smaller units called monomers.,Intermediate,Class 12,NCERT,Polymer
Chemistry,What is plastic?,Plastic is a synthetic polymer that can be moulded into shape and retains that shape.,Basic,Class 10,NCERT,Plastic
Chemistry,What is nylon?,Nylon is a synthetic polymer used to make fibres ropes and fabrics.,Basic,Class 10,NCERT,Nylon
Chemistry,What is bakelite?,Bakelite is a thermosetting plastic used in electrical fittings and radio cabinets.,Intermediate,Class 10,NCERT,Bakelite
Chemistry,What is the Haber process?,The Haber process is the industrial method of making ammonia from nitrogen and hydrogen gases.,Intermediate,Class 11,NCERT,Haber process
Chemistry,What is the contact process?,The contact process is the industrial method of making sulphuric acid.,Intermediate,Class 11,NCERT,Contact process
Chemistry,What is the Solvay process?,The Solvay process is the industrial method of making sodium carbonate (washing soda).,Advanced,Class 11,NCERT,Solvay process
Chemistry,What is baking soda?,Baking soda is sodium bicarbonate (NaHCO3) used in cooking and as an antacid.,Basic,Class 10,NCERT,Baking soda
Chemistry,What is washing soda?,Washing soda is sodium carbonate (Na2CO3) used as a cleaning agent.,Basic,Class 10,NCERT,Washing soda
Chemistry,What is bleaching powder?,Bleaching powder is calcium hypochlorite Ca(OCl)Cl used for disinfection and bleaching.,Intermediate,Class 10,NCERT,Bleaching powder
Chemistry,What is plaster of Paris?,Plaster of Paris is calcium sulphate hemihydrate (CaSO4.1/2H2O) used in making casts.,Intermediate,Class 10,NCERT,Plaster of Paris
Chemistry,What is the formula of plaster of Paris?,The formula of Plaster of Paris is CaSO4.1/2 H2O.,Intermediate,Class 10,NCERT,PoP formula
Chemistry,What is marble?,Marble is calcium carbonate (CaCO3) a metamorphic rock used in construction and sculpture.,Basic,Class 10,NCERT,Marble
Chemistry,What is limestone?,Limestone is calcium carbonate (CaCO3) used in making cement and glass.,Basic,Class 10,NCERT,Limestone
Chemistry,What is cement made of?,Cement is made by heating limestone and clay then grinding with gypsum.,Intermediate,Class 10,General,Cement
Chemistry,What is glass made of?,Glass is made by melting silica (sand) with sodium carbonate and calcium carbonate.,Basic,Class 10,General,Glass
Chemistry,What is dry ice?,Dry ice is solid carbon dioxide (CO2) used as a refrigerant.,Intermediate,Class 11,General,Dry ice
Chemistry,What is laughing gas?,Laughing gas is nitrous oxide (N2O) used as an anaesthetic.,Intermediate,Class 11,General,Laughing gas
Chemistry,What is the formula of laughing gas?,The formula of laughing gas (nitrous oxide) is N2O.,Intermediate,Class 11,NCERT,N2O
Chemistry,What is tear gas?,Tear gas is chloroacetophenone (CN) or CS gas used for riot control.,Advanced,Class 12,General,Tear gas
Chemistry,What is LPG?,LPG (Liquefied Petroleum Gas) is mainly a mixture of propane and butane used as fuel.,Basic,Class 10,General,LPG
Chemistry,What is CNG?,CNG (Compressed Natural Gas) is mainly methane used as a cleaner fuel for vehicles.,Basic,Class 10,General,CNG
Chemistry,What is the main component of biogas?,The main component of biogas is methane (CH4) produced by decomposition of organic waste.,Basic,Class 10,NCERT,Biogas
Chemistry,What is photosynthesis equation?,6CO2 + 6H2O + light energy → C6H12O6 + 6O2,Intermediate,Class 10,NCERT,Photosynthesis equation
Biology,What is the basic unit of life?,The cell is the basic structural and functional unit of life.,Basic,Class 8,NCERT,Cell
Biology,Who discovered the cell?,Robert Hooke discovered the cell in 1665 while observing cork under a microscope.,Basic,Class 8,NCERT,Robert Hooke
Biology,What is the cell theory?,Cell theory states that all living things are made of cells cells are the basic unit of life and cells come from existing cells.,Basic,Class 8,NCERT,Cell theory
Biology,What is a prokaryotic cell?,A prokaryotic cell lacks a membrane-bound nucleus and organelles e.g. bacteria.,Intermediate,Class 9,NCERT,Prokaryote
Biology,What is a eukaryotic cell?,A eukaryotic cell has a membrane-bound nucleus and organelles e.g. plant and animal cells.,Intermediate,Class 9,NCERT,Eukaryote
Biology,What is the nucleus of a cell?,The nucleus is the control centre of the cell containing DNA and controlling cell activities.,Basic,Class 8,NCERT,Nucleus
Biology,What is the mitochondria?,Mitochondria are organelles that produce energy through cellular respiration; called the powerhouse of the cell.,Basic,Class 9,NCERT,Mitochondria
Biology,What is the chloroplast?,Chloroplast is the organelle in plant cells where photosynthesis takes place; contains chlorophyll.,Basic,Class 9,NCERT,Chloroplast
Biology,What is the cell membrane?,The cell membrane is a selectively permeable layer that controls what enters and exits the cell.,Basic,Class 8,NCERT,Cell membrane
Biology,What is the cell wall?,The cell wall is a rigid outer layer found in plant fungal and bacterial cells providing support.,Basic,Class 8,NCERT,Cell wall
Biology,What is the difference between plant and animal cell?,Plant cells have cell wall chloroplasts and large vacuole; animal cells have centrioles and small vacuoles.,Basic,Class 8,NCERT,Plant vs animal cell
Biology,What is DNA?,DNA (Deoxyribonucleic acid) is the molecule that carries genetic information in living organisms.,Basic,Class 10,NCERT,DNA
Biology,What is RNA?,RNA (Ribonucleic acid) is involved in protein synthesis and gene expression.,Intermediate,Class 12,NCERT,RNA
Biology,What is a gene?,A gene is a segment of DNA that codes for a specific protein or trait.,Intermediate,Class 12,NCERT,Gene
Biology,What is a chromosome?,A chromosome is a thread-like structure of DNA and protein that carries genetic information.,Intermediate,Class 10,NCERT,Chromosome
Biology,How many chromosomes do humans have?,Humans have 46 chromosomes (23 pairs) in each body cell.,Basic,Class 10,NCERT,Human chromosomes
Biology,What is mitosis?,Mitosis is a type of cell division that produces two genetically identical daughter cells.,Intermediate,Class 11,NCERT,Mitosis
Biology,What is meiosis?,Meiosis is a type of cell division that produces four genetically different haploid cells (gametes).,Intermediate,Class 11,NCERT,Meiosis
Biology,What is photosynthesis?,Photosynthesis is the process by which plants use sunlight CO2 and water to make glucose and oxygen.,Basic,Class 7,NCERT,Photosynthesis
Biology,What is chlorophyll?,Chlorophyll is the green pigment in plants that absorbs sunlight for photosynthesis.,Basic,Class 7,NCERT,Chlorophyll
Biology,What is respiration?,Respiration is the process of breaking down glucose to release energy in cells.,Basic,Class 10,NCERT,Respiration
Biology,What is aerobic respiration?,Aerobic respiration uses oxygen to break down glucose producing CO2 water and energy.,Intermediate,Class 10,NCERT,Aerobic respiration
Biology,What is anaerobic respiration?,Anaerobic respiration breaks down glucose without oxygen producing lactic acid or alcohol.,Intermediate,Class 10,NCERT,Anaerobic respiration
Biology,What is the equation for aerobic respiration?,C6H12O6 + 6O2 → 6CO2 + 6H2O + Energy (ATP),Intermediate,Class 10,NCERT,Respiration equation
Biology,What is osmosis?,Osmosis is the movement of water through a semi-permeable membrane from a region of high water concentration to low.,Intermediate,Class 9,NCERT,Osmosis
Biology,What is diffusion?,Diffusion is the movement of particles from a region of high concentration to low concentration.,Basic,Class 9,NCERT,Diffusion
Biology,What is transpiration?,Transpiration is the loss of water vapour from plant leaves through stomata.,Basic,Class 10,NCERT,Transpiration
Biology,What are stomata?,Stomata are tiny pores on leaves that allow gas exchange and water vapour to escape.,Basic,Class 10,NCERT,Stomata
Biology,What is the nervous system?,The nervous system controls and coordinates body activities using electrical signals.,Basic,Class 10,NCERT,Nervous system
Biology,What is a neuron?,A neuron is the basic functional unit of the nervous system that transmits nerve impulses.,Basic,Class 10,NCERT,Neuron
Biology,What is the function of the brain?,The brain controls all body functions processes information and is the centre of thought and memory.,Basic,Class 10,NCERT,Brain function
Biology,What is the spinal cord?,The spinal cord is a bundle of nerves running through the spine that relays signals between brain and body.,Basic,Class 10,NCERT,Spinal cord
Biology,What is a reflex action?,A reflex action is an automatic and rapid response to a stimulus that does not involve the brain.,Basic,Class 10,NCERT,Reflex action
Biology,What is the endocrine system?,The endocrine system is a network of glands that produce and release hormones into the blood.,Intermediate,Class 10,NCERT,Endocrine system
Biology,What is insulin?,Insulin is a hormone produced by the pancreas that regulates blood glucose levels.,Basic,Class 10,NCERT,Insulin
Biology,What is adrenaline?,Adrenaline is a hormone produced by the adrenal glands in response to stress or danger.,Intermediate,Class 10,NCERT,Adrenaline
Biology,What is the digestive system?,The digestive system breaks down food into nutrients that can be absorbed by the body.,Basic,Class 10,NCERT,Digestive system
Biology,What is the function of the liver?,The liver produces bile detoxifies blood stores glycogen and performs many metabolic functions.,Intermediate,Class 10,NCERT,Liver
Biology,What is the function of the kidney?,The kidney filters blood removes waste products and regulates water and electrolyte balance.,Basic,Class 10,NCERT,Kidney
Biology,What is blood?,Blood is a fluid connective tissue that transports oxygen nutrients hormones and waste products.,Basic,Class 10,NCERT,Blood
Biology,What are red blood cells?,Red blood cells (RBCs) contain haemoglobin and carry oxygen from lungs to body tissues.,Basic,Class 10,NCERT,RBC
Biology,What are white blood cells?,White blood cells (WBCs) are part of the immune system and fight infection.,Basic,Class 10,NCERT,WBC
Biology,What are platelets?,Platelets are cell fragments that help in blood clotting to stop bleeding.,Basic,Class 10,NCERT,Platelets
Biology,What is haemoglobin?,Haemoglobin is the iron-containing protein in red blood cells that carries oxygen.,Basic,Class 10,NCERT,Haemoglobin
Biology,What is the heart?,The heart is a muscular organ that pumps blood throughout the body.,Basic,Class 10,NCERT,Heart
Biology,How many chambers does the human heart have?,The human heart has four chambers: right atrium right ventricle left atrium left ventricle.,Basic,Class 10,NCERT,Heart chambers
Biology,What is blood pressure?,Blood pressure is the force exerted by blood on the walls of blood vessels.,Basic,Class 10,NCERT,Blood pressure
Biology,What is the normal blood pressure?,Normal blood pressure is 120/80 mmHg (systolic/diastolic).,Basic,Class 10,General,Normal BP
Biology,What is vaccination?,Vaccination introduces a weakened or dead pathogen to stimulate the immune system to produce antibodies.,Basic,Class 10,NCERT,Vaccination
Biology,What is an antibiotic?,An antibiotic is a medicine that kills or inhibits the growth of bacteria.,Basic,Class 10,NCERT,Antibiotic
Biology,Who discovered penicillin?,Alexander Fleming discovered penicillin in 1928.,Basic,Class 10,NCERT,Penicillin
Biology,What is a virus?,A virus is a non-cellular infectious agent that replicates only inside a living host cell.,Basic,Class 10,NCERT,Virus
Biology,What is a bacteria?,Bacteria are single-celled prokaryotic microorganisms that can be beneficial or harmful.,Basic,Class 9,NCERT,Bacteria
Biology,What is fungi?,Fungi are eukaryotic organisms that include mushrooms moulds and yeasts that decompose organic matter.,Basic,Class 9,NCERT,Fungi
Biology,What is an ecosystem?,An ecosystem is a community of living organisms interacting with each other and their non-living environment.,Basic,Class 10,NCERT,Ecosystem
Biology,What is a food chain?,A food chain shows the sequence of who eats whom in an ecosystem transferring energy.,Basic,Class 10,NCERT,Food chain
Biology,What is a food web?,A food web is an interconnected network of food chains in an ecosystem.,Basic,Class 10,NCERT,Food web
Biology,What are producers in an ecosystem?,Producers are organisms (mainly plants) that make their own food through photosynthesis.,Basic,Class 10,NCERT,Producers
Biology,What are consumers?,Consumers are organisms that cannot make their own food and eat other organisms.,Basic,Class 10,NCERT,Consumers
Biology,What are decomposers?,Decomposers break down dead organic matter and recycle nutrients back into the ecosystem.,Basic,Class 10,NCERT,Decomposers
Biology,What is biodiversity?,Biodiversity is the variety of life on Earth including all species ecosystems and genetic variation.,Basic,Class 10,NCERT,Biodiversity
Biology,What is evolution?,Evolution is the gradual change in inherited characteristics of populations over many generations.,Intermediate,Class 12,NCERT,Evolution
Biology,Who proposed the theory of evolution?,Charles Darwin proposed the theory of evolution by natural selection in 1859.,Basic,Class 12,NCERT,Darwin
Biology,What is natural selection?,Natural selection is the process where organisms better adapted to their environment survive and reproduce more.,Intermediate,Class 12,NCERT,Natural selection
Biology,What is heredity?,Heredity is the passing of traits from parents to offspring through genes.,Basic,Class 10,NCERT,Heredity
Biology,Who is the father of genetics?,Gregor Mendel is the father of genetics.,Basic,Class 10,NCERT,Mendel genetics
Biology,What is dominant trait?,A dominant trait is one that is expressed even when only one copy of the gene is present.,Intermediate,Class 10,NCERT,Dominant trait
Biology,What is recessive trait?,A recessive trait is only expressed when two copies of the gene are present.,Intermediate,Class 10,NCERT,Recessive trait
Biology,What is cloning?,Cloning is the process of producing genetically identical copies of an organism.,Intermediate,Class 12,NCERT,Cloning
Biology,What is Dolly the sheep?,Dolly was the first mammal cloned from an adult somatic cell in 1996.,Intermediate,Class 12,General,Dolly sheep
Biology,What is biotechnology?,Biotechnology is the use of biological systems and living organisms to develop products and technologies.,Intermediate,Class 12,NCERT,Biotechnology
Biology,What is genetic engineering?,Genetic engineering is the direct manipulation of an organism's genes using biotechnology.,Advanced,Class 12,NCERT,Genetic engineering
Biology,What are stem cells?,Stem cells are undifferentiated cells that can develop into many different types of cells.,Advanced,Class 12,General,Stem cells
Biology,What is the human genome?,The human genome is the complete set of DNA including all genes in a human cell.,Advanced,Class 12,General,Human genome
Biology,What is the Human Genome Project?,The Human Genome Project was an international effort to map all human genes completed in 2003.,Advanced,Class 12,General,HGP
Biology,What is cancer?,Cancer is a disease where cells divide uncontrollably and may spread to other parts of the body.,Intermediate,Class 12,General,Cancer
Biology,What is diabetes?,Diabetes is a condition where the body cannot regulate blood sugar due to insufficient insulin.,Basic,Class 10,General,Diabetes
Biology,What is malaria?,Malaria is a disease caused by Plasmodium parasites transmitted through Anopheles mosquito bites.,Basic,Class 10,NCERT,Malaria
Biology,What is tuberculosis?,Tuberculosis (TB) is a bacterial infection caused by Mycobacterium tuberculosis affecting the lungs.,Basic,Class 10,General,Tuberculosis
Biology,What is AIDS?,AIDS is a disease caused by HIV virus that weakens the immune system.,Basic,Class 10,NCERT,AIDS
Biology,What is dengue?,Dengue is a viral disease transmitted by Aedes mosquitoes causing high fever and joint pain.,Basic,Class 10,General,Dengue
Biology,What is COVID-19?,COVID-19 is a disease caused by SARS-CoV-2 coronavirus causing respiratory illness.,Basic,General,General,COVID-19
Biology,What is the largest organ of the human body?,The skin is the largest organ of the human body.,Basic,Class 8,General,Largest organ
Biology,What is the largest internal organ?,The liver is the largest internal organ of the human body.,Basic,Class 10,General,Largest internal organ
Biology,What is the smallest bone in the human body?,The stapes in the ear is the smallest bone in the human body.,Basic,General,General,Smallest bone
Biology,What is the longest bone in the human body?,The femur (thigh bone) is the longest bone in the human body.,Basic,General,General,Longest bone
Biology,How many bones does the adult human body have?,The adult human body has 206 bones.,Basic,Class 8,General,Human bones
Biology,What is the function of the lungs?,The lungs exchange gases: absorbing oxygen from air and releasing carbon dioxide from blood.,Basic,Class 10,NCERT,Lungs
Biology,What is the function of the stomach?,The stomach digests food by mixing it with gastric juices containing hydrochloric acid and enzymes.,Basic,Class 10,NCERT,Stomach
Biology,What is the function of the small intestine?,The small intestine absorbs nutrients from digested food into the bloodstream.,Basic,Class 10,NCERT,Small intestine
Biology,What is the function of the large intestine?,The large intestine absorbs water and electrolytes and eliminates waste as faeces.,Basic,Class 10,NCERT,Large intestine
Earth Science,What is the atmosphere?,The atmosphere is the layer of gases surrounding Earth held by gravity.,Basic,Class 7,NCERT,Atmosphere
Earth Science,What are the layers of the atmosphere?,Troposphere Stratosphere Mesosphere Thermosphere and Exosphere.,Intermediate,Class 7,NCERT,Atmosphere layers
Earth Science,What is the ozone layer?,The ozone layer in the stratosphere absorbs harmful ultraviolet radiation from the Sun.,Basic,Class 10,NCERT,Ozone layer
Earth Science,What is the water cycle?,The water cycle is the continuous movement of water through evaporation condensation precipitation and collection.,Basic,Class 7,NCERT,Water cycle
Earth Science,What causes rainfall?,Rainfall occurs when water vapour in clouds condenses into droplets heavy enough to fall.,Basic,Class 7,NCERT,Rainfall
Earth Science,What is an earthquake?,An earthquake is the shaking of Earth's surface caused by movement of tectonic plates.,Basic,Class 7,NCERT,Earthquake
Earth Science,What causes earthquakes?,Earthquakes are caused by the movement and collision of tectonic plates along fault lines.,Basic,Class 7,NCERT,Earthquake cause
Earth Science,What is the Richter scale?,The Richter scale measures the magnitude (energy released) of earthquakes.,Basic,Class 7,General,Richter scale
Earth Science,What is a volcano?,A volcano is an opening in Earth's crust where molten rock gases and ash erupt.,Basic,Class 7,NCERT,Volcano
Earth Science,What is a tsunami?,A tsunami is a series of large ocean waves caused by underwater earthquakes or volcanic eruptions.,Basic,Class 7,General,Tsunami
Earth Science,What is the structure of the Earth?,Earth has four layers: crust mantle outer core and inner core.,Basic,Class 7,NCERT,Earth structure
Earth Science,What is the crust of the Earth?,The crust is the outermost solid layer of Earth on which we live.,Basic,Class 7,NCERT,Earth crust
Earth Science,What is the mantle?,The mantle is the thick layer of hot semi-solid rock between the crust and the core.,Basic,Class 7,NCERT,Earth mantle
Earth Science,What is the core of the Earth?,The core is the innermost part of Earth made of iron and nickel.,Basic,Class 7,NCERT,Earth core
Earth Science,What are tectonic plates?,Tectonic plates are large pieces of Earth's crust that move slowly on the mantle.,Intermediate,Class 7,NCERT,Tectonic plates
Earth Science,What is weathering?,Weathering is the breaking down of rocks minerals and soils through contact with the environment.,Basic,Class 7,NCERT,Weathering
Earth Science,What is erosion?,Erosion is the process by which wind water or ice moves weathered material from one place to another.,Basic,Class 7,NCERT,Erosion
Earth Science,What is soil erosion?,Soil erosion is the wearing away of topsoil by wind water or human activities.,Basic,Class 7,NCERT,Soil erosion
Earth Science,What is a fossil?,A fossil is the preserved remains or traces of a once-living organism found in rock.,Basic,Class 10,NCERT,Fossil
Earth Science,What is the age of Earth?,Earth is approximately 4.5 billion years old.,Basic,Class 8,General,Earth age
Earth Science,What is the Sun?,The Sun is a star at the centre of our solar system providing light and heat.,Basic,Class 6,NCERT,Sun
Earth Science,How far is the Earth from the Sun?,Earth is approximately 150 million km (1 AU) from the Sun.,Basic,Class 8,General,Earth Sun distance
Earth Science,What causes seasons?,Seasons are caused by the tilt of Earth's axis as it orbits the Sun.,Basic,Class 6,NCERT,Seasons
Earth Science,What causes day and night?,Day and night are caused by Earth's rotation on its own axis.,Basic,Class 6,NCERT,Day night
Earth Science,What is the Moon?,The Moon is Earth's natural satellite that orbits Earth once every 27.3 days.,Basic,Class 6,NCERT,Moon
Earth Science,What causes tides?,Tides are caused by the gravitational pull of the Moon (and Sun) on Earth's oceans.,Intermediate,Class 8,NCERT,Tides
Earth Science,What is a solar eclipse?,A solar eclipse occurs when the Moon comes between the Sun and Earth blocking sunlight.,Basic,Class 8,NCERT,Solar eclipse
Earth Science,What is a lunar eclipse?,A lunar eclipse occurs when Earth comes between the Sun and Moon casting a shadow on the Moon.,Basic,Class 8,NCERT,Lunar eclipse
Earth Science,What is the Milky Way?,The Milky Way is the galaxy containing our solar system with over 200 billion stars.,Basic,Class 8,General,Milky Way
Earth Science,What is a black hole?,A black hole is a region in space with such strong gravity that nothing including light can escape.,Intermediate,Class 8,General,Black hole
Earth Science,What is a star?,A star is a luminous ball of plasma held together by gravity undergoing nuclear fusion.,Basic,Class 8,General,Star
Earth Science,What is a planet?,A planet is a celestial body orbiting a star that has cleared its orbital neighbourhood.,Basic,Class 8,NCERT,Planet
Earth Science,How many planets are in our solar system?,There are 8 planets in our solar system: Mercury Venus Earth Mars Jupiter Saturn Uranus Neptune.,Basic,Class 8,NCERT,Planets
Earth Science,What is the largest planet in our solar system?,Jupiter is the largest planet in our solar system.,Basic,Class 8,NCERT,Largest planet
Earth Science,What is the smallest planet in our solar system?,Mercury is the smallest planet in our solar system.,Basic,Class 8,NCERT,Smallest planet
Earth Science,What is the hottest planet in our solar system?,Venus is the hottest planet due to its thick CO2 atmosphere and greenhouse effect.,Basic,Class 8,General,Hottest planet
Earth Science,What is the red planet?,Mars is called the red planet due to iron oxide (rust) on its surface.,Basic,Class 8,General,Red planet
Earth Science,What is a comet?,A comet is a small icy body that orbits the Sun developing a tail of gas and dust when near the Sun.,Basic,Class 8,General,Comet
Earth Science,What is an asteroid?,An asteroid is a rocky body orbiting the Sun mostly found in the asteroid belt between Mars and Jupiter.,Basic,Class 8,General,Asteroid
Earth Science,What is a meteor?,A meteor is a space rock that enters Earth's atmosphere and burns up creating a streak of light.,Basic,Class 8,General,Meteor
Earth Science,What is a meteorite?,A meteorite is a meteor that survives the atmosphere and hits Earth's surface.,Basic,Class 8,General,Meteorite
Space Science,Who was the first human in space?,Yuri Gagarin of the Soviet Union was the first human in space on April 12 1961.,Basic,General,General,Yuri Gagarin
Space Science,Who was the first man on the Moon?,Neil Armstrong was the first man to walk on the Moon on July 20 1969.,Basic,General,General,Moon landing
Space Science,What is ISRO?,ISRO (Indian Space Research Organisation) is India's national space agency founded in 1969.,Basic,General,General,ISRO
Space Science,What is Chandrayaan?,Chandrayaan is India's lunar exploration program. Chandrayaan-1 launched in 2008 discovered water on Moon.,Basic,General,General,Chandrayaan
Space Science,What is Mangalyaan?,Mangalyaan (Mars Orbiter Mission) was India's first interplanetary mission launched in 2013.,Basic,General,General,Mangalyaan
Space Science,What is a satellite?,A satellite is any object that orbits a planet. Artificial satellites are man-made and used for communication and observation.,Basic,Class 8,General,Satellite
Space Science,What is the International Space Station?,The ISS is a habitable space station orbiting Earth at about 400 km altitude.,Basic,General,General,ISS
Space Science,What is a light year?,A light year is the distance light travels in one year approximately 9.46 trillion kilometres.,Basic,Class 8,General,Light year
Space Science,What is the nearest star to Earth?,Proxima Centauri is the nearest star to Earth at about 4.24 light years away.,Intermediate,General,General,Nearest star
Space Science,What is the Big Bang theory?,The Big Bang theory states that the universe began as an extremely hot dense point about 13.8 billion years ago.,Intermediate,Class 12,General,Big Bang
Space Science,What is dark matter?,Dark matter is an invisible form of matter that does not emit light but exerts gravitational effects.,Advanced,General,General,Dark matter
Space Science,What is a nebula?,A nebula is a cloud of gas and dust in space often the birthplace of stars.,Intermediate,General,General,Nebula
Space Science,What is a supernova?,A supernova is the explosive death of a massive star releasing enormous energy.,Intermediate,General,General,Supernova
Space Science,What is the speed of light in km/s?,The speed of light is approximately 300000 km/s or 3 x 10^5 km/s.,Basic,Class 10,NCERT,Speed of light km/s
Space Science,What is Aditya L1?,Aditya L1 is ISRO's solar observation spacecraft launched in 2023 to study the Sun.,Basic,General,General,Aditya L1
Space Science,What is Gaganyaan?,Gaganyaan is India's first crewed spacecraft mission by ISRO aiming to send humans to space.,Basic,General,General,Gaganyaan
Environment,What is pollution?,Pollution is the introduction of harmful substances into the environment.,Basic,Class 8,NCERT,Pollution
Environment,What is air pollution?,Air pollution is the presence of harmful substances in the atmosphere.,Basic,Class 8,NCERT,Air pollution
Environment,What is water pollution?,Water pollution is the contamination of water bodies with harmful substances.,Basic,Class 8,NCERT,Water pollution
Environment,What is soil pollution?,Soil pollution is the degradation of land by harmful chemicals and waste.,Basic,Class 8,NCERT,Soil pollution
Environment,What is noise pollution?,Noise pollution is excessive sound that disrupts the environment and causes harm.,Basic,Class 8,NCERT,Noise pollution
Environment,What is deforestation?,Deforestation is the clearing of forests for agriculture urban development or logging.,Basic,Class 8,NCERT,Deforestation
Environment,What is afforestation?,Afforestation is the planting of trees in areas where there were no previous forests.,Basic,Class 8,NCERT,Afforestation
Environment,What is sustainable development?,Development that meets present needs without compromising the ability of future generations to meet their needs.,Intermediate,Class 10,NCERT,Sustainable development
Environment,What is the carbon footprint?,Carbon footprint is the total greenhouse gas emissions caused by an individual organisation or product.,Intermediate,General,General,Carbon footprint
Environment,What is acid rain?,Acid rain is precipitation made acidic by atmospheric pollution from sulphur and nitrogen oxides.,Intermediate,Class 10,NCERT,Acid rain
Environment,What is eutrophication?,Eutrophication is excessive plant growth in water bodies due to nutrient pollution causing oxygen depletion.,Advanced,Class 12,NCERT,Eutrophication
Environment,What is biomagnification?,Biomagnification is the increase in concentration of a toxic substance in organisms at higher trophic levels.,Advanced,Class 12,NCERT,Biomagnification
Environment,What is composting?,Composting is the decomposition of organic waste into nutrient-rich fertiliser.,Basic,Class 8,General,Composting
Environment,What are the 3Rs of waste management?,The 3Rs are Reduce Reuse and Recycle.,Basic,Class 8,NCERT,3Rs
Environment,What is a national park?,A national park is a protected area conserved for wildlife and natural environment.,Basic,Class 10,NCERT,National park
Environment,What is a biosphere reserve?,A biosphere reserve is a protected area designated to promote conservation of biodiversity.,Intermediate,Class 10,NCERT,Biosphere reserve
Environment,What is the Paris Agreement?,The Paris Agreement is an international treaty to limit global warming to 1.5-2 degrees Celsius above pre-industrial levels.,Intermediate,General,General,Paris Agreement
Environment,What is the Kyoto Protocol?,The Kyoto Protocol was an international agreement to reduce greenhouse gas emissions adopted in 1997.,Advanced,General,General,Kyoto Protocol
Physics,What is work in physics?,Work is done when a force causes displacement. W = F x d x cos(theta).,Intermediate,Class 9,NCERT,Work formula
Physics,What is power in physics?,Power is the rate of doing work. P = W/t measured in Watts.,Intermediate,Class 9,NCERT,Power formula
Physics,What is efficiency?,Efficiency is the ratio of useful output energy to total input energy expressed as percentage.,Intermediate,Class 10,NCERT,Efficiency
Physics,What is a lever?,A lever is a simple machine consisting of a rigid bar pivoting around a fulcrum.,Basic,Class 9,General,Lever
Physics,What is mechanical advantage?,Mechanical advantage is the ratio of output force to input force in a machine.,Intermediate,Class 9,NCERT,Mechanical advantage
Physics,What is friction?,Friction is the force that opposes the relative motion between two surfaces in contact.,Basic,Class 9,NCERT,Friction
Physics,What are types of friction?,Types of friction are static friction kinetic friction rolling friction and fluid friction.,Intermediate,Class 9,NCERT,Friction types
Physics,What is inertia?,Inertia is the tendency of an object to resist changes in its state of rest or motion.,Basic,Class 9,NCERT,Inertia
Physics,What is momentum?,Momentum is the product of mass and velocity of an object. p = mv.,Intermediate,Class 9,NCERT,Momentum
Physics,What is impulse?,Impulse is the change in momentum of an object equal to force multiplied by time.,Intermediate,Class 11,NCERT,Impulse
Physics,What is the law of conservation of momentum?,The total momentum of a system remains constant if no external force acts on it.,Intermediate,Class 9,NCERT,Momentum conservation
Physics,What is projectile motion?,Projectile motion is the motion of an object thrown horizontally moving under gravity in a curved path.,Intermediate,Class 11,NCERT,Projectile motion
Physics,What is circular motion?,Circular motion is the movement of an object along the circumference of a circle.,Intermediate,Class 11,NCERT,Circular motion
Physics,What is centripetal force?,Centripetal force is the force directed towards the centre of a circle keeping an object in circular motion.,Intermediate,Class 11,NCERT,Centripetal force
Physics,What is centrifugal force?,Centrifugal force is the apparent outward force felt by an object undergoing circular motion.,Intermediate,Class 11,NCERT,Centrifugal force
Physics,What is a wave front?,A wave front is an imaginary surface joining all points of a wave that have the same phase.,Advanced,Class 12,NCERT,Wave front
Physics,What is Snell's law?,Snell's law states that n1 sin(i) = n2 sin(r) where i and r are angles of incidence and refraction.,Intermediate,Class 10,NCERT,Snell's law
Physics,What is the mirror formula?,1/f = 1/v + 1/u where f is focal length v is image distance and u is object distance.,Intermediate,Class 10,NCERT,Mirror formula
Physics,What is the lens formula?,1/f = 1/v - 1/u where f is focal length v is image distance and u is object distance.,Intermediate,Class 10,NCERT,Lens formula
Physics,What is magnification?,Magnification is the ratio of image size to object size.,Basic,Class 10,NCERT,Magnification
Chemistry,What is the formula for calcium carbonate?,The formula for calcium carbonate is CaCO3.,Basic,Class 10,NCERT,CaCO3
Chemistry,What is the formula for sodium hydroxide?,The formula for sodium hydroxide (caustic soda) is NaOH.,Basic,Class 10,NCERT,NaOH
Chemistry,What is the formula for potassium permanganate?,The formula for potassium permanganate is KMnO4.,Intermediate,Class 10,NCERT,KMnO4
Chemistry,What is the formula for copper sulphate?,The formula for copper sulphate is CuSO4.,Basic,Class 10,NCERT,CuSO4
Chemistry,What is a double displacement reaction?,A reaction where ions of two compounds exchange places forming two new compounds.,Intermediate,Class 10,NCERT,Double displacement
Chemistry,What is a precipitation reaction?,A reaction where two solutions combine to form an insoluble solid called a precipitate.,Intermediate,Class 10,NCERT,Precipitation
Chemistry,What is the law of definite proportions?,A compound always contains exactly the same proportion of elements by mass.,Basic,Class 9,NCERT,Definite proportions
Chemistry,What is an isomer?,Isomers are compounds with the same molecular formula but different structural arrangements.,Advanced,Class 11,NCERT,Isomers
Chemistry,What is a functional group?,A functional group is a specific group of atoms in a molecule responsible for its characteristic reactions.,Intermediate,Class 12,NCERT,Functional group
Chemistry,What is saponification?,Saponification is the process of making soap by reacting fats or oils with a strong base.,Intermediate,Class 10,NCERT,Saponification
Biology,What is an enzyme?,An enzyme is a biological catalyst (protein) that speeds up chemical reactions in living organisms.,Intermediate,Class 11,NCERT,Enzyme
Biology,What is ATP?,ATP (Adenosine Triphosphate) is the energy currency of the cell providing energy for cellular processes.,Intermediate,Class 11,NCERT,ATP
Biology,What is the cell cycle?,The cell cycle is the series of events that take place in a cell leading to its division and duplication.,Advanced,Class 11,NCERT,Cell cycle
Biology,What is apoptosis?,Apoptosis is programmed cell death a normal process that eliminates damaged or unnecessary cells.,Advanced,Class 12,General,Apoptosis
Biology,What is a zygote?,A zygote is the cell formed by the fusion of a sperm and an egg during fertilization.,Basic,Class 10,NCERT,Zygote
Biology,What is germination?,Germination is the process by which a seed sprouts and begins to grow into a plant.,Basic,Class 7,NCERT,Germination
Biology,What is pollination?,Pollination is the transfer of pollen from the male part to the female part of a flower.,Basic,Class 10,NCERT,Pollination
Biology,What is fertilization in plants?,Fertilization in plants is the fusion of the male gamete (pollen) with the female gamete (ovule).,Basic,Class 10,NCERT,Plant fertilization
Biology,What is the function of roots?,Roots anchor the plant absorb water and minerals from soil and store food.,Basic,Class 7,NCERT,Roots function
Biology,What is the function of leaves?,Leaves carry out photosynthesis transpiration and gas exchange.,Basic,Class 7,NCERT,Leaves function
Biology,What is the xylem?,Xylem is the vascular tissue that transports water and dissolved minerals from roots to leaves.,Intermediate,Class 10,NCERT,Xylem
Biology,What is the phloem?,Phloem is the vascular tissue that transports food (sugars) from leaves to other parts of the plant.,Intermediate,Class 10,NCERT,Phloem
Biology,What are the five kingdoms of life?,The five kingdoms are Monera Protista Fungi Plantae and Animalia.,Basic,Class 9,NCERT,Five kingdoms
Biology,What is taxonomy?,Taxonomy is the science of classifying and naming organisms.,Basic,Class 11,NCERT,Taxonomy
Biology,Who is the father of taxonomy?,Carl Linnaeus is the father of modern taxonomy.,Basic,Class 11,General,Linnaeus
Biology,What is binomial nomenclature?,Binomial nomenclature is the system of giving each organism a two-part scientific name (genus and species).,Intermediate,Class 11,NCERT,Binomial nomenclature
Biology,What is the scientific name of humans?,The scientific name of humans is Homo sapiens.,Basic,Class 11,General,Human scientific name
Biology,What is the scientific name of the house cat?,The scientific name of the house cat is Felis catus.,Basic,General,General,Cat scientific name
Biology,What is symbiosis?,Symbiosis is a close and long-term interaction between two different species.,Intermediate,Class 12,NCERT,Symbiosis
Biology,What is mutualism?,Mutualism is a symbiotic relationship where both species benefit.,Intermediate,Class 12,NCERT,Mutualism
Biology,What is parasitism?,Parasitism is a relationship where one organism benefits at the expense of the other.,Basic,Class 12,NCERT,Parasitism
Biology,What is commensalism?,Commensalism is a relationship where one organism benefits and the other is unaffected.,Intermediate,Class 12,NCERT,Commensalism
Physics,What is Newton's first law of motion?,An object at rest stays at rest and an object in motion stays in motion unless acted upon by an external force.,Basic,Class 9,NCERT,Law of Inertia(variant A)
Physics,What is Newton's second law of motion?,Force equals mass times acceleration (F = ma).,Basic,Class 9,NCERT,F=ma(variant A)
Physics,What is Newton's third law of motion?,For every action there is an equal and opposite reaction.,Basic,Class 9,NCERT,Action-Reaction(variant A)
Physics,What is the speed of light?,The speed of light in vacuum is approximately 3 x 10^8 meters per second.,Basic,Class 10,NCERT,Speed of light(variant A)
Physics,What is the unit of force?,The unit of force is Newton (N).,Basic,Class 9,NCERT,Force unit(variant A)
Physics,What is the unit of pressure?,The unit of pressure is Pascal (Pa).,Basic,Class 9,NCERT,Pressure unit(variant A)
Physics,What is Ohm's law?,Voltage equals current times resistance (V = IR).,Basic,Class 10,NCERT,V=IR(variant A)
Physics,What is the unit of electric current?,The unit of electric current is Ampere (A).,Basic,Class 10,NCERT,Current unit(variant A)
Physics,What is the unit of resistance?,The unit of resistance is Ohm.,Basic,Class 10,NCERT,Resistance unit(variant A)
Physics,What is the unit of power?,The unit of power is Watt (W).,Basic,Class 10,NCERT,Power unit(variant A)
Physics,What is the unit of energy?,The unit of energy is Joule (J).,Basic,Class 9,NCERT,Energy unit(variant A)
Physics,What is kinetic energy?,Kinetic energy is the energy possessed by an object due to its motion. KE = 1/2 mv^2.,Intermediate,Class 9,NCERT,KE formula(variant A)
Physics,What is potential energy?,Potential energy is the energy stored in an object due to its position or state. PE = mgh.,Intermediate,Class 9,NCERT,PE formula(variant A)
Physics,What is the law of conservation of energy?,Energy can neither be created nor destroyed; it can only be converted from one form to another.,Basic,Class 9,NCERT,Energy conservation(variant A)
Physics,What is gravity?,Gravity is the force of attraction between two objects having mass. On Earth it is 9.8 m/s^2.,Basic,Class 9,NCERT,Gravity(variant A)
Physics,Who discovered gravity?,Sir Isaac Newton discovered gravity when he observed an apple falling from a tree.,Basic,Class 9,NCERT,Newton gravity(variant A)
Physics,What is the unit of frequency?,The unit of frequency is Hertz (Hz).,Basic,Class 10,NCERT,Frequency unit(variant A)
Physics,What is sound?,Sound is a form of energy that travels as a longitudinal wave through a medium.,Basic,Class 9,NCERT,Sound wave(variant A)
Physics,What is the speed of sound in air?,The speed of sound in air at room temperature is approximately 343 meters per second.,Intermediate,Class 9,NCERT,Sound speed(variant A)
Physics,What is reflection of light?,Reflection is the bouncing back of light when it hits a surface.,Basic,Class 10,NCERT,Light reflection(variant A)
Physics,What is refraction of light?,Refraction is the bending of light when it passes from one medium to another.,Basic,Class 10,NCERT,Light refraction(variant A)
Physics,What is a convex lens?,A convex lens is thicker in the middle and converges light rays to a focal point.,Basic,Class 10,NCERT,Convex lens(variant A)
Physics,What is a concave lens?,A concave lens is thinner in the middle and diverges light rays.,Basic,Class 10,NCERT,Concave lens(variant A)
Physics,What is total internal reflection?,When light hits a boundary at an angle greater than the critical angle it is completely reflected back.,Intermediate,Class 10,NCERT,TIR(variant A)
Physics,What is the electromagnetic spectrum?,It is the range of all types of electromagnetic radiation from gamma rays to radio waves.,Intermediate,Class 10,NCERT,EM spectrum(variant A)
Physics,What are the colours of the rainbow?,"Violet, Indigo, Blue, Green, Yellow, Orange, Red (VIBGYOR).",Basic,Class 10,NCERT,VIBGYOR(variant A)
Physics,What is the principle of a transformer?,A transformer works on the principle of electromagnetic induction.,Intermediate,Class 10,NCERT,Transformer(variant A)
Physics,What is the difference between AC and DC?,AC (alternating current) changes direction periodically while DC (direct current) flows in one direction.,Basic,Class 10,NCERT,AC DC(variant A)
Physics,What is nuclear fission?,Nuclear fission is the splitting of a heavy nucleus into smaller nuclei releasing large amounts of energy.,Advanced,Class 12,NCERT,Fission(variant A)
Physics,What is nuclear fusion?,Nuclear fusion is the combining of two light nuclei to form a heavier nucleus releasing energy.,Advanced,Class 12,NCERT,Fusion(variant A)
Physics,What is radioactivity?,Radioactivity is the spontaneous emission of radiation from the nucleus of an unstable atom.,Intermediate,Class 12,NCERT,Radioactivity(variant A)
Physics,What is half-life?,Half-life is the time required for half of the radioactive atoms in a sample to decay.,Intermediate,Class 12,NCERT,Half-life(variant A)
Physics,What is Archimedes principle?,A body immersed in a fluid experiences an upward buoyant force equal to the weight of fluid displaced.,Basic,Class 9,NCERT,Archimedes(variant A)
Physics,What is Pascal's law?,Pressure applied to a confined fluid is transmitted equally in all directions.,Intermediate,Class 10,NCERT,Pascal law(variant A)
Physics,What is Bernoulli's principle?,As the speed of a fluid increases its pressure decreases.,Advanced,Class 11,NCERT,Bernoulli(variant A)
Physics,What is the Doppler effect?,The change in frequency of a wave as the source and observer move relative to each other.,Intermediate,Class 11,NCERT,Doppler(variant A)
Physics,What is specific heat capacity?,The amount of heat required to raise the temperature of 1 kg of a substance by 1 degree Celsius.,Intermediate,Class 11,NCERT,Specific heat(variant A)
Physics,What is latent heat?,The heat absorbed or released by a substance during a phase change without change in temperature.,Intermediate,Class 11,NCERT,Latent heat(variant A)
Physics,What is simple harmonic motion?,A type of periodic motion where the restoring force is proportional to displacement.,Advanced,Class 11,NCERT,SHM(variant A)
Physics,What is resonance?,Resonance occurs when a system vibrates at its natural frequency due to an external periodic force.,Advanced,Class 11,NCERT,Resonance(variant A)
Physics,What is Boyle's law?,At constant temperature the pressure of a gas is inversely proportional to its volume.,Intermediate,Class 11,NCERT,Boyle's law(variant A)
Physics,What is Charles's law?,At constant pressure the volume of a gas is directly proportional to its absolute temperature.,Intermediate,Class 11,NCERT,Charles law(variant A)
Physics,What is the photoelectric effect?,The emission of electrons from a metal surface when light of sufficient frequency falls on it.,Advanced,Class 12,NCERT,Photoelectric(variant A)
Physics,Who proposed the photoelectric effect theory?,Albert Einstein explained the photoelectric effect using the concept of photons in 1905.,Advanced,Class 12,NCERT,Einstein photon(variant A)
Physics,What is a photon?,A photon is a particle of light carrying energy E = hf where h is Planck's constant and f is frequency.,Advanced,Class 12,NCERT,Photon(variant A)
Physics,What is Planck's constant?,Planck's constant h = 6.626 x 10^-34 Joule-seconds.,Advanced,Class 12,NCERT,Planck constant(variant A)
Physics,What is the work function?,The minimum energy required to remove an electron from the surface of a metal.,Advanced,Class 12,NCERT,Work function(variant A)
Physics,What is de Broglie wavelength?,Every moving particle has an associated wavelength given by lambda = h/mv.,Advanced,Class 12,NCERT,de Broglie(variant A)
Physics,What is Heisenberg uncertainty principle?,It is impossible to simultaneously know both the exact position and momentum of a particle.,Advanced,Class 12,NCERT,Uncertainty principle(variant A)
Physics,What is superconductivity?,The phenomenon where certain materials conduct electricity with zero resistance at very low temperatures.,Advanced,Class 12,General,Superconductivity(variant A)
Physics,What is the unit of magnetic field strength?,The unit of magnetic field strength is Tesla (T).,Intermediate,Class 12,NCERT,Magnetic field unit(variant A)
Physics,What is Fleming's left hand rule?,It gives the direction of force on a current-carrying conductor in a magnetic field.,Intermediate,Class 10,NCERT,Fleming left hand(variant A)
Physics,What is Fleming's right hand rule?,It gives the direction of induced current in a conductor moving in a magnetic field.,Intermediate,Class 10,NCERT,Fleming right hand(variant A)
Physics,What is Lenz's law?,The induced current always flows in a direction that opposes the change causing it.,Intermediate,Class 12,NCERT,Lenz law(variant A)
Physics,What is the SI unit of charge?,The SI unit of electric charge is Coulomb (C).,Basic,Class 10,NCERT,Charge unit(variant A)
Physics,What is Coulomb's law?,The force between two charges is proportional to the product of charges and inversely proportional to the square of distance.,Intermediate,Class 12,NCERT,Coulomb law(variant A)
Physics,What is an electric field?,Electric field is the region around a charged particle where another charge experiences a force.,Intermediate,Class 12,NCERT,Electric field(variant A)
Physics,What is capacitance?,Capacitance is the ability of a system to store electric charge. Unit is Farad.,Intermediate,Class 12,NCERT,Capacitance(variant A)
Physics,What is a semiconductor?,A semiconductor is a material whose conductivity lies between a conductor and an insulator.,Intermediate,Class 12,NCERT,Semiconductor(variant A)
Physics,What is a p-n junction?,A p-n junction is formed when p-type and n-type semiconductors are joined together.,Advanced,Class 12,NCERT,PN junction(variant A)
Physics,What is thermodynamics?,Thermodynamics is the branch of physics dealing with heat energy and its conversion to other forms.,Intermediate,Class 11,NCERT,Thermodynamics(variant A)
Physics,What is the first law of thermodynamics?,Energy cannot be created or destroyed; the total energy of an isolated system is constant.,Intermediate,Class 11,NCERT,First law thermo(variant A)
Physics,What is the second law of thermodynamics?,Heat flows naturally from a hot body to a cold body and not the other way around.,Intermediate,Class 11,NCERT,Second law thermo(variant A)
Physics,What is entropy?,Entropy is a measure of the disorder or randomness of a system.,Advanced,Class 11,NCERT,Entropy(variant A)
Physics,What is absolute zero?,Absolute zero is the lowest possible temperature: 0 Kelvin or -273.15 degrees Celsius.,Intermediate,Class 11,NCERT,Absolute zero(variant A)
Physics,What is the refractive index?,Refractive index is the ratio of the speed of light in vacuum to the speed of light in a medium.,Intermediate,Class 10,NCERT,Refractive index(variant A)
Physics,What is dispersion of light?,Dispersion is the splitting of white light into its component colours when it passes through a prism.,Basic,Class 10,NCERT,Light dispersion(variant A)
Physics,What is polarization of light?,Polarization is the restriction of vibration of light waves to a single plane.,Advanced,Class 12,NCERT,Polarization(variant A)
Physics,What is diffraction?,Diffraction is the bending of waves around obstacles or through openings.,Advanced,Class 12,NCERT,Diffraction(variant A)
Physics,What is interference?,Interference is the phenomenon where two waves superpose to form a resultant wave.,Advanced,Class 12,NCERT,Interference(variant A)
Physics,What is Young's double slit experiment?,An experiment demonstrating the wave nature of light through interference patterns.,Advanced,Class 12,NCERT,Young double slit(variant A)
Physics,What is the escape velocity of Earth?,The escape velocity of Earth is approximately 11.2 km/s.,Intermediate,Class 11,NCERT,Escape velocity(variant A)
Physics,What is orbital velocity?,Orbital velocity is the minimum velocity needed to keep a satellite in orbit around Earth.,Intermediate,Class 11,NCERT,Orbital velocity(variant A)
Physics,What is Kepler's first law?,Planets move in elliptical orbits with the Sun at one focus.,Intermediate,Class 11,NCERT,Kepler first(variant A)
Physics,What is Kepler's second law?,A planet sweeps equal areas in equal time intervals as it orbits the Sun.,Intermediate,Class 11,NCERT,Kepler second(variant A)
Physics,What is Kepler's third law?,The square of a planet's orbital period is proportional to the cube of its orbital radius.,Advanced,Class 11,NCERT,Kepler third(variant A)
Physics,What is moment of inertia?,Moment of inertia is the rotational equivalent of mass; it resists angular acceleration.,Advanced,Class 11,NCERT,Moment of inertia(variant A)
Physics,What is angular momentum?,Angular momentum is the product of moment of inertia and angular velocity.,Advanced,Class 11,NCERT,Angular momentum(variant A)
Physics,What is a wave?,A wave is a disturbance that transfers energy through a medium without transferring matter.,Basic,Class 9,NCERT,Wave(variant A)
Physics,What is wavelength?,Wavelength is the distance between two consecutive crests or troughs of a wave.,Basic,Class 9,NCERT,Wavelength(variant A)
Physics,What is amplitude?,Amplitude is the maximum displacement of a wave from its equilibrium position.,Basic,Class 9,NCERT,Amplitude(variant A)
Physics,What is the relationship between speed frequency and wavelength?,Speed equals frequency multiplied by wavelength (v = f x lambda).,Basic,Class 9,NCERT,Wave equation(variant A)
Physics,What is ultrasound?,Ultrasound refers to sound waves with frequency above 20000 Hz inaudible to humans.,Intermediate,Class 9,NCERT,Ultrasound(variant A)
Physics,What is infrasound?,Infrasound refers to sound waves with frequency below 20 Hz inaudible to humans.,Intermediate,Class 9,NCERT,Infrasound(variant A)
Physics,What is the audible range of human hearing?,Humans can hear sounds in the frequency range of 20 Hz to 20000 Hz.,Basic,Class 9,NCERT,Audible range(variant A)
Physics,What is a magnetic field?,A magnetic field is the region around a magnet where magnetic forces are experienced.,Basic,Class 10,NCERT,Magnetic field(variant A)
Physics,What is electromagnetic induction?,The production of an electric current in a conductor due to a changing magnetic field.,Intermediate,Class 10,NCERT,EM induction(variant A)
Physics,Who discovered electromagnetic induction?,Michael Faraday discovered electromagnetic induction in 1831.,Intermediate,Class 10,NCERT,Faraday(variant A)
Physics,What is a generator?,A generator converts mechanical energy into electrical energy using electromagnetic induction.,Basic,Class 10,NCERT,Generator(variant A)
Physics,What is a motor?,An electric motor converts electrical energy into mechanical energy.,Basic,Class 10,NCERT,Motor(variant A)
Physics,What is the greenhouse effect?,The trapping of heat in Earth's atmosphere by greenhouse gases like CO2 and methane.,Basic,Class 10,NCERT,Greenhouse effect(variant A)
Physics,What is global warming?,The gradual increase in Earth's average temperature due to increased greenhouse gas emissions.,Basic,Class 10,NCERT,Global warming(variant A)
Physics,What is ozone?,Ozone is a molecule made of three oxygen atoms (O3) that forms a protective layer in the stratosphere.,Basic,Class 10,NCERT,Ozone(variant A)
Physics,What causes depletion of the ozone layer?,Chlorofluorocarbons (CFCs) released from refrigerants and sprays destroy ozone molecules.,Intermediate,Class 10,NCERT,Ozone depletion(variant A)
Physics,What is renewable energy?,Energy from naturally replenishing sources like solar wind water and geothermal heat.,Basic,Class 10,NCERT,Renewable energy(variant A)
Physics,What is solar energy?,Energy obtained from the Sun's radiation; converted using solar panels (photovoltaic cells).,Basic,Class 10,NCERT,Solar energy(variant A)
Chemistry,What is the atomic number of hydrogen?,The atomic number of hydrogen is 1.,Basic,Class 9,NCERT,Hydrogen(variant A)
Chemistry,What is the atomic number of carbon?,The atomic number of carbon is 6.,Basic,Class 9,NCERT,Carbon(variant A)
Chemistry,What is the atomic number of oxygen?,The atomic number of oxygen is 8.,Basic,Class 9,NCERT,Oxygen(variant A)
Chemistry,What is the atomic number of nitrogen?,The atomic number of nitrogen is 7.,Basic,Class 9,NCERT,Nitrogen(variant A)
Chemistry,What is the atomic number of iron?,The atomic number of iron is 26.,Basic,Class 10,NCERT,Iron(variant A)
Chemistry,What is the atomic number of gold?,The atomic number of gold is 79.,Intermediate,Class 10,NCERT,Gold(variant A)
Chemistry,What is the atomic number of sodium?,The atomic number of sodium is 11.,Basic,Class 10,NCERT,Sodium(variant A)
Chemistry,What is the chemical formula of water?,The chemical formula of water is H2O.,Basic,Class 7,NCERT,Water formula(variant A)
Chemistry,What is the chemical formula of carbon dioxide?,The chemical formula of carbon dioxide is CO2.,Basic,Class 8,NCERT,CO2(variant A)
Chemistry,What is the chemical formula of table salt?,The chemical formula of table salt (sodium chloride) is NaCl.,Basic,Class 9,NCERT,NaCl(variant A)
Chemistry,What is the chemical formula of ammonia?,The chemical formula of ammonia is NH3.,Basic,Class 10,NCERT,Ammonia(variant A)
Chemistry,What is the chemical formula of sulphuric acid?,The chemical formula of sulphuric acid is H2SO4.,Basic,Class 10,NCERT,Sulphuric acid(variant A)
Chemistry,What is the chemical formula of hydrochloric acid?,The chemical formula of hydrochloric acid is HCl.,Basic,Class 10,NCERT,HCl(variant A)
Chemistry,What is the chemical formula of nitric acid?,The chemical formula of nitric acid is HNO3.,Basic,Class 10,NCERT,HNO3(variant A)
Chemistry,What is pH?,pH is a measure of the hydrogen ion concentration in a solution. pH 7 is neutral below 7 is acidic above 7 is basic.,Basic,Class 10,NCERT,pH scale(variant A)
Chemistry,What is an acid?,An acid is a substance that donates hydrogen ions (H+) in solution and has pH less than 7.,Basic,Class 10,NCERT,Acid(variant A)
Chemistry,What is a base?,A base is a substance that accepts hydrogen ions or donates hydroxide ions (OH-) with pH greater than 7.,Basic,Class 10,NCERT,Base(variant A)
Chemistry,What is a neutral solution?,A neutral solution has a pH of exactly 7 like pure water.,Basic,Class 10,NCERT,Neutral(variant A)
Chemistry,What is an indicator?,An indicator is a substance that changes colour to show whether a solution is acidic basic or neutral.,Basic,Class 10,NCERT,Indicator(variant A)
Chemistry,What is litmus?,Litmus is a natural indicator that turns red in acid and blue in base.,Basic,Class 10,NCERT,Litmus(variant A)
Chemistry,What is the periodic table?,The periodic table is an arrangement of elements in order of increasing atomic number showing recurring properties.,Basic,Class 10,NCERT,Periodic table(variant A)
Chemistry,Who created the modern periodic table?,Dmitri Mendeleev created the periodic table in 1869 arranging elements by atomic mass.,Basic,Class 10,NCERT,Mendeleev(variant A)
Chemistry,What are periods in the periodic table?,Periods are horizontal rows in the periodic table. There are 7 periods.,Basic,Class 10,NCERT,Periods(variant A)
Chemistry,What are groups in the periodic table?,Groups are vertical columns in the periodic table. There are 18 groups.,Basic,Class 10,NCERT,Groups(variant A)
Chemistry,What are alkali metals?,Alkali metals are Group 1 elements (Li Na K Rb Cs Fr) that are highly reactive soft metals.,Intermediate,Class 10,NCERT,Alkali metals(variant A)
Chemistry,What are halogens?,Halogens are Group 17 elements (F Cl Br I At) that are highly reactive nonmetals.,Intermediate,Class 10,NCERT,Halogens(variant A)
Chemistry,What are noble gases?,Noble gases are Group 18 elements (He Ne Ar Kr Xe Rn) that are chemically inert.,Basic,Class 10,NCERT,Noble gases(variant A)
Chemistry,What is valency?,Valency is the combining capacity of an element determined by the number of electrons it gains loses or shares.,Basic,Class 9,NCERT,Valency(variant A)
Chemistry,What is an ionic bond?,An ionic bond is formed by the transfer of electrons from one atom to another creating oppositely charged ions.,Intermediate,Class 10,NCERT,Ionic bond(variant A)
Chemistry,What is a covalent bond?,A covalent bond is formed by the sharing of electrons between two atoms.,Intermediate,Class 10,NCERT,Covalent bond(variant A)
Chemistry,What is oxidation?,Oxidation is the loss of electrons or the gain of oxygen by a substance.,Intermediate,Class 10,NCERT,Oxidation(variant A)
Chemistry,What is reduction?,Reduction is the gain of electrons or the loss of oxygen by a substance.,Intermediate,Class 10,NCERT,Reduction(variant A)
Chemistry,What is a redox reaction?,A redox reaction involves both oxidation and reduction occurring simultaneously.,Intermediate,Class 10,NCERT,Redox(variant A)
Chemistry,What is corrosion?,Corrosion is the gradual destruction of metals by chemical reaction with their environment like rusting of iron.,Basic,Class 10,NCERT,Corrosion(variant A)
Chemistry,What is the chemical formula for rust?,Rust is hydrated iron oxide with formula Fe2O3.xH2O.,Intermediate,Class 10,NCERT,Rust formula(variant A)
Chemistry,What is rancidity?,Rancidity is the deterioration of fats and oils due to oxidation causing bad smell and taste.,Basic,Class 10,NCERT,Rancidity(variant A)
Chemistry,What is a catalyst?,A catalyst is a substance that increases the rate of a chemical reaction without being consumed.,Intermediate,Class 10,NCERT,Catalyst(variant A)
Chemistry,What is an exothermic reaction?,An exothermic reaction releases heat energy to the surroundings.,Basic,Class 10,NCERT,Exothermic(variant A)
Chemistry,What is an endothermic reaction?,An endothermic reaction absorbs heat energy from the surroundings.,Basic,Class 10,NCERT,Endothermic(variant A)
Chemistry,What is the law of conservation of mass?,In a chemical reaction the total mass of reactants equals the total mass of products.,Basic,Class 9,NCERT,Conservation of mass(variant A)
Chemistry,What is Avogadro's number?,Avogadro's number is 6.022 x 10^23 the number of atoms or molecules in one mole of a substance.,Intermediate,Class 11,NCERT,Avogadro(variant A)
Chemistry,What is a mole?,A mole is the amount of substance containing 6.022 x 10^23 particles.,Intermediate,Class 11,NCERT,Mole(variant A)
Chemistry,What is molar mass?,Molar mass is the mass of one mole of a substance expressed in grams per mole.,Intermediate,Class 11,NCERT,Molar mass(variant A)
Chemistry,What is an atom?,An atom is the smallest unit of an element that retains the chemical properties of that element.,Basic,Class 9,NCERT,Atom(variant A)
Chemistry,What is a molecule?,A molecule is the smallest unit of a compound that retains the chemical properties of that compound.,Basic,Class 9,NCERT,Molecule(variant A)
Chemistry,What is an element?,An element is a pure substance made of only one type of atom that cannot be broken down further.,Basic,Class 9,NCERT,Element(variant A)
Chemistry,What is a compound?,A compound is a substance formed by the chemical combination of two or more elements in a fixed ratio.,Basic,Class 9,NCERT,Compound(variant A)
Chemistry,What is a mixture?,A mixture is a combination of two or more substances that are not chemically combined.,Basic,Class 9,NCERT,Mixture(variant A)
Chemistry,What is an alloy?,An alloy is a mixture of two or more metals or a metal and a nonmetal.,Basic,Class 10,NCERT,Alloy(variant A)
Chemistry,What is brass made of?,Brass is an alloy of copper and zinc.,Basic,Class 10,NCERT,Brass(variant A)
Chemistry,What is bronze made of?,Bronze is an alloy of copper and tin.,Basic,Class 10,NCERT,Bronze(variant A)
Chemistry,What is steel made of?,Steel is an alloy of iron and carbon.,Basic,Class 10,NCERT,Steel(variant A)
Chemistry,What is stainless steel?,Stainless steel is an alloy of iron carbon and chromium that resists corrosion.,Basic,Class 10,NCERT,Stainless steel(variant A)
Chemistry,What is electrolysis?,Electrolysis is the process of using electric current to drive a non-spontaneous chemical reaction.,Intermediate,Class 10,NCERT,Electrolysis(variant A)
Chemistry,What is an electrolyte?,An electrolyte is a substance that conducts electricity when dissolved in water or melted.,Intermediate,Class 10,NCERT,Electrolyte(variant A)
Chemistry,What is distillation?,Distillation is a method of separating mixtures based on differences in boiling points.,Basic,Class 9,NCERT,Distillation(variant A)
Chemistry,What is crystallization?,Crystallization is a method of obtaining pure solid from a solution by cooling it.,Basic,Class 9,NCERT,Crystallization(variant A)
Chemistry,What is chromatography?,Chromatography is a technique used to separate components of a mixture based on their different rates of movement.,Intermediate,Class 9,NCERT,Chromatography(variant A)
Chemistry,What is a physical change?,A physical change alters the form of a substance without changing its chemical composition.,Basic,Class 8,NCERT,Physical change(variant A)
Chemistry,What is a chemical change?,A chemical change produces new substances with different properties from the original.,Basic,Class 8,NCERT,Chemical change(variant A)
Chemistry,What is sublimation?,Sublimation is the direct conversion of a solid to a gas without passing through the liquid state.,Intermediate,Class 9,NCERT,Sublimation(variant A)
Chemistry,What is evaporation?,Evaporation is the conversion of a liquid into vapour at its surface below its boiling point.,Basic,Class 8,NCERT,Evaporation(variant A)
Chemistry,What is condensation?,Condensation is the conversion of vapour or gas into liquid.,Basic,Class 8,NCERT,Condensation(variant A)
Chemistry,What is a solution?,A solution is a homogeneous mixture of two or more substances.,Basic,Class 9,NCERT,Solution(variant A)
Chemistry,What is solute?,A solute is the substance that is dissolved in a solution.,Basic,Class 9,NCERT,Solute(variant A)
Chemistry,What is solvent?,A solvent is the substance in which the solute is dissolved.,Basic,Class 9,NCERT,Solvent(variant A)
Chemistry,What is solubility?,Solubility is the maximum amount of solute that can dissolve in a given amount of solvent at a given temperature.,Intermediate,Class 9,NCERT,Solubility(variant A)
Chemistry,What is a saturated solution?,A saturated solution contains the maximum amount of dissolved solute at a given temperature.,Intermediate,Class 9,NCERT,Saturated solution(variant A)
Chemistry,What is colloid?,A colloid is a mixture in which fine particles are dispersed in a medium but do not settle.,Intermediate,Class 9,NCERT,Colloid(variant A)
Chemistry,What is the Tyndall effect?,The scattering of light by colloidal particles making the beam of light visible.,Intermediate,Class 9,NCERT,Tyndall effect(variant A)
Chemistry,What is organic chemistry?,Organic chemistry is the study of carbon compounds especially hydrocarbons and their derivatives.,Intermediate,Class 10,NCERT,Organic chemistry(variant A)
Chemistry,What is a hydrocarbon?,A hydrocarbon is a compound containing only carbon and hydrogen atoms.,Intermediate,Class 10,NCERT,Hydrocarbon(variant A)
Chemistry,What is methane?,Methane (CH4) is the simplest hydrocarbon and the main component of natural gas.,Basic,Class 10,NCERT,Methane(variant A)
Chemistry,What is ethanol?,Ethanol (C2H5OH) is an alcohol used in beverages antiseptics and as fuel.,Intermediate,Class 10,NCERT,Ethanol(variant A)
Chemistry,What is the formula of glucose?,The chemical formula of glucose is C6H12O6.,Basic,Class 10,NCERT,Glucose(variant A)
Chemistry,What is soap?,Soap is a salt of a fatty acid made by the reaction of fats or oils with a strong base (saponification).,Basic,Class 10,NCERT,Soap(variant A)
Chemistry,What is detergent?,Detergent is a synthetic cleaning agent that works better than soap in hard water.,Basic,Class 10,NCERT,Detergent(variant A)
Chemistry,What is hard water?,Hard water contains dissolved calcium and magnesium salts that prevent soap from lathering.,Intermediate,Class 10,NCERT,Hard water(variant A)
Chemistry,What is heavy water?,Heavy water is water in which hydrogen is replaced by deuterium (D2O).,Advanced,Class 12,NCERT,Heavy water(variant A)
Chemistry,What is nuclear chemistry?,Nuclear chemistry deals with the study of radioactivity nuclear reactions and their applications.,Advanced,Class 12,NCERT,Nuclear chemistry(variant A)
Chemistry,What is polymer?,A polymer is a large molecule made of many repeating smaller units called monomers.,Intermediate,Class 12,NCERT,Polymer(variant A)
Chemistry,What is plastic?,Plastic is a synthetic polymer that can be moulded into shape and retains that shape.,Basic,Class 10,NCERT,Plastic(variant A)
Chemistry,What is nylon?,Nylon is a synthetic polymer used to make fibres ropes and fabrics.,Basic,Class 10,NCERT,Nylon(variant A)
Chemistry,What is bakelite?,Bakelite is a thermosetting plastic used in electrical fittings and radio cabinets.,Intermediate,Class 10,NCERT,Bakelite(variant A)
Chemistry,What is the Haber process?,The Haber process is the industrial method of making ammonia from nitrogen and hydrogen gases.,Intermediate,Class 11,NCERT,Haber process(variant A)
Chemistry,What is the contact process?,The contact process is the industrial method of making sulphuric acid.,Intermediate,Class 11,NCERT,Contact process(variant A)
Chemistry,What is the Solvay process?,The Solvay process is the industrial method of making sodium carbonate (washing soda).,Advanced,Class 11,NCERT,Solvay process(variant A)
Chemistry,What is baking soda?,Baking soda is sodium bicarbonate (NaHCO3) used in cooking and as an antacid.,Basic,Class 10,NCERT,Baking soda(variant A)
Chemistry,What is washing soda?,Washing soda is sodium carbonate (Na2CO3) used as a cleaning agent.,Basic,Class 10,NCERT,Washing soda(variant A)
Chemistry,What is bleaching powder?,Bleaching powder is calcium hypochlorite Ca(OCl)Cl used for disinfection and bleaching.,Intermediate,Class 10,NCERT,Bleaching powder(variant A)
Chemistry,What is plaster of Paris?,Plaster of Paris is calcium sulphate hemihydrate (CaSO4.1/2H2O) used in making casts.,Intermediate,Class 10,NCERT,Plaster of Paris(variant A)
Chemistry,What is the formula of plaster of Paris?,The formula of Plaster of Paris is CaSO4.1/2 H2O.,Intermediate,Class 10,NCERT,PoP formula(variant A)
Chemistry,What is marble?,Marble is calcium carbonate (CaCO3) a metamorphic rock used in construction and sculpture.,Basic,Class 10,NCERT,Marble(variant A)
Chemistry,What is limestone?,Limestone is calcium carbonate (CaCO3) used in making cement and glass.,Basic,Class 10,NCERT,Limestone(variant A)
Chemistry,What is cement made of?,Cement is made by heating limestone and clay then grinding with gypsum.,Intermediate,Class 10,General,Cement(variant A)
Chemistry,What is glass made of?,Glass is made by melting silica (sand) with sodium carbonate and calcium carbonate.,Basic,Class 10,General,Glass(variant A)
Chemistry,What is dry ice?,Dry ice is solid carbon dioxide (CO2) used as a refrigerant.,Intermediate,Class 11,General,Dry ice(variant A)
Chemistry,What is laughing gas?,Laughing gas is nitrous oxide (N2O) used as an anaesthetic.,Intermediate,Class 11,General,Laughing gas(variant A)
Chemistry,What is the formula of laughing gas?,The formula of laughing gas (nitrous oxide) is N2O.,Intermediate,Class 11,NCERT,N2O(variant A)
Chemistry,What is tear gas?,Tear gas is chloroacetophenone (CN) or CS gas used for riot control.,Advanced,Class 12,General,Tear gas(variant A)
Chemistry,What is LPG?,LPG (Liquefied Petroleum Gas) is mainly a mixture of propane and butane used as fuel.,Basic,Class 10,General,LPG(variant A)
Chemistry,What is CNG?,CNG (Compressed Natural Gas) is mainly methane used as a cleaner fuel for vehicles.,Basic,Class 10,General,CNG(variant A)
Chemistry,What is the main component of biogas?,The main component of biogas is methane (CH4) produced by decomposition of organic waste.,Basic,Class 10,NCERT,Biogas(variant A)
Chemistry,What is photosynthesis equation?,6CO2 + 6H2O + light energy → C6H12O6 + 6O2,Intermediate,Class 10,NCERT,Photosynthesis equation(variant A)
Biology,What is the basic unit of life?,The cell is the basic structural and functional unit of life.,Basic,Class 8,NCERT,Cell(variant A)
Biology,Who discovered the cell?,Robert Hooke discovered the cell in 1665 while observing cork under a microscope.,Basic,Class 8,NCERT,Robert Hooke(variant A)
Biology,What is the cell theory?,Cell theory states that all living things are made of cells cells are the basic unit of life and cells come from existing cells.,Basic,Class 8,NCERT,Cell theory(variant A)
Biology,What is a prokaryotic cell?,A prokaryotic cell lacks a membrane-bound nucleus and organelles e.g. bacteria.,Intermediate,Class 9,NCERT,Prokaryote(variant A)
Biology,What is a eukaryotic cell?,A eukaryotic cell has a membrane-bound nucleus and organelles e.g. plant and animal cells.,Intermediate,Class 9,NCERT,Eukaryote(variant A)
Biology,What is the nucleus of a cell?,The nucleus is the control centre of the cell containing DNA and controlling cell activities.,Basic,Class 8,NCERT,Nucleus(variant A)
Biology,What is the mitochondria?,Mitochondria are organelles that produce energy through cellular respiration; called the powerhouse of the cell.,Basic,Class 9,NCERT,Mitochondria(variant A)
Biology,What is the chloroplast?,Chloroplast is the organelle in plant cells where photosynthesis takes place; contains chlorophyll.,Basic,Class 9,NCERT,Chloroplast(variant A)
Biology,What is the cell membrane?,The cell membrane is a selectively permeable layer that controls what enters and exits the cell.,Basic,Class 8,NCERT,Cell membrane(variant A)
Biology,What is the cell wall?,The cell wall is a rigid outer layer found in plant fungal and bacterial cells providing support.,Basic,Class 8,NCERT,Cell wall(variant A)
Biology,What is the difference between plant and animal cell?,Plant cells have cell wall chloroplasts and large vacuole; animal cells have centrioles and small vacuoles.,Basic,Class 8,NCERT,Plant vs animal cell(variant A)
Biology,What is DNA?,DNA (Deoxyribonucleic acid) is the molecule that carries genetic information in living organisms.,Basic,Class 10,NCERT,DNA(variant A)
Biology,What is RNA?,RNA (Ribonucleic acid) is involved in protein synthesis and gene expression.,Intermediate,Class 12,NCERT,RNA(variant A)
Biology,What is a gene?,A gene is a segment of DNA that codes for a specific protein or trait.,Intermediate,Class 12,NCERT,Gene(variant A)
Biology,What is a chromosome?,A chromosome is a thread-like structure of DNA and protein that carries genetic information.,Intermediate,Class 10,NCERT,Chromosome(variant A)
Biology,How many chromosomes do humans have?,Humans have 46 chromosomes (23 pairs) in each body cell.,Basic,Class 10,NCERT,Human chromosomes(variant A)
Biology,What is mitosis?,Mitosis is a type of cell division that produces two genetically identical daughter cells.,Intermediate,Class 11,NCERT,Mitosis(variant A)
Biology,What is meiosis?,Meiosis is a type of cell division that produces four genetically different haploid cells (gametes).,Intermediate,Class 11,NCERT,Meiosis(variant A)
Biology,What is photosynthesis?,Photosynthesis is the process by which plants use sunlight CO2 and water to make glucose and oxygen.,Basic,Class 7,NCERT,Photosynthesis(variant A)
Biology,What is chlorophyll?,Chlorophyll is the green pigment in plants that absorbs sunlight for photosynthesis.,Basic,Class 7,NCERT,Chlorophyll(variant A)
Biology,What is respiration?,Respiration is the process of breaking down glucose to release energy in cells.,Basic,Class 10,NCERT,Respiration(variant A)
Biology,What is aerobic respiration?,Aerobic respiration uses oxygen to break down glucose producing CO2 water and energy.,Intermediate,Class 10,NCERT,Aerobic respiration(variant A)
Biology,What is anaerobic respiration?,Anaerobic respiration breaks down glucose without oxygen producing lactic acid or alcohol.,Intermediate,Class 10,NCERT,Anaerobic respiration(variant A)
Biology,What is the equation for aerobic respiration?,C6H12O6 + 6O2 → 6CO2 + 6H2O + Energy (ATP),Intermediate,Class 10,NCERT,Respiration equation(variant A)
Biology,What is osmosis?,Osmosis is the movement of water through a semi-permeable membrane from a region of high water concentration to low.,Intermediate,Class 9,NCERT,Osmosis(variant A)
Biology,What is diffusion?,Diffusion is the movement of particles from a region of high concentration to low concentration.,Basic,Class 9,NCERT,Diffusion(variant A)
Biology,What is transpiration?,Transpiration is the loss of water vapour from plant leaves through stomata.,Basic,Class 10,NCERT,Transpiration(variant A)
Biology,What are stomata?,Stomata are tiny pores on leaves that allow gas exchange and water vapour to escape.,Basic,Class 10,NCERT,Stomata(variant A)
Biology,What is the nervous system?,The nervous system controls and coordinates body activities using electrical signals.,Basic,Class 10,NCERT,Nervous system(variant A)
Biology,What is a neuron?,A neuron is the basic functional unit of the nervous system that transmits nerve impulses.,Basic,Class 10,NCERT,Neuron(variant A)
Biology,What is the function of the brain?,The brain controls all body functions processes information and is the centre of thought and memory.,Basic,Class 10,NCERT,Brain function(variant A)
Biology,What is the spinal cord?,The spinal cord is a bundle of nerves running through the spine that relays signals between brain and body.,Basic,Class 10,NCERT,Spinal cord(variant A)
Biology,What is a reflex action?,A reflex action is an automatic and rapid response to a stimulus that does not involve the brain.,Basic,Class 10,NCERT,Reflex action(variant A)
Biology,What is the endocrine system?,The endocrine system is a network of glands that produce and release hormones into the blood.,Intermediate,Class 10,NCERT,Endocrine system(variant A)
Biology,What is insulin?,Insulin is a hormone produced by the pancreas that regulates blood glucose levels.,Basic,Class 10,NCERT,Insulin(variant A)
Biology,What is adrenaline?,Adrenaline is a hormone produced by the adrenal glands in response to stress or danger.,Intermediate,Class 10,NCERT,Adrenaline(variant A)
Biology,What is the digestive system?,The digestive system breaks down food into nutrients that can be absorbed by the body.,Basic,Class 10,NCERT,Digestive system(variant A)
Biology,What is the function of the liver?,The liver produces bile detoxifies blood stores glycogen and performs many metabolic functions.,Intermediate,Class 10,NCERT,Liver(variant A)
Biology,What is the function of the kidney?,The kidney filters blood removes waste products and regulates water and electrolyte balance.,Basic,Class 10,NCERT,Kidney(variant A)
Biology,What is blood?,Blood is a fluid connective tissue that transports oxygen nutrients hormones and waste products.,Basic,Class 10,NCERT,Blood(variant A)
Biology,What are red blood cells?,Red blood cells (RBCs) contain haemoglobin and carry oxygen from lungs to body tissues.,Basic,Class 10,NCERT,RBC(variant A)
Biology,What are white blood cells?,White blood cells (WBCs) are part of the immune system and fight infection.,Basic,Class 10,NCERT,WBC(variant A)
Biology,What are platelets?,Platelets are cell fragments that help in blood clotting to stop bleeding.,Basic,Class 10,NCERT,Platelets(variant A)
Biology,What is haemoglobin?,Haemoglobin is the iron-containing protein in red blood cells that carries oxygen.,Basic,Class 10,NCERT,Haemoglobin(variant A)
Biology,What is the heart?,The heart is a muscular organ that pumps blood throughout the body.,Basic,Class 10,NCERT,Heart(variant A)
Biology,How many chambers does the human heart have?,The human heart has four chambers: right atrium right ventricle left atrium left ventricle.,Basic,Class 10,NCERT,Heart chambers(variant A)
Biology,What is blood pressure?,Blood pressure is the force exerted by blood on the walls of blood vessels.,Basic,Class 10,NCERT,Blood pressure(variant A)
Biology,What is the normal blood pressure?,Normal blood pressure is 120/80 mmHg (systolic/diastolic).,Basic,Class 10,General,Normal BP(variant A)
Biology,What is vaccination?,Vaccination introduces a weakened or dead pathogen to stimulate the immune system to produce antibodies.,Basic,Class 10,NCERT,Vaccination(variant A)
Biology,What is an antibiotic?,An antibiotic is a medicine that kills or inhibits the growth of bacteria.,Basic,Class 10,NCERT,Antibiotic(variant A)
Biology,Who discovered penicillin?,Alexander Fleming discovered penicillin in 1928.,Basic,Class 10,NCERT,Penicillin(variant A)
Biology,What is a virus?,A virus is a non-cellular infectious agent that replicates only inside a living host cell.,Basic,Class 10,NCERT,Virus(variant A)
Biology,What is a bacteria?,Bacteria are single-celled prokaryotic microorganisms that can be beneficial or harmful.,Basic,Class 9,NCERT,Bacteria(variant A)
Biology,What is fungi?,Fungi are eukaryotic organisms that include mushrooms moulds and yeasts that decompose organic matter.,Basic,Class 9,NCERT,Fungi(variant A)
Biology,What is an ecosystem?,An ecosystem is a community of living organisms interacting with each other and their non-living environment.,Basic,Class 10,NCERT,Ecosystem(variant A)
Biology,What is a food chain?,A food chain shows the sequence of who eats whom in an ecosystem transferring energy.,Basic,Class 10,NCERT,Food chain(variant A)
Biology,What is a food web?,A food web is an interconnected network of food chains in an ecosystem.,Basic,Class 10,NCERT,Food web(variant A)
Biology,What are producers in an ecosystem?,Producers are organisms (mainly plants) that make their own food through photosynthesis.,Basic,Class 10,NCERT,Producers(variant A)
Biology,What are consumers?,Consumers are organisms that cannot make their own food and eat other organisms.,Basic,Class 10,NCERT,Consumers(variant A)
Biology,What are decomposers?,Decomposers break down dead organic matter and recycle nutrients back into the ecosystem.,Basic,Class 10,NCERT,Decomposers(variant A)
Biology,What is biodiversity?,Biodiversity is the variety of life on Earth including all species ecosystems and genetic variation.,Basic,Class 10,NCERT,Biodiversity(variant A)
Biology,What is evolution?,Evolution is the gradual change in inherited characteristics of populations over many generations.,Intermediate,Class 12,NCERT,Evolution(variant A)
Biology,Who proposed the theory of evolution?,Charles Darwin proposed the theory of evolution by natural selection in 1859.,Basic,Class 12,NCERT,Darwin(variant A)
Biology,What is natural selection?,Natural selection is the process where organisms better adapted to their environment survive and reproduce more.,Intermediate,Class 12,NCERT,Natural selection(variant A)
Biology,What is heredity?,Heredity is the passing of traits from parents to offspring through genes.,Basic,Class 10,NCERT,Heredity(variant A)
Biology,Who is the father of genetics?,Gregor Mendel is the father of genetics.,Basic,Class 10,NCERT,Mendel genetics(variant A)
Biology,What is dominant trait?,A dominant trait is one that is expressed even when only one copy of the gene is present.,Intermediate,Class 10,NCERT,Dominant trait(variant A)
Biology,What is recessive trait?,A recessive trait is only expressed when two copies of the gene are present.,Intermediate,Class 10,NCERT,Recessive trait(variant A)
Biology,What is cloning?,Cloning is the process of producing genetically identical copies of an organism.,Intermediate,Class 12,NCERT,Cloning(variant A)
Biology,What is Dolly the sheep?,Dolly was the first mammal cloned from an adult somatic cell in 1996.,Intermediate,Class 12,General,Dolly sheep(variant A)
Biology,What is biotechnology?,Biotechnology is the use of biological systems and living organisms to develop products and technologies.,Intermediate,Class 12,NCERT,Biotechnology(variant A)
Biology,What is genetic engineering?,Genetic engineering is the direct manipulation of an organism's genes using biotechnology.,Advanced,Class 12,NCERT,Genetic engineering(variant A)
Biology,What are stem cells?,Stem cells are undifferentiated cells that can develop into many different types of cells.,Advanced,Class 12,General,Stem cells(variant A)
Biology,What is the human genome?,The human genome is the complete set of DNA including all genes in a human cell.,Advanced,Class 12,General,Human genome(variant A)
Biology,What is the Human Genome Project?,The Human Genome Project was an international effort to map all human genes completed in 2003.,Advanced,Class 12,General,HGP(variant A)
Biology,What is cancer?,Cancer is a disease where cells divide uncontrollably and may spread to other parts of the body.,Intermediate,Class 12,General,Cancer(variant A)
Biology,What is diabetes?,Diabetes is a condition where the body cannot regulate blood sugar due to insufficient insulin.,Basic,Class 10,General,Diabetes(variant A)
Biology,What is malaria?,Malaria is a disease caused by Plasmodium parasites transmitted through Anopheles mosquito bites.,Basic,Class 10,NCERT,Malaria(variant A)
Biology,What is tuberculosis?,Tuberculosis (TB) is a bacterial infection caused by Mycobacterium tuberculosis affecting the lungs.,Basic,Class 10,General,Tuberculosis(variant A)
Biology,What is AIDS?,AIDS is a disease caused by HIV virus that weakens the immune system.,Basic,Class 10,NCERT,AIDS(variant A)
Biology,What is dengue?,Dengue is a viral disease transmitted by Aedes mosquitoes causing high fever and joint pain.,Basic,Class 10,General,Dengue(variant A)
Biology,What is COVID-19?,COVID-19 is a disease caused by SARS-CoV-2 coronavirus causing respiratory illness.,Basic,General,General,COVID-19(variant A)
Biology,What is the largest organ of the human body?,The skin is the largest organ of the human body.,Basic,Class 8,General,Largest organ(variant A)
Biology,What is the largest internal organ?,The liver is the largest internal organ of the human body.,Basic,Class 10,General,Largest internal organ(variant A)
Biology,What is the smallest bone in the human body?,The stapes in the ear is the smallest bone in the human body.,Basic,General,General,Smallest bone(variant A)
Biology,What is the longest bone in the human body?,The femur (thigh bone) is the longest bone in the human body.,Basic,General,General,Longest bone(variant A)
Biology,How many bones does the adult human body have?,The adult human body has 206 bones.,Basic,Class 8,General,Human bones(variant A)
Biology,What is the function of the lungs?,The lungs exchange gases: absorbing oxygen from air and releasing carbon dioxide from blood.,Basic,Class 10,NCERT,Lungs(variant A)
Biology,What is the function of the stomach?,The stomach digests food by mixing it with gastric juices containing hydrochloric acid and enzymes.,Basic,Class 10,NCERT,Stomach(variant A)
Biology,What is the function of the small intestine?,The small intestine absorbs nutrients from digested food into the bloodstream.,Basic,Class 10,NCERT,Small intestine(variant A)
Biology,What is the function of the large intestine?,The large intestine absorbs water and electrolytes and eliminates waste as faeces.,Basic,Class 10,NCERT,Large intestine(variant A)
Earth Science,What is the atmosphere?,The atmosphere is the layer of gases surrounding Earth held by gravity.,Basic,Class 7,NCERT,Atmosphere(variant A)
Earth Science,What are the layers of the atmosphere?,Troposphere Stratosphere Mesosphere Thermosphere and Exosphere.,Intermediate,Class 7,NCERT,Atmosphere layers(variant A)
Earth Science,What is the ozone layer?,The ozone layer in the stratosphere absorbs harmful ultraviolet radiation from the Sun.,Basic,Class 10,NCERT,Ozone layer(variant A)
Earth Science,What is the water cycle?,The water cycle is the continuous movement of water through evaporation condensation precipitation and collection.,Basic,Class 7,NCERT,Water cycle(variant A)
Earth Science,What causes rainfall?,Rainfall occurs when water vapour in clouds condenses into droplets heavy enough to fall.,Basic,Class 7,NCERT,Rainfall(variant A)
Earth Science,What is an earthquake?,An earthquake is the shaking of Earth's surface caused by movement of tectonic plates.,Basic,Class 7,NCERT,Earthquake(variant A)
Earth Science,What causes earthquakes?,Earthquakes are caused by the movement and collision of tectonic plates along fault lines.,Basic,Class 7,NCERT,Earthquake cause(variant A)
Earth Science,What is the Richter scale?,The Richter scale measures the magnitude (energy released) of earthquakes.,Basic,Class 7,General,Richter scale(variant A)
Earth Science,What is a volcano?,A volcano is an opening in Earth's crust where molten rock gases and ash erupt.,Basic,Class 7,NCERT,Volcano(variant A)
Earth Science,What is a tsunami?,A tsunami is a series of large ocean waves caused by underwater earthquakes or volcanic eruptions.,Basic,Class 7,General,Tsunami(variant A)
Earth Science,What is the structure of the Earth?,Earth has four layers: crust mantle outer core and inner core.,Basic,Class 7,NCERT,Earth structure(variant A)
Earth Science,What is the crust of the Earth?,The crust is the outermost solid layer of Earth on which we live.,Basic,Class 7,NCERT,Earth crust(variant A)
Earth Science,What is the mantle?,The mantle is the thick layer of hot semi-solid rock between the crust and the core.,Basic,Class 7,NCERT,Earth mantle(variant A)
Earth Science,What is the core of the Earth?,The core is the innermost part of Earth made of iron and nickel.,Basic,Class 7,NCERT,Earth core(variant A)
Earth Science,What are tectonic plates?,Tectonic plates are large pieces of Earth's crust that move slowly on the mantle.,Intermediate,Class 7,NCERT,Tectonic plates(variant A)
Earth Science,What is weathering?,Weathering is the breaking down of rocks minerals and soils through contact with the environment.,Basic,Class 7,NCERT,Weathering(variant A)
Earth Science,What is erosion?,Erosion is the process by which wind water or ice moves weathered material from one place to another.,Basic,Class 7,NCERT,Erosion(variant A)
Earth Science,What is soil erosion?,Soil erosion is the wearing away of topsoil by wind water or human activities.,Basic,Class 7,NCERT,Soil erosion(variant A)
Earth Science,What is a fossil?,A fossil is the preserved remains or traces of a once-living organism found in rock.,Basic,Class 10,NCERT,Fossil(variant A)
Earth Science,What is the age of Earth?,Earth is approximately 4.5 billion years old.,Basic,Class 8,General,Earth age(variant A)
Earth Science,What is the Sun?,The Sun is a star at the centre of our solar system providing light and heat.,Basic,Class 6,NCERT,Sun(variant A)
Earth Science,How far is the Earth from the Sun?,Earth is approximately 150 million km (1 AU) from the Sun.,Basic,Class 8,General,Earth Sun distance(variant A)
Earth Science,What causes seasons?,Seasons are caused by the tilt of Earth's axis as it orbits the Sun.,Basic,Class 6,NCERT,Seasons(variant A)
Earth Science,What causes day and night?,Day and night are caused by Earth's rotation on its own axis.,Basic,Class 6,NCERT,Day night(variant A)
Earth Science,What is the Moon?,The Moon is Earth's natural satellite that orbits Earth once every 27.3 days.,Basic,Class 6,NCERT,Moon(variant A)
Earth Science,What causes tides?,Tides are caused by the gravitational pull of the Moon (and Sun) on Earth's oceans.,Intermediate,Class 8,NCERT,Tides(variant A)
Earth Science,What is a solar eclipse?,A solar eclipse occurs when the Moon comes between the Sun and Earth blocking sunlight.,Basic,Class 8,NCERT,Solar eclipse(variant A)
Earth Science,What is a lunar eclipse?,A lunar eclipse occurs when Earth comes between the Sun and Moon casting a shadow on the Moon.,Basic,Class 8,NCERT,Lunar eclipse(variant A)
Earth Science,What is the Milky Way?,The Milky Way is the galaxy containing our solar system with over 200 billion stars.,Basic,Class 8,General,Milky Way(variant A)
Earth Science,What is a black hole?,A black hole is a region in space with such strong gravity that nothing including light can escape.,Intermediate,Class 8,General,Black hole(variant A)
Earth Science,What is a star?,A star is a luminous ball of plasma held together by gravity undergoing nuclear fusion.,Basic,Class 8,General,Star(variant A)
Earth Science,What is a planet?,A planet is a celestial body orbiting a star that has cleared its orbital neighbourhood.,Basic,Class 8,NCERT,Planet(variant A)
Earth Science,How many planets are in our solar system?,There are 8 planets in our solar system: Mercury Venus Earth Mars Jupiter Saturn Uranus Neptune.,Basic,Class 8,NCERT,Planets(variant A)
Earth Science,What is the largest planet in our solar system?,Jupiter is the largest planet in our solar system.,Basic,Class 8,NCERT,Largest planet(variant A)
Earth Science,What is the smallest planet in our solar system?,Mercury is the smallest planet in our solar system.,Basic,Class 8,NCERT,Smallest planet(variant A)
Earth Science,What is the hottest planet in our solar system?,Venus is the hottest planet due to its thick CO2 atmosphere and greenhouse effect.,Basic,Class 8,General,Hottest planet(variant A)
Earth Science,What is the red planet?,Mars is called the red planet due to iron oxide (rust) on its surface.,Basic,Class 8,General,Red planet(variant A)
Earth Science,What is a comet?,A comet is a small icy body that orbits the Sun developing a tail of gas and dust when near the Sun.,Basic,Class 8,General,Comet(variant A)
Earth Science,What is an asteroid?,An asteroid is a rocky body orbiting the Sun mostly found in the asteroid belt between Mars and Jupiter.,Basic,Class 8,General,Asteroid(variant A)
Earth Science,What is a meteor?,A meteor is a space rock that enters Earth's atmosphere and burns up creating a streak of light.,Basic,Class 8,General,Meteor(variant A)
Earth Science,What is a meteorite?,A meteorite is a meteor that survives the atmosphere and hits Earth's surface.,Basic,Class 8,General,Meteorite(variant A)
Space Science,Who was the first human in space?,Yuri Gagarin of the Soviet Union was the first human in space on April 12 1961.,Basic,General,General,Yuri Gagarin(variant A)
Space Science,Who was the first man on the Moon?,Neil Armstrong was the first man to walk on the Moon on July 20 1969.,Basic,General,General,Moon landing(variant A)
Space Science,What is ISRO?,ISRO (Indian Space Research Organisation) is India's national space agency founded in 1969.,Basic,General,General,ISRO(variant A)
Space Science,What is Chandrayaan?,Chandrayaan is India's lunar exploration program. Chandrayaan-1 launched in 2008 discovered water on Moon.,Basic,General,General,Chandrayaan(variant A)
Space Science,What is Mangalyaan?,Mangalyaan (Mars Orbiter Mission) was India's first interplanetary mission launched in 2013.,Basic,General,General,Mangalyaan(variant A)
Space Science,What is a satellite?,A satellite is any object that orbits a planet. Artificial satellites are man-made and used for communication and observation.,Basic,Class 8,General,Satellite(variant A)
Space Science,What is the International Space Station?,The ISS is a habitable space station orbiting Earth at about 400 km altitude.,Basic,General,General,ISS(variant A)
Space Science,What is a light year?,A light year is the distance light travels in one year approximately 9.46 trillion kilometres.,Basic,Class 8,General,Light year(variant A)
Space Science,What is the nearest star to Earth?,Proxima Centauri is the nearest star to Earth at about 4.24 light years away.,Intermediate,General,General,Nearest star(variant A)
Space Science,What is the Big Bang theory?,The Big Bang theory states that the universe began as an extremely hot dense point about 13.8 billion years ago.,Intermediate,Class 12,General,Big Bang(variant A)
Space Science,What is dark matter?,Dark matter is an invisible form of matter that does not emit light but exerts gravitational effects.,Advanced,General,General,Dark matter(variant A)
Space Science,What is a nebula?,A nebula is a cloud of gas and dust in space often the birthplace of stars.,Intermediate,General,General,Nebula(variant A)
Space Science,What is a supernova?,A supernova is the explosive death of a massive star releasing enormous energy.,Intermediate,General,General,Supernova(variant A)
Space Science,What is the speed of light in km/s?,The speed of light is approximately 300000 km/s or 3 x 10^5 km/s.,Basic,Class 10,NCERT,Speed of light km/s(variant A)
Space Science,What is Aditya L1?,Aditya L1 is ISRO's solar observation spacecraft launched in 2023 to study the Sun.,Basic,General,General,Aditya L1(variant A)
Space Science,What is Gaganyaan?,Gaganyaan is India's first crewed spacecraft mission by ISRO aiming to send humans to space.,Basic,General,General,Gaganyaan(variant A)
Environment,What is pollution?,Pollution is the introduction of harmful substances into the environment.,Basic,Class 8,NCERT,Pollution(variant A)
Environment,What is air pollution?,Air pollution is the presence of harmful substances in the atmosphere.,Basic,Class 8,NCERT,Air pollution(variant A)
Environment,What is water pollution?,Water pollution is the contamination of water bodies with harmful substances.,Basic,Class 8,NCERT,Water pollution(variant A)
Environment,What is soil pollution?,Soil pollution is the degradation of land by harmful chemicals and waste.,Basic,Class 8,NCERT,Soil pollution(variant A)
Environment,What is noise pollution?,Noise pollution is excessive sound that disrupts the environment and causes harm.,Basic,Class 8,NCERT,Noise pollution(variant A)
Environment,What is deforestation?,Deforestation is the clearing of forests for agriculture urban development or logging.,Basic,Class 8,NCERT,Deforestation(variant A)
Environment,What is afforestation?,Afforestation is the planting of trees in areas where there were no previous forests.,Basic,Class 8,NCERT,Afforestation(variant A)
Environment,What is sustainable development?,Development that meets present needs without compromising the ability of future generations to meet their needs.,Intermediate,Class 10,NCERT,Sustainable development(variant A)
Environment,What is the carbon footprint?,Carbon footprint is the total greenhouse gas emissions caused by an individual organisation or product.,Intermediate,General,General,Carbon footprint(variant A)
Environment,What is acid rain?,Acid rain is precipitation made acidic by atmospheric pollution from sulphur and nitrogen oxides.,Intermediate,Class 10,NCERT,Acid rain(variant A)
Environment,What is eutrophication?,Eutrophication is excessive plant growth in water bodies due to nutrient pollution causing oxygen depletion.,Advanced,Class 12,NCERT,Eutrophication(variant A)
Environment,What is biomagnification?,Biomagnification is the increase in concentration of a toxic substance in organisms at higher trophic levels.,Advanced,Class 12,NCERT,Biomagnification(variant A)
Environment,What is composting?,Composting is the decomposition of organic waste into nutrient-rich fertiliser.,Basic,Class 8,General,Composting(variant A)
Environment,What are the 3Rs of waste management?,The 3Rs are Reduce Reuse and Recycle.,Basic,Class 8,NCERT,3Rs(variant A)
Environment,What is a national park?,A national park is a protected area conserved for wildlife and natural environment.,Basic,Class 10,NCERT,National park(variant A)
Environment,What is a biosphere reserve?,A biosphere reserve is a protected area designated to promote conservation of biodiversity.,Intermediate,Class 10,NCERT,Biosphere reserve(variant A)
Environment,What is the Paris Agreement?,The Paris Agreement is an international treaty to limit global warming to 1.5-2 degrees Celsius above pre-industrial levels.,Intermediate,General,General,Paris Agreement(variant A)
Environment,What is the Kyoto Protocol?,The Kyoto Protocol was an international agreement to reduce greenhouse gas emissions adopted in 1997.,Advanced,General,General,Kyoto Protocol(variant A)
Physics,What is work in physics?,Work is done when a force causes displacement. W = F x d x cos(theta).,Intermediate,Class 9,NCERT,Work formula(variant A)
Physics,What is power in physics?,Power is the rate of doing work. P = W/t measured in Watts.,Intermediate,Class 9,NCERT,Power formula(variant A)
Physics,What is efficiency?,Efficiency is the ratio of useful output energy to total input energy expressed as percentage.,Intermediate,Class 10,NCERT,Efficiency(variant A)
Physics,What is a lever?,A lever is a simple machine consisting of a rigid bar pivoting around a fulcrum.,Basic,Class 9,General,Lever(variant A)
Physics,What is mechanical advantage?,Mechanical advantage is the ratio of output force to input force in a machine.,Intermediate,Class 9,NCERT,Mechanical advantage(variant A)
Physics,What is friction?,Friction is the force that opposes the relative motion between two surfaces in contact.,Basic,Class 9,NCERT,Friction(variant A)
Physics,What are types of friction?,Types of friction are static friction kinetic friction rolling friction and fluid friction.,Intermediate,Class 9,NCERT,Friction types(variant A)
Physics,What is inertia?,Inertia is the tendency of an object to resist changes in its state of rest or motion.,Basic,Class 9,NCERT,Inertia(variant A)
Physics,What is momentum?,Momentum is the product of mass and velocity of an object. p = mv.,Intermediate,Class 9,NCERT,Momentum(variant A)
Physics,What is impulse?,Impulse is the change in momentum of an object equal to force multiplied by time.,Intermediate,Class 11,NCERT,Impulse(variant A)
Physics,What is the law of conservation of momentum?,The total momentum of a system remains constant if no external force acts on it.,Intermediate,Class 9,NCERT,Momentum conservation(variant A)
Physics,What is projectile motion?,Projectile motion is the motion of an object thrown horizontally moving under gravity in a curved path.,Intermediate,Class 11,NCERT,Projectile motion(variant A)
Physics,What is circular motion?,Circular motion is the movement of an object along the circumference of a circle.,Intermediate,Class 11,NCERT,Circular motion(variant A)
Physics,What is centripetal force?,Centripetal force is the force directed towards the centre of a circle keeping an object in circular motion.,Intermediate,Class 11,NCERT,Centripetal force(variant A)
Physics,What is centrifugal force?,Centrifugal force is the apparent outward force felt by an object undergoing circular motion.,Intermediate,Class 11,NCERT,Centrifugal force(variant A)
Physics,What is a wave front?,A wave front is an imaginary surface joining all points of a wave that have the same phase.,Advanced,Class 12,NCERT,Wave front(variant A)
Physics,What is Snell's law?,Snell's law states that n1 sin(i) = n2 sin(r) where i and r are angles of incidence and refraction.,Intermediate,Class 10,NCERT,Snell's law(variant A)
Physics,What is the mirror formula?,1/f = 1/v + 1/u where f is focal length v is image distance and u is object distance.,Intermediate,Class 10,NCERT,Mirror formula(variant A)
Physics,What is the lens formula?,1/f = 1/v - 1/u where f is focal length v is image distance and u is object distance.,Intermediate,Class 10,NCERT,Lens formula(variant A)
Physics,What is magnification?,Magnification is the ratio of image size to object size.,Basic,Class 10,NCERT,Magnification(variant A)
Chemistry,What is the formula for calcium carbonate?,The formula for calcium carbonate is CaCO3.,Basic,Class 10,NCERT,CaCO3(variant A)
Chemistry,What is the formula for sodium hydroxide?,The formula for sodium hydroxide (caustic soda) is NaOH.,Basic,Class 10,NCERT,NaOH(variant A)
Chemistry,What is the formula for potassium permanganate?,The formula for potassium permanganate is KMnO4.,Intermediate,Class 10,NCERT,KMnO4(variant A)
Chemistry,What is the formula for copper sulphate?,The formula for copper sulphate is CuSO4.,Basic,Class 10,NCERT,CuSO4(variant A)
Chemistry,What is a double displacement reaction?,A reaction where ions of two compounds exchange places forming two new compounds.,Intermediate,Class 10,NCERT,Double displacement(variant A)
Chemistry,What is a precipitation reaction?,A reaction where two solutions combine to form an insoluble solid called a precipitate.,Intermediate,Class 10,NCERT,Precipitation(variant A)
Chemistry,What is the law of definite proportions?,A compound always contains exactly the same proportion of elements by mass.,Basic,Class 9,NCERT,Definite proportions(variant A)
Chemistry,What is an isomer?,Isomers are compounds with the same molecular formula but different structural arrangements.,Advanced,Class 11,NCERT,Isomers(variant A)
Chemistry,What is a functional group?,A functional group is a specific group of atoms in a molecule responsible for its characteristic reactions.,Intermediate,Class 12,NCERT,Functional group(variant A)
Chemistry,What is saponification?,Saponification is the process of making soap by reacting fats or oils with a strong base.,Intermediate,Class 10,NCERT,Saponification(variant A)
Biology,What is an enzyme?,An enzyme is a biological catalyst (protein) that speeds up chemical reactions in living organisms.,Intermediate,Class 11,NCERT,Enzyme(variant A)
Biology,What is ATP?,ATP (Adenosine Triphosphate) is the energy currency of the cell providing energy for cellular processes.,Intermediate,Class 11,NCERT,ATP(variant A)
Biology,What is the cell cycle?,The cell cycle is the series of events that take place in a cell leading to its division and duplication.,Advanced,Class 11,NCERT,Cell cycle(variant A)
Biology,What is apoptosis?,Apoptosis is programmed cell death a normal process that eliminates damaged or unnecessary cells.,Advanced,Class 12,General,Apoptosis(variant A)
Biology,What is a zygote?,A zygote is the cell formed by the fusion of a sperm and an egg during fertilization.,Basic,Class 10,NCERT,Zygote(variant A)
Biology,What is germination?,Germination is the process by which a seed sprouts and begins to grow into a plant.,Basic,Class 7,NCERT,Germination(variant A)
Biology,What is pollination?,Pollination is the transfer of pollen from the male part to the female part of a flower.,Basic,Class 10,NCERT,Pollination(variant A)
Biology,What is fertilization in plants?,Fertilization in plants is the fusion of the male gamete (pollen) with the female gamete (ovule).,Basic,Class 10,NCERT,Plant fertilization(variant A)
Biology,What is the function of roots?,Roots anchor the plant absorb water and minerals from soil and store food.,Basic,Class 7,NCERT,Roots function(variant A)
Biology,What is the function of leaves?,Leaves carry out photosynthesis transpiration and gas exchange.,Basic,Class 7,NCERT,Leaves function(variant A)
Biology,What is the xylem?,Xylem is the vascular tissue that transports water and dissolved minerals from roots to leaves.,Intermediate,Class 10,NCERT,Xylem(variant A)
Biology,What is the phloem?,Phloem is the vascular tissue that transports food (sugars) from leaves to other parts of the plant.,Intermediate,Class 10,NCERT,Phloem(variant A)
Biology,What are the five kingdoms of life?,The five kingdoms are Monera Protista Fungi Plantae and Animalia.,Basic,Class 9,NCERT,Five kingdoms(variant A)
Biology,What is taxonomy?,Taxonomy is the science of classifying and naming organisms.,Basic,Class 11,NCERT,Taxonomy(variant A)
Biology,Who is the father of taxonomy?,Carl Linnaeus is the father of modern taxonomy.,Basic,Class 11,General,Linnaeus(variant A)
Biology,What is binomial nomenclature?,Binomial nomenclature is the system of giving each organism a two-part scientific name (genus and species).,Intermediate,Class 11,NCERT,Binomial nomenclature(variant A)
Biology,What is the scientific name of humans?,The scientific name of humans is Homo sapiens.,Basic,Class 11,General,Human scientific name(variant A)
Biology,What is the scientific name of the house cat?,The scientific name of the house cat is Felis catus.,Basic,General,General,Cat scientific name(variant A)
Biology,What is symbiosis?,Symbiosis is a close and long-term interaction between two different species.,Intermediate,Class 12,NCERT,Symbiosis(variant A)
Biology,What is mutualism?,Mutualism is a symbiotic relationship where both species benefit.,Intermediate,Class 12,NCERT,Mutualism(variant A)
Biology,What is parasitism?,Parasitism is a relationship where one organism benefits at the expense of the other.,Basic,Class 12,NCERT,Parasitism(variant A)
Biology,What is commensalism?,Commensalism is a relationship where one organism benefits and the other is unaffected.,Intermediate,Class 12,NCERT,Commensalism(variant A)
Physics,What is Newton's first law of motion?,An object at rest stays at rest and an object in motion stays in motion unless acted upon by an external force.,Basic,Class 9,NCERT,Law of Inertia(variant B)
Physics,What is Newton's second law of motion?,Force equals mass times acceleration (F = ma).,Basic,Class 9,NCERT,F=ma(variant B)
Physics,What is Newton's third law of motion?,For every action there is an equal and opposite reaction.,Basic,Class 9,NCERT,Action-Reaction(variant B)
Physics,What is the speed of light?,The speed of light in vacuum is approximately 3 x 10^8 meters per second.,Basic,Class 10,NCERT,Speed of light(variant B)
Physics,What is the unit of force?,The unit of force is Newton (N).,Basic,Class 9,NCERT,Force unit(variant B)
Physics,What is the unit of pressure?,The unit of pressure is Pascal (Pa).,Basic,Class 9,NCERT,Pressure unit(variant B)
Physics,What is Ohm's law?,Voltage equals current times resistance (V = IR).,Basic,Class 10,NCERT,V=IR(variant B)
Physics,What is the unit of electric current?,The unit of electric current is Ampere (A).,Basic,Class 10,NCERT,Current unit(variant B)
Physics,What is the unit of resistance?,The unit of resistance is Ohm.,Basic,Class 10,NCERT,Resistance unit(variant B)
Physics,What is the unit of power?,The unit of power is Watt (W).,Basic,Class 10,NCERT,Power unit(variant B)
Physics,What is the unit of energy?,The unit of energy is Joule (J).,Basic,Class 9,NCERT,Energy unit(variant B)
Physics,What is kinetic energy?,Kinetic energy is the energy possessed by an object due to its motion. KE = 1/2 mv^2.,Intermediate,Class 9,NCERT,KE formula(variant B)
Physics,What is potential energy?,Potential energy is the energy stored in an object due to its position or state. PE = mgh.,Intermediate,Class 9,NCERT,PE formula(variant B)
Physics,What is the law of conservation of energy?,Energy can neither be created nor destroyed; it can only be converted from one form to another.,Basic,Class 9,NCERT,Energy conservation(variant B)
Physics,What is gravity?,Gravity is the force of attraction between two objects having mass. On Earth it is 9.8 m/s^2.,Basic,Class 9,NCERT,Gravity(variant B)
Physics,Who discovered gravity?,Sir Isaac Newton discovered gravity when he observed an apple falling from a tree.,Basic,Class 9,NCERT,Newton gravity(variant B)
Physics,What is the unit of frequency?,The unit of frequency is Hertz (Hz).,Basic,Class 10,NCERT,Frequency unit(variant B)
Physics,What is sound?,Sound is a form of energy that travels as a longitudinal wave through a medium.,Basic,Class 9,NCERT,Sound wave(variant B)
Physics,What is the speed of sound in air?,The speed of sound in air at room temperature is approximately 343 meters per second.,Intermediate,Class 9,NCERT,Sound speed(variant B)
Physics,What is reflection of light?,Reflection is the bouncing back of light when it hits a surface.,Basic,Class 10,NCERT,Light reflection(variant B)
Physics,What is refraction of light?,Refraction is the bending of light when it passes from one medium to another.,Basic,Class 10,NCERT,Light refraction(variant B)
Physics,What is a convex lens?,A convex lens is thicker in the middle and converges light rays to a focal point.,Basic,Class 10,NCERT,Convex lens(variant B)
Physics,What is a concave lens?,A concave lens is thinner in the middle and diverges light rays.,Basic,Class 10,NCERT,Concave lens(variant B)
Physics,What is total internal reflection?,When light hits a boundary at an angle greater than the critical angle it is completely reflected back.,Intermediate,Class 10,NCERT,TIR(variant B)
Physics,What is the electromagnetic spectrum?,It is the range of all types of electromagnetic radiation from gamma rays to radio waves.,Intermediate,Class 10,NCERT,EM spectrum(variant B)
Physics,What are the colours of the rainbow?,"Violet, Indigo, Blue, Green, Yellow, Orange, Red (VIBGYOR).",Basic,Class 10,NCERT,VIBGYOR(variant B)
Physics,What is the principle of a transformer?,A transformer works on the principle of electromagnetic induction.,Intermediate,Class 10,NCERT,Transformer(variant B)
Physics,What is the difference between AC and DC?,AC (alternating current) changes direction periodically while DC (direct current) flows in one direction.,Basic,Class 10,NCERT,AC DC(variant B)
Physics,What is nuclear fission?,Nuclear fission is the splitting of a heavy nucleus into smaller nuclei releasing large amounts of energy.,Advanced,Class 12,NCERT,Fission(variant B)
Physics,What is nuclear fusion?,Nuclear fusion is the combining of two light nuclei to form a heavier nucleus releasing energy.,Advanced,Class 12,NCERT,Fusion(variant B)
Physics,What is radioactivity?,Radioactivity is the spontaneous emission of radiation from the nucleus of an unstable atom.,Intermediate,Class 12,NCERT,Radioactivity(variant B)
Physics,What is half-life?,Half-life is the time required for half of the radioactive atoms in a sample to decay.,Intermediate,Class 12,NCERT,Half-life(variant B)
Physics,What is Archimedes principle?,A body immersed in a fluid experiences an upward buoyant force equal to the weight of fluid displaced.,Basic,Class 9,NCERT,Archimedes(variant B)
Physics,What is Pascal's law?,Pressure applied to a confined fluid is transmitted equally in all directions.,Intermediate,Class 10,NCERT,Pascal law(variant B)
Physics,What is Bernoulli's principle?,As the speed of a fluid increases its pressure decreases.,Advanced,Class 11,NCERT,Bernoulli(variant B)
Physics,What is the Doppler effect?,The change in frequency of a wave as the source and observer move relative to each other.,Intermediate,Class 11,NCERT,Doppler(variant B)
Physics,What is specific heat capacity?,The amount of heat required to raise the temperature of 1 kg of a substance by 1 degree Celsius.,Intermediate,Class 11,NCERT,Specific heat(variant B)
Physics,What is latent heat?,The heat absorbed or released by a substance during a phase change without change in temperature.,Intermediate,Class 11,NCERT,Latent heat(variant B)
Physics,What is simple harmonic motion?,A type of periodic motion where the restoring force is proportional to displacement.,Advanced,Class 11,NCERT,SHM(variant B)
Physics,What is resonance?,Resonance occurs when a system vibrates at its natural frequency due to an external periodic force.,Advanced,Class 11,NCERT,Resonance(variant B)
Physics,What is Boyle's law?,At constant temperature the pressure of a gas is inversely proportional to its volume.,Intermediate,Class 11,NCERT,Boyle's law(variant B)
Physics,What is Charles's law?,At constant pressure the volume of a gas is directly proportional to its absolute temperature.,Intermediate,Class 11,NCERT,Charles law(variant B)
Physics,What is the photoelectric effect?,The emission of electrons from a metal surface when light of sufficient frequency falls on it.,Advanced,Class 12,NCERT,Photoelectric(variant B)
Physics,Who proposed the photoelectric effect theory?,Albert Einstein explained the photoelectric effect using the concept of photons in 1905.,Advanced,Class 12,NCERT,Einstein photon(variant B)
Physics,What is a photon?,A photon is a particle of light carrying energy E = hf where h is Planck's constant and f is frequency.,Advanced,Class 12,NCERT,Photon(variant B)
Physics,What is Planck's constant?,Planck's constant h = 6.626 x 10^-34 Joule-seconds.,Advanced,Class 12,NCERT,Planck constant(variant B)
Physics,What is the work function?,The minimum energy required to remove an electron from the surface of a metal.,Advanced,Class 12,NCERT,Work function(variant B)
Physics,What is de Broglie wavelength?,Every moving particle has an associated wavelength given by lambda = h/mv.,Advanced,Class 12,NCERT,de Broglie(variant B)
Physics,What is Heisenberg uncertainty principle?,It is impossible to simultaneously know both the exact position and momentum of a particle.,Advanced,Class 12,NCERT,Uncertainty principle(variant B)
Physics,What is superconductivity?,The phenomenon where certain materials conduct electricity with zero resistance at very low temperatures.,Advanced,Class 12,General,Superconductivity(variant B)
Physics,What is the unit of magnetic field strength?,The unit of magnetic field strength is Tesla (T).,Intermediate,Class 12,NCERT,Magnetic field unit(variant B)
Physics,What is Fleming's left hand rule?,It gives the direction of force on a current-carrying conductor in a magnetic field.,Intermediate,Class 10,NCERT,Fleming left hand(variant B)
Physics,What is Fleming's right hand rule?,It gives the direction of induced current in a conductor moving in a magnetic field.,Intermediate,Class 10,NCERT,Fleming right hand(variant B)
Physics,What is Lenz's law?,The induced current always flows in a direction that opposes the change causing it.,Intermediate,Class 12,NCERT,Lenz law(variant B)
Physics,What is the SI unit of charge?,The SI unit of electric charge is Coulomb (C).,Basic,Class 10,NCERT,Charge unit(variant B)
Physics,What is Coulomb's law?,The force between two charges is proportional to the product of charges and inversely proportional to the square of distance.,Intermediate,Class 12,NCERT,Coulomb law(variant B)
Physics,What is an electric field?,Electric field is the region around a charged particle where another charge experiences a force.,Intermediate,Class 12,NCERT,Electric field(variant B)
Physics,What is capacitance?,Capacitance is the ability of a system to store electric charge. Unit is Farad.,Intermediate,Class 12,NCERT,Capacitance(variant B)
Physics,What is a semiconductor?,A semiconductor is a material whose conductivity lies between a conductor and an insulator.,Intermediate,Class 12,NCERT,Semiconductor(variant B)
Physics,What is a p-n junction?,A p-n junction is formed when p-type and n-type semiconductors are joined together.,Advanced,Class 12,NCERT,PN junction(variant B)
Physics,What is thermodynamics?,Thermodynamics is the branch of physics dealing with heat energy and its conversion to other forms.,Intermediate,Class 11,NCERT,Thermodynamics(variant B)
Physics,What is the first law of thermodynamics?,Energy cannot be created or destroyed; the total energy of an isolated system is constant.,Intermediate,Class 11,NCERT,First law thermo(variant B)
Physics,What is the second law of thermodynamics?,Heat flows naturally from a hot body to a cold body and not the other way around.,Intermediate,Class 11,NCERT,Second law thermo(variant B)
Physics,What is entropy?,Entropy is a measure of the disorder or randomness of a system.,Advanced,Class 11,NCERT,Entropy(variant B)
Physics,What is absolute zero?,Absolute zero is the lowest possible temperature: 0 Kelvin or -273.15 degrees Celsius.,Intermediate,Class 11,NCERT,Absolute zero(variant B)
Physics,What is the refractive index?,Refractive index is the ratio of the speed of light in vacuum to the speed of light in a medium.,Intermediate,Class 10,NCERT,Refractive index(variant B)
Physics,What is dispersion of light?,Dispersion is the splitting of white light into its component colours when it passes through a prism.,Basic,Class 10,NCERT,Light dispersion(variant B)
Physics,What is polarization of light?,Polarization is the restriction of vibration of light waves to a single plane.,Advanced,Class 12,NCERT,Polarization(variant B)
Physics,What is diffraction?,Diffraction is the bending of waves around obstacles or through openings.,Advanced,Class 12,NCERT,Diffraction(variant B)
Physics,What is interference?,Interference is the phenomenon where two waves superpose to form a resultant wave.,Advanced,Class 12,NCERT,Interference(variant B)
Physics,What is Young's double slit experiment?,An experiment demonstrating the wave nature of light through interference patterns.,Advanced,Class 12,NCERT,Young double slit(variant B)
Physics,What is the escape velocity of Earth?,The escape velocity of Earth is approximately 11.2 km/s.,Intermediate,Class 11,NCERT,Escape velocity(variant B)
Physics,What is orbital velocity?,Orbital velocity is the minimum velocity needed to keep a satellite in orbit around Earth.,Intermediate,Class 11,NCERT,Orbital velocity(variant B)
Physics,What is Kepler's first law?,Planets move in elliptical orbits with the Sun at one focus.,Intermediate,Class 11,NCERT,Kepler first(variant B)
Physics,What is Kepler's second law?,A planet sweeps equal areas in equal time intervals as it orbits the Sun.,Intermediate,Class 11,NCERT,Kepler second(variant B)
Physics,What is Kepler's third law?,The square of a planet's orbital period is proportional to the cube of its orbital radius.,Advanced,Class 11,NCERT,Kepler third(variant B)
Physics,What is moment of inertia?,Moment of inertia is the rotational equivalent of mass; it resists angular acceleration.,Advanced,Class 11,NCERT,Moment of inertia(variant B)
Physics,What is angular momentum?,Angular momentum is the product of moment of inertia and angular velocity.,Advanced,Class 11,NCERT,Angular momentum(variant B)
Physics,What is a wave?,A wave is a disturbance that transfers energy through a medium without transferring matter.,Basic,Class 9,NCERT,Wave(variant B)
Physics,What is wavelength?,Wavelength is the distance between two consecutive crests or troughs of a wave.,Basic,Class 9,NCERT,Wavelength(variant B)
Physics,What is amplitude?,Amplitude is the maximum displacement of a wave from its equilibrium position.,Basic,Class 9,NCERT,Amplitude(variant B)
Physics,What is the relationship between speed frequency and wavelength?,Speed equals frequency multiplied by wavelength (v = f x lambda).,Basic,Class 9,NCERT,Wave equation(variant B)
Physics,What is ultrasound?,Ultrasound refers to sound waves with frequency above 20000 Hz inaudible to humans.,Intermediate,Class 9,NCERT,Ultrasound(variant B)
Physics,What is infrasound?,Infrasound refers to sound waves with frequency below 20 Hz inaudible to humans.,Intermediate,Class 9,NCERT,Infrasound(variant B)
Physics,What is the audible range of human hearing?,Humans can hear sounds in the frequency range of 20 Hz to 20000 Hz.,Basic,Class 9,NCERT,Audible range(variant B)
Physics,What is a magnetic field?,A magnetic field is the region around a magnet where magnetic forces are experienced.,Basic,Class 10,NCERT,Magnetic field(variant B)
Physics,What is electromagnetic induction?,The production of an electric current in a conductor due to a changing magnetic field.,Intermediate,Class 10,NCERT,EM induction(variant B)
Physics,Who discovered electromagnetic induction?,Michael Faraday discovered electromagnetic induction in 1831.,Intermediate,Class 10,NCERT,Faraday(variant B)
Physics,What is a generator?,A generator converts mechanical energy into electrical energy using electromagnetic induction.,Basic,Class 10,NCERT,Generator(variant B)
Physics,What is a motor?,An electric motor converts electrical energy into mechanical energy.,Basic,Class 10,NCERT,Motor(variant B)
Physics,What is the greenhouse effect?,The trapping of heat in Earth's atmosphere by greenhouse gases like CO2 and methane.,Basic,Class 10,NCERT,Greenhouse effect(variant B)
Physics,What is global warming?,The gradual increase in Earth's average temperature due to increased greenhouse gas emissions.,Basic,Class 10,NCERT,Global warming(variant B)
Physics,What is ozone?,Ozone is a molecule made of three oxygen atoms (O3) that forms a protective layer in the stratosphere.,Basic,Class 10,NCERT,Ozone(variant B)
Physics,What causes depletion of the ozone layer?,Chlorofluorocarbons (CFCs) released from refrigerants and sprays destroy ozone molecules.,Intermediate,Class 10,NCERT,Ozone depletion(variant B)
Physics,What is renewable energy?,Energy from naturally replenishing sources like solar wind water and geothermal heat.,Basic,Class 10,NCERT,Renewable energy(variant B)
Physics,What is solar energy?,Energy obtained from the Sun's radiation; converted using solar panels (photovoltaic cells).,Basic,Class 10,NCERT,Solar energy(variant B)
Chemistry,What is the atomic number of hydrogen?,The atomic number of hydrogen is 1.,Basic,Class 9,NCERT,Hydrogen(variant B)
Chemistry,What is the atomic number of carbon?,The atomic number of carbon is 6.,Basic,Class 9,NCERT,Carbon(variant B)
Chemistry,What is the atomic number of oxygen?,The atomic number of oxygen is 8.,Basic,Class 9,NCERT,Oxygen(variant B)
Chemistry,What is the atomic number of nitrogen?,The atomic number of nitrogen is 7.,Basic,Class 9,NCERT,Nitrogen(variant B)
Chemistry,What is the atomic number of iron?,The atomic number of iron is 26.,Basic,Class 10,NCERT,Iron(variant B)
Chemistry,What is the atomic number of gold?,The atomic number of gold is 79.,Intermediate,Class 10,NCERT,Gold(variant B)
Chemistry,What is the atomic number of sodium?,The atomic number of sodium is 11.,Basic,Class 10,NCERT,Sodium(variant B)
Chemistry,What is the chemical formula of water?,The chemical formula of water is H2O.,Basic,Class 7,NCERT,Water formula(variant B)
Chemistry,What is the chemical formula of carbon dioxide?,The chemical formula of carbon dioxide is CO2.,Basic,Class 8,NCERT,CO2(variant B)
Chemistry,What is the chemical formula of table salt?,The chemical formula of table salt (sodium chloride) is NaCl.,Basic,Class 9,NCERT,NaCl(variant B)
Chemistry,What is the chemical formula of ammonia?,The chemical formula of ammonia is NH3.,Basic,Class 10,NCERT,Ammonia(variant B)
Chemistry,What is the chemical formula of sulphuric acid?,The chemical formula of sulphuric acid is H2SO4.,Basic,Class 10,NCERT,Sulphuric acid(variant B)
Chemistry,What is the chemical formula of hydrochloric acid?,The chemical formula of hydrochloric acid is HCl.,Basic,Class 10,NCERT,HCl(variant B)
Chemistry,What is the chemical formula of nitric acid?,The chemical formula of nitric acid is HNO3.,Basic,Class 10,NCERT,HNO3(variant B)
Chemistry,What is pH?,pH is a measure of the hydrogen ion concentration in a solution. pH 7 is neutral below 7 is acidic above 7 is basic.,Basic,Class 10,NCERT,pH scale(variant B)
Chemistry,What is an acid?,An acid is a substance that donates hydrogen ions (H+) in solution and has pH less than 7.,Basic,Class 10,NCERT,Acid(variant B)
Chemistry,What is a base?,A base is a substance that accepts hydrogen ions or donates hydroxide ions (OH-) with pH greater than 7.,Basic,Class 10,NCERT,Base(variant B)
Chemistry,What is a neutral solution?,A neutral solution has a pH of exactly 7 like pure water.,Basic,Class 10,NCERT,Neutral(variant B)
Chemistry,What is an indicator?,An indicator is a substance that changes colour to show whether a solution is acidic basic or neutral.,Basic,Class 10,NCERT,Indicator(variant B)
Chemistry,What is litmus?,Litmus is a natural indicator that turns red in acid and blue in base.,Basic,Class 10,NCERT,Litmus(variant B)
Chemistry,What is the periodic table?,The periodic table is an arrangement of elements in order of increasing atomic number showing recurring properties.,Basic,Class 10,NCERT,Periodic table(variant B)
Chemistry,Who created the modern periodic table?,Dmitri Mendeleev created the periodic table in 1869 arranging elements by atomic mass.,Basic,Class 10,NCERT,Mendeleev(variant B)
Chemistry,What are periods in the periodic table?,Periods are horizontal rows in the periodic table. There are 7 periods.,Basic,Class 10,NCERT,Periods(variant B)
Chemistry,What are groups in the periodic table?,Groups are vertical columns in the periodic table. There are 18 groups.,Basic,Class 10,NCERT,Groups(variant B)
Chemistry,What are alkali metals?,Alkali metals are Group 1 elements (Li Na K Rb Cs Fr) that are highly reactive soft metals.,Intermediate,Class 10,NCERT,Alkali metals(variant B)
Chemistry,What are halogens?,Halogens are Group 17 elements (F Cl Br I At) that are highly reactive nonmetals.,Intermediate,Class 10,NCERT,Halogens(variant B)
Chemistry,What are noble gases?,Noble gases are Group 18 elements (He Ne Ar Kr Xe Rn) that are chemically inert.,Basic,Class 10,NCERT,Noble gases(variant B)
Chemistry,What is valency?,Valency is the combining capacity of an element determined by the number of electrons it gains loses or shares.,Basic,Class 9,NCERT,Valency(variant B)
Chemistry,What is an ionic bond?,An ionic bond is formed by the transfer of electrons from one atom to another creating oppositely charged ions.,Intermediate,Class 10,NCERT,Ionic bond(variant B)
Chemistry,What is a covalent bond?,A covalent bond is formed by the sharing of electrons between two atoms.,Intermediate,Class 10,NCERT,Covalent bond(variant B)
Chemistry,What is oxidation?,Oxidation is the loss of electrons or the gain of oxygen by a substance.,Intermediate,Class 10,NCERT,Oxidation(variant B)
Chemistry,What is reduction?,Reduction is the gain of electrons or the loss of oxygen by a substance.,Intermediate,Class 10,NCERT,Reduction(variant B)
Chemistry,What is a redox reaction?,A redox reaction involves both oxidation and reduction occurring simultaneously.,Intermediate,Class 10,NCERT,Redox(variant B)
Chemistry,What is corrosion?,Corrosion is the gradual destruction of metals by chemical reaction with their environment like rusting of iron.,Basic,Class 10,NCERT,Corrosion(variant B)
Chemistry,What is the chemical formula for rust?,Rust is hydrated iron oxide with formula Fe2O3.xH2O.,Intermediate,Class 10,NCERT,Rust formula(variant B)
Chemistry,What is rancidity?,Rancidity is the deterioration of fats and oils due to oxidation causing bad smell and taste.,Basic,Class 10,NCERT,Rancidity(variant B)
Chemistry,What is a catalyst?,A catalyst is a substance that increases the rate of a chemical reaction without being consumed.,Intermediate,Class 10,NCERT,Catalyst(variant B)
Chemistry,What is an exothermic reaction?,An exothermic reaction releases heat energy to the surroundings.,Basic,Class 10,NCERT,Exothermic(variant B)
Chemistry,What is an endothermic reaction?,An endothermic reaction absorbs heat energy from the surroundings.,Basic,Class 10,NCERT,Endothermic(variant B)
Chemistry,What is the law of conservation of mass?,In a chemical reaction the total mass of reactants equals the total mass of products.,Basic,Class 9,NCERT,Conservation of mass(variant B)
Chemistry,What is Avogadro's number?,Avogadro's number is 6.022 x 10^23 the number of atoms or molecules in one mole of a substance.,Intermediate,Class 11,NCERT,Avogadro(variant B)
Chemistry,What is a mole?,A mole is the amount of substance containing 6.022 x 10^23 particles.,Intermediate,Class 11,NCERT,Mole(variant B)
Chemistry,What is molar mass?,Molar mass is the mass of one mole of a substance expressed in grams per mole.,Intermediate,Class 11,NCERT,Molar mass(variant B)
Chemistry,What is an atom?,An atom is the smallest unit of an element that retains the chemical properties of that element.,Basic,Class 9,NCERT,Atom(variant B)
Chemistry,What is a molecule?,A molecule is the smallest unit of a compound that retains the chemical properties of that compound.,Basic,Class 9,NCERT,Molecule(variant B)
Chemistry,What is an element?,An element is a pure substance made of only one type of atom that cannot be broken down further.,Basic,Class 9,NCERT,Element(variant B)
Chemistry,What is a compound?,A compound is a substance formed by the chemical combination of two or more elements in a fixed ratio.,Basic,Class 9,NCERT,Compound(variant B)
Chemistry,What is a mixture?,A mixture is a combination of two or more substances that are not chemically combined.,Basic,Class 9,NCERT,Mixture(variant B)
Chemistry,What is an alloy?,An alloy is a mixture of two or more metals or a metal and a nonmetal.,Basic,Class 10,NCERT,Alloy(variant B)
Chemistry,What is brass made of?,Brass is an alloy of copper and zinc.,Basic,Class 10,NCERT,Brass(variant B)
Chemistry,What is bronze made of?,Bronze is an alloy of copper and tin.,Basic,Class 10,NCERT,Bronze(variant B)
Chemistry,What is steel made of?,Steel is an alloy of iron and carbon.,Basic,Class 10,NCERT,Steel(variant B)
Chemistry,What is stainless steel?,Stainless steel is an alloy of iron carbon and chromium that resists corrosion.,Basic,Class 10,NCERT,Stainless steel(variant B)
Chemistry,What is electrolysis?,Electrolysis is the process of using electric current to drive a non-spontaneous chemical reaction.,Intermediate,Class 10,NCERT,Electrolysis(variant B)
Chemistry,What is an electrolyte?,An electrolyte is a substance that conducts electricity when dissolved in water or melted.,Intermediate,Class 10,NCERT,Electrolyte(variant B)
Chemistry,What is distillation?,Distillation is a method of separating mixtures based on differences in boiling points.,Basic,Class 9,NCERT,Distillation(variant B)
Chemistry,What is crystallization?,Crystallization is a method of obtaining pure solid from a solution by cooling it.,Basic,Class 9,NCERT,Crystallization(variant B)
Chemistry,What is chromatography?,Chromatography is a technique used to separate components of a mixture based on their different rates of movement.,Intermediate,Class 9,NCERT,Chromatography(variant B)
Chemistry,What is a physical change?,A physical change alters the form of a substance without changing its chemical composition.,Basic,Class 8,NCERT,Physical change(variant B)
Chemistry,What is a chemical change?,A chemical change produces new substances with different properties from the original.,Basic,Class 8,NCERT,Chemical change(variant B)
Chemistry,What is sublimation?,Sublimation is the direct conversion of a solid to a gas without passing through the liquid state.,Intermediate,Class 9,NCERT,Sublimation(variant B)
Chemistry,What is evaporation?,Evaporation is the conversion of a liquid into vapour at its surface below its boiling point.,Basic,Class 8,NCERT,Evaporation(variant B)
Chemistry,What is condensation?,Condensation is the conversion of vapour or gas into liquid.,Basic,Class 8,NCERT,Condensation(variant B)
Chemistry,What is a solution?,A solution is a homogeneous mixture of two or more substances.,Basic,Class 9,NCERT,Solution(variant B)
Chemistry,What is solute?,A solute is the substance that is dissolved in a solution.,Basic,Class 9,NCERT,Solute(variant B)
Chemistry,What is solvent?,A solvent is the substance in which the solute is dissolved.,Basic,Class 9,NCERT,Solvent(variant B)
Chemistry,What is solubility?,Solubility is the maximum amount of solute that can dissolve in a given amount of solvent at a given temperature.,Intermediate,Class 9,NCERT,Solubility(variant B)
Chemistry,What is a saturated solution?,A saturated solution contains the maximum amount of dissolved solute at a given temperature.,Intermediate,Class 9,NCERT,Saturated solution(variant B)
Chemistry,What is colloid?,A colloid is a mixture in which fine particles are dispersed in a medium but do not settle.,Intermediate,Class 9,NCERT,Colloid(variant B)
Chemistry,What is the Tyndall effect?,The scattering of light by colloidal particles making the beam of light visible.,Intermediate,Class 9,NCERT,Tyndall effect(variant B)
Chemistry,What is organic chemistry?,Organic chemistry is the study of carbon compounds especially hydrocarbons and their derivatives.,Intermediate,Class 10,NCERT,Organic chemistry(variant B)
Chemistry,What is a hydrocarbon?,A hydrocarbon is a compound containing only carbon and hydrogen atoms.,Intermediate,Class 10,NCERT,Hydrocarbon(variant B)
Chemistry,What is methane?,Methane (CH4) is the simplest hydrocarbon and the main component of natural gas.,Basic,Class 10,NCERT,Methane(variant B)
Chemistry,What is ethanol?,Ethanol (C2H5OH) is an alcohol used in beverages antiseptics and as fuel.,Intermediate,Class 10,NCERT,Ethanol(variant B)
Chemistry,What is the formula of glucose?,The chemical formula of glucose is C6H12O6.,Basic,Class 10,NCERT,Glucose(variant B)
Chemistry,What is soap?,Soap is a salt of a fatty acid made by the reaction of fats or oils with a strong base (saponification).,Basic,Class 10,NCERT,Soap(variant B)
Chemistry,What is detergent?,Detergent is a synthetic cleaning agent that works better than soap in hard water.,Basic,Class 10,NCERT,Detergent(variant B)
Chemistry,What is hard water?,Hard water contains dissolved calcium and magnesium salts that prevent soap from lathering.,Intermediate,Class 10,NCERT,Hard water(variant B)
Chemistry,What is heavy water?,Heavy water is water in which hydrogen is replaced by deuterium (D2O).,Advanced,Class 12,NCERT,Heavy water(variant B)
Chemistry,What is nuclear chemistry?,Nuclear chemistry deals with the study of radioactivity nuclear reactions and their applications.,Advanced,Class 12,NCERT,Nuclear chemistry(variant B)
Chemistry,What is polymer?,A polymer is a large molecule made of many repeating smaller units called monomers.,Intermediate,Class 12,NCERT,Polymer(variant B)
Chemistry,What is plastic?,Plastic is a synthetic polymer that can be moulded into shape and retains that shape.,Basic,Class 10,NCERT,Plastic(variant B)
Chemistry,What is nylon?,Nylon is a synthetic polymer used to make fibres ropes and fabrics.,Basic,Class 10,NCERT,Nylon(variant B)
Chemistry,What is bakelite?,Bakelite is a thermosetting plastic used in electrical fittings and radio cabinets.,Intermediate,Class 10,NCERT,Bakelite(variant B)
Chemistry,What is the Haber process?,The Haber process is the industrial method of making ammonia from nitrogen and hydrogen gases.,Intermediate,Class 11,NCERT,Haber process(variant B)
Chemistry,What is the contact process?,The contact process is the industrial method of making sulphuric acid.,Intermediate,Class 11,NCERT,Contact process(variant B)
Chemistry,What is the Solvay process?,The Solvay process is the industrial method of making sodium carbonate (washing soda).,Advanced,Class 11,NCERT,Solvay process(variant B)
Chemistry,What is baking soda?,Baking soda is sodium bicarbonate (NaHCO3) used in cooking and as an antacid.,Basic,Class 10,NCERT,Baking soda(variant B)
Chemistry,What is washing soda?,Washing soda is sodium carbonate (Na2CO3) used as a cleaning agent.,Basic,Class 10,NCERT,Washing soda(variant B)
Chemistry,What is bleaching powder?,Bleaching powder is calcium hypochlorite Ca(OCl)Cl used for disinfection and bleaching.,Intermediate,Class 10,NCERT,Bleaching powder(variant B)
Chemistry,What is plaster of Paris?,Plaster of Paris is calcium sulphate hemihydrate (CaSO4.1/2H2O) used in making casts.,Intermediate,Class 10,NCERT,Plaster of Paris(variant B)
Chemistry,What is the formula of plaster of Paris?,The formula of Plaster of Paris is CaSO4.1/2 H2O.,Intermediate,Class 10,NCERT,PoP formula(variant B)
Chemistry,What is marble?,Marble is calcium carbonate (CaCO3) a metamorphic rock used in construction and sculpture.,Basic,Class 10,NCERT,Marble(variant B)
Chemistry,What is limestone?,Limestone is calcium carbonate (CaCO3) used in making cement and glass.,Basic,Class 10,NCERT,Limestone(variant B)
Chemistry,What is cement made of?,Cement is made by heating limestone and clay then grinding with gypsum.,Intermediate,Class 10,General,Cement(variant B)
Chemistry,What is glass made of?,Glass is made by melting silica (sand) with sodium carbonate and calcium carbonate.,Basic,Class 10,General,Glass(variant B)
Chemistry,What is dry ice?,Dry ice is solid carbon dioxide (CO2) used as a refrigerant.,Intermediate,Class 11,General,Dry ice(variant B)
Chemistry,What is laughing gas?,Laughing gas is nitrous oxide (N2O) used as an anaesthetic.,Intermediate,Class 11,General,Laughing gas(variant B)
Chemistry,What is the formula of laughing gas?,The formula of laughing gas (nitrous oxide) is N2O.,Intermediate,Class 11,NCERT,N2O(variant B)
Chemistry,What is tear gas?,Tear gas is chloroacetophenone (CN) or CS gas used for riot control.,Advanced,Class 12,General,Tear gas(variant B)
Chemistry,What is LPG?,LPG (Liquefied Petroleum Gas) is mainly a mixture of propane and butane used as fuel.,Basic,Class 10,General,LPG(variant B)
Chemistry,What is CNG?,CNG (Compressed Natural Gas) is mainly methane used as a cleaner fuel for vehicles.,Basic,Class 10,General,CNG(variant B)
Chemistry,What is the main component of biogas?,The main component of biogas is methane (CH4) produced by decomposition of organic waste.,Basic,Class 10,NCERT,Biogas(variant B)
Chemistry,What is photosynthesis equation?,6CO2 + 6H2O + light energy → C6H12O6 + 6O2,Intermediate,Class 10,NCERT,Photosynthesis equation(variant B)
Biology,What is the basic unit of life?,The cell is the basic structural and functional unit of life.,Basic,Class 8,NCERT,Cell(variant B)
Biology,Who discovered the cell?,Robert Hooke discovered the cell in 1665 while observing cork under a microscope.,Basic,Class 8,NCERT,Robert Hooke(variant B)
Biology,What is the cell theory?,Cell theory states that all living things are made of cells cells are the basic unit of life and cells come from existing cells.,Basic,Class 8,NCERT,Cell theory(variant B)
Biology,What is a prokaryotic cell?,A prokaryotic cell lacks a membrane-bound nucleus and organelles e.g. bacteria.,Intermediate,Class 9,NCERT,Prokaryote(variant B)
Biology,What is a eukaryotic cell?,A eukaryotic cell has a membrane-bound nucleus and organelles e.g. plant and animal cells.,Intermediate,Class 9,NCERT,Eukaryote(variant B)
Biology,What is the nucleus of a cell?,The nucleus is the control centre of the cell containing DNA and controlling cell activities.,Basic,Class 8,NCERT,Nucleus(variant B)
Biology,What is the mitochondria?,Mitochondria are organelles that produce energy through cellular respiration; called the powerhouse of the cell.,Basic,Class 9,NCERT,Mitochondria(variant B)
Biology,What is the chloroplast?,Chloroplast is the organelle in plant cells where photosynthesis takes place; contains chlorophyll.,Basic,Class 9,NCERT,Chloroplast(variant B)
Biology,What is the cell membrane?,The cell membrane is a selectively permeable layer that controls what enters and exits the cell.,Basic,Class 8,NCERT,Cell membrane(variant B)
Biology,What is the cell wall?,The cell wall is a rigid outer layer found in plant fungal and bacterial cells providing support.,Basic,Class 8,NCERT,Cell wall(variant B)
Biology,What is the difference between plant and animal cell?,Plant cells have cell wall chloroplasts and large vacuole; animal cells have centrioles and small vacuoles.,Basic,Class 8,NCERT,Plant vs animal cell(variant B)
Biology,What is DNA?,DNA (Deoxyribonucleic acid) is the molecule that carries genetic information in living organisms.,Basic,Class 10,NCERT,DNA(variant B)
Biology,What is RNA?,RNA (Ribonucleic acid) is involved in protein synthesis and gene expression.,Intermediate,Class 12,NCERT,RNA(variant B)
Biology,What is a gene?,A gene is a segment of DNA that codes for a specific protein or trait.,Intermediate,Class 12,NCERT,Gene(variant B)
Biology,What is a chromosome?,A chromosome is a thread-like structure of DNA and protein that carries genetic information.,Intermediate,Class 10,NCERT,Chromosome(variant B)
Biology,How many chromosomes do humans have?,Humans have 46 chromosomes (23 pairs) in each body cell.,Basic,Class 10,NCERT,Human chromosomes(variant B)
Biology,What is mitosis?,Mitosis is a type of cell division that produces two genetically identical daughter cells.,Intermediate,Class 11,NCERT,Mitosis(variant B)
Biology,What is meiosis?,Meiosis is a type of cell division that produces four genetically different haploid cells (gametes).,Intermediate,Class 11,NCERT,Meiosis(variant B)
Biology,What is photosynthesis?,Photosynthesis is the process by which plants use sunlight CO2 and water to make glucose and oxygen.,Basic,Class 7,NCERT,Photosynthesis(variant B)
Biology,What is chlorophyll?,Chlorophyll is the green pigment in plants that absorbs sunlight for photosynthesis.,Basic,Class 7,NCERT,Chlorophyll(variant B)
Biology,What is respiration?,Respiration is the process of breaking down glucose to release energy in cells.,Basic,Class 10,NCERT,Respiration(variant B)
Biology,What is aerobic respiration?,Aerobic respiration uses oxygen to break down glucose producing CO2 water and energy.,Intermediate,Class 10,NCERT,Aerobic respiration(variant B)
Biology,What is anaerobic respiration?,Anaerobic respiration breaks down glucose without oxygen producing lactic acid or alcohol.,Intermediate,Class 10,NCERT,Anaerobic respiration(variant B)
Biology,What is the equation for aerobic respiration?,C6H12O6 + 6O2 → 6CO2 + 6H2O + Energy (ATP),Intermediate,Class 10,NCERT,Respiration equation(variant B)
Biology,What is osmosis?,Osmosis is the movement of water through a semi-permeable membrane from a region of high water concentration to low.,Intermediate,Class 9,NCERT,Osmosis(variant B)
Biology,What is diffusion?,Diffusion is the movement of particles from a region of high concentration to low concentration.,Basic,Class 9,NCERT,Diffusion(variant B)
Biology,What is transpiration?,Transpiration is the loss of water vapour from plant leaves through stomata.,Basic,Class 10,NCERT,Transpiration(variant B)
Biology,What are stomata?,Stomata are tiny pores on leaves that allow gas exchange and water vapour to escape.,Basic,Class 10,NCERT,Stomata(variant B)
Biology,What is the nervous system?,The nervous system controls and coordinates body activities using electrical signals.,Basic,Class 10,NCERT,Nervous system(variant B)
Biology,What is a neuron?,A neuron is the basic functional unit of the nervous system that transmits nerve impulses.,Basic,Class 10,NCERT,Neuron(variant B)
Biology,What is the function of the brain?,The brain controls all body functions processes information and is the centre of thought and memory.,Basic,Class 10,NCERT,Brain function(variant B)
Biology,What is the spinal cord?,The spinal cord is a bundle of nerves running through the spine that relays signals between brain and body.,Basic,Class 10,NCERT,Spinal cord(variant B)
Biology,What is a reflex action?,A reflex action is an automatic and rapid response to a stimulus that does not involve the brain.,Basic,Class 10,NCERT,Reflex action(variant B)
Biology,What is the endocrine system?,The endocrine system is a network of glands that produce and release hormones into the blood.,Intermediate,Class 10,NCERT,Endocrine system(variant B)
Biology,What is insulin?,Insulin is a hormone produced by the pancreas that regulates blood glucose levels.,Basic,Class 10,NCERT,Insulin(variant B)
Biology,What is adrenaline?,Adrenaline is a hormone produced by the adrenal glands in response to stress or danger.,Intermediate,Class 10,NCERT,Adrenaline(variant B)
Biology,What is the digestive system?,The digestive system breaks down food into nutrients that can be absorbed by the body.,Basic,Class 10,NCERT,Digestive system(variant B)
Biology,What is the function of the liver?,The liver produces bile detoxifies blood stores glycogen and performs many metabolic functions.,Intermediate,Class 10,NCERT,Liver(variant B)
Biology,What is the function of the kidney?,The kidney filters blood removes waste products and regulates water and electrolyte balance.,Basic,Class 10,NCERT,Kidney(variant B)
Biology,What is blood?,Blood is a fluid connective tissue that transports oxygen nutrients hormones and waste products.,Basic,Class 10,NCERT,Blood(variant B)
Biology,What are red blood cells?,Red blood cells (RBCs) contain haemoglobin and carry oxygen from lungs to body tissues.,Basic,Class 10,NCERT,RBC(variant B)
Biology,What are white blood cells?,White blood cells (WBCs) are part of the immune system and fight infection.,Basic,Class 10,NCERT,WBC(variant B)
Biology,What are platelets?,Platelets are cell fragments that help in blood clotting to stop bleeding.,Basic,Class 10,NCERT,Platelets(variant B)
Biology,What is haemoglobin?,Haemoglobin is the iron-containing protein in red blood cells that carries oxygen.,Basic,Class 10,NCERT,Haemoglobin(variant B)
Biology,What is the heart?,The heart is a muscular organ that pumps blood throughout the body.,Basic,Class 10,NCERT,Heart(variant B)
Biology,How many chambers does the human heart have?,The human heart has four chambers: right atrium right ventricle left atrium left ventricle.,Basic,Class 10,NCERT,Heart chambers(variant B)
Biology,What is blood pressure?,Blood pressure is the force exerted by blood on the walls of blood vessels.,Basic,Class 10,NCERT,Blood pressure(variant B)
Biology,What is the normal blood pressure?,Normal blood pressure is 120/80 mmHg (systolic/diastolic).,Basic,Class 10,General,Normal BP(variant B)
Biology,What is vaccination?,Vaccination introduces a weakened or dead pathogen to stimulate the immune system to produce antibodies.,Basic,Class 10,NCERT,Vaccination(variant B)
Biology,What is an antibiotic?,An antibiotic is a medicine that kills or inhibits the growth of bacteria.,Basic,Class 10,NCERT,Antibiotic(variant B)
Biology,Who discovered penicillin?,Alexander Fleming discovered penicillin in 1928.,Basic,Class 10,NCERT,Penicillin(variant B)
Biology,What is a virus?,A virus is a non-cellular infectious agent that replicates only inside a living host cell.,Basic,Class 10,NCERT,Virus(variant B)
Biology,What is a bacteria?,Bacteria are single-celled prokaryotic microorganisms that can be beneficial or harmful.,Basic,Class 9,NCERT,Bacteria(variant B)
Biology,What is fungi?,Fungi are eukaryotic organisms that include mushrooms moulds and yeasts that decompose organic matter.,Basic,Class 9,NCERT,Fungi(variant B)
Biology,What is an ecosystem?,An ecosystem is a community of living organisms interacting with each other and their non-living environment.,Basic,Class 10,NCERT,Ecosystem(variant B)
Biology,What is a food chain?,A food chain shows the sequence of who eats whom in an ecosystem transferring energy.,Basic,Class 10,NCERT,Food chain(variant B)
Biology,What is a food web?,A food web is an interconnected network of food chains in an ecosystem.,Basic,Class 10,NCERT,Food web(variant B)
Biology,What are producers in an ecosystem?,Producers are organisms (mainly plants) that make their own food through photosynthesis.,Basic,Class 10,NCERT,Producers(variant B)
Biology,What are consumers?,Consumers are organisms that cannot make their own food and eat other organisms.,Basic,Class 10,NCERT,Consumers(variant B)
Biology,What are decomposers?,Decomposers break down dead organic matter and recycle nutrients back into the ecosystem.,Basic,Class 10,NCERT,Decomposers(variant B)
Biology,What is biodiversity?,Biodiversity is the variety of life on Earth including all species ecosystems and genetic variation.,Basic,Class 10,NCERT,Biodiversity(variant B)
Biology,What is evolution?,Evolution is the gradual change in inherited characteristics of populations over many generations.,Intermediate,Class 12,NCERT,Evolution(variant B)
Biology,Who proposed the theory of evolution?,Charles Darwin proposed the theory of evolution by natural selection in 1859.,Basic,Class 12,NCERT,Darwin(variant B)
Biology,What is natural selection?,Natural selection is the process where organisms better adapted to their environment survive and reproduce more.,Intermediate,Class 12,NCERT,Natural selection(variant B)
Biology,What is heredity?,Heredity is the passing of traits from parents to offspring through genes.,Basic,Class 10,NCERT,Heredity(variant B)
Biology,Who is the father of genetics?,Gregor Mendel is the father of genetics.,Basic,Class 10,NCERT,Mendel genetics(variant B)
Biology,What is dominant trait?,A dominant trait is one that is expressed even when only one copy of the gene is present.,Intermediate,Class 10,NCERT,Dominant trait(variant B)
Biology,What is recessive trait?,A recessive trait is only expressed when two copies of the gene are present.,Intermediate,Class 10,NCERT,Recessive trait(variant B)
Biology,What is cloning?,Cloning is the process of producing genetically identical copies of an organism.,Intermediate,Class 12,NCERT,Cloning(variant B)
Biology,What is Dolly the sheep?,Dolly was the first mammal cloned from an adult somatic cell in 1996.,Intermediate,Class 12,General,Dolly sheep(variant B)
Biology,What is biotechnology?,Biotechnology is the use of biological systems and living organisms to develop products and technologies.,Intermediate,Class 12,NCERT,Biotechnology(variant B)
Biology,What is genetic engineering?,Genetic engineering is the direct manipulation of an organism's genes using biotechnology.,Advanced,Class 12,NCERT,Genetic engineering(variant B)
Biology,What are stem cells?,Stem cells are undifferentiated cells that can develop into many different types of cells.,Advanced,Class 12,General,Stem cells(variant B)
Biology,What is the human genome?,The human genome is the complete set of DNA including all genes in a human cell.,Advanced,Class 12,General,Human genome(variant B)
Biology,What is the Human Genome Project?,The Human Genome Project was an international effort to map all human genes completed in 2003.,Advanced,Class 12,General,HGP(variant B)
Biology,What is cancer?,Cancer is a disease where cells divide uncontrollably and may spread to other parts of the body.,Intermediate,Class 12,General,Cancer(variant B)
Biology,What is diabetes?,Diabetes is a condition where the body cannot regulate blood sugar due to insufficient insulin.,Basic,Class 10,General,Diabetes(variant B)
Biology,What is malaria?,Malaria is a disease caused by Plasmodium parasites transmitted through Anopheles mosquito bites.,Basic,Class 10,NCERT,Malaria(variant B)
Biology,What is tuberculosis?,Tuberculosis (TB) is a bacterial infection caused by Mycobacterium tuberculosis affecting the lungs.,Basic,Class 10,General,Tuberculosis(variant B)
Biology,What is AIDS?,AIDS is a disease caused by HIV virus that weakens the immune system.,Basic,Class 10,NCERT,AIDS(variant B)
Biology,What is dengue?,Dengue is a viral disease transmitted by Aedes mosquitoes causing high fever and joint pain.,Basic,Class 10,General,Dengue(variant B)
Biology,What is COVID-19?,COVID-19 is a disease caused by SARS-CoV-2 coronavirus causing respiratory illness.,Basic,General,General,COVID-19(variant B)
Biology,What is the largest organ of the human body?,The skin is the largest organ of the human body.,Basic,Class 8,General,Largest organ(variant B)
Biology,What is the largest internal organ?,The liver is the largest internal organ of the human body.,Basic,Class 10,General,Largest internal organ(variant B)
Biology,What is the smallest bone in the human body?,The stapes in the ear is the smallest bone in the human body.,Basic,General,General,Smallest bone(variant B)
Biology,What is the longest bone in the human body?,The femur (thigh bone) is the longest bone in the human body.,Basic,General,General,Longest bone(variant B)
Biology,How many bones does the adult human body have?,The adult human body has 206 bones.,Basic,Class 8,General,Human bones(variant B)
Biology,What is the function of the lungs?,The lungs exchange gases: absorbing oxygen from air and releasing carbon dioxide from blood.,Basic,Class 10,NCERT,Lungs(variant B)
Biology,What is the function of the stomach?,The stomach digests food by mixing it with gastric juices containing hydrochloric acid and enzymes.,Basic,Class 10,NCERT,Stomach(variant B)
Biology,What is the function of the small intestine?,The small intestine absorbs nutrients from digested food into the bloodstream.,Basic,Class 10,NCERT,Small intestine(variant B)
Biology,What is the function of the large intestine?,The large intestine absorbs water and electrolytes and eliminates waste as faeces.,Basic,Class 10,NCERT,Large intestine(variant B)
Earth Science,What is the atmosphere?,The atmosphere is the layer of gases surrounding Earth held by gravity.,Basic,Class 7,NCERT,Atmosphere(variant B)
Earth Science,What are the layers of the atmosphere?,Troposphere Stratosphere Mesosphere Thermosphere and Exosphere.,Intermediate,Class 7,NCERT,Atmosphere layers(variant B)
Earth Science,What is the ozone layer?,The ozone layer in the stratosphere absorbs harmful ultraviolet radiation from the Sun.,Basic,Class 10,NCERT,Ozone layer(variant B)
Earth Science,What is the water cycle?,The water cycle is the continuous movement of water through evaporation condensation precipitation and collection.,Basic,Class 7,NCERT,Water cycle(variant B)
Earth Science,What causes rainfall?,Rainfall occurs when water vapour in clouds condenses into droplets heavy enough to fall.,Basic,Class 7,NCERT,Rainfall(variant B)
Earth Science,What is an earthquake?,An earthquake is the shaking of Earth's surface caused by movement of tectonic plates.,Basic,Class 7,NCERT,Earthquake(variant B)
Earth Science,What causes earthquakes?,Earthquakes are caused by the movement and collision of tectonic plates along fault lines.,Basic,Class 7,NCERT,Earthquake cause(variant B)
Earth Science,What is the Richter scale?,The Richter scale measures the magnitude (energy released) of earthquakes.,Basic,Class 7,General,Richter scale(variant B)
Earth Science,What is a volcano?,A volcano is an opening in Earth's crust where molten rock gases and ash erupt.,Basic,Class 7,NCERT,Volcano(variant B)
Earth Science,What is a tsunami?,A tsunami is a series of large ocean waves caused by underwater earthquakes or volcanic eruptions.,Basic,Class 7,General,Tsunami(variant B)
Earth Science,What is the structure of the Earth?,Earth has four layers: crust mantle outer core and inner core.,Basic,Class 7,NCERT,Earth structure(variant B)
Earth Science,What is the crust of the Earth?,The crust is the outermost solid layer of Earth on which we live.,Basic,Class 7,NCERT,Earth crust(variant B)
Earth Science,What is the mantle?,The mantle is the thick layer of hot semi-solid rock between the crust and the core.,Basic,Class 7,NCERT,Earth mantle(variant B)
Earth Science,What is the core of the Earth?,The core is the innermost part of Earth made of iron and nickel.,Basic,Class 7,NCERT,Earth core(variant B)
Earth Science,What are tectonic plates?,Tectonic plates are large pieces of Earth's crust that move slowly on the mantle.,Intermediate,Class 7,NCERT,Tectonic plates(variant B)
Earth Science,What is weathering?,Weathering is the breaking down of rocks minerals and soils through contact with the environment.,Basic,Class 7,NCERT,Weathering(variant B)
Earth Science,What is erosion?,Erosion is the process by which wind water or ice moves weathered material from one place to another.,Basic,Class 7,NCERT,Erosion(variant B)
Earth Science,What is soil erosion?,Soil erosion is the wearing away of topsoil by wind water or human activities.,Basic,Class 7,NCERT,Soil erosion(variant B)
Earth Science,What is a fossil?,A fossil is the preserved remains or traces of a once-living organism found in rock.,Basic,Class 10,NCERT,Fossil(variant B)
Earth Science,What is the age of Earth?,Earth is approximately 4.5 billion years old.,Basic,Class 8,General,Earth age(variant B)
Earth Science,What is the Sun?,The Sun is a star at the centre of our solar system providing light and heat.,Basic,Class 6,NCERT,Sun(variant B)
Earth Science,How far is the Earth from the Sun?,Earth is approximately 150 million km (1 AU) from the Sun.,Basic,Class 8,General,Earth Sun distance(variant B)
Earth Science,What causes seasons?,Seasons are caused by the tilt of Earth's axis as it orbits the Sun.,Basic,Class 6,NCERT,Seasons(variant B)
Earth Science,What causes day and night?,Day and night are caused by Earth's rotation on its own axis.,Basic,Class 6,NCERT,Day night(variant B)
Earth Science,What is the Moon?,The Moon is Earth's natural satellite that orbits Earth once every 27.3 days.,Basic,Class 6,NCERT,Moon(variant B)
Earth Science,What causes tides?,Tides are caused by the gravitational pull of the Moon (and Sun) on Earth's oceans.,Intermediate,Class 8,NCERT,Tides(variant B)
Earth Science,What is a solar eclipse?,A solar eclipse occurs when the Moon comes between the Sun and Earth blocking sunlight.,Basic,Class 8,NCERT,Solar eclipse(variant B)
Earth Science,What is a lunar eclipse?,A lunar eclipse occurs when Earth comes between the Sun and Moon casting a shadow on the Moon.,Basic,Class 8,NCERT,Lunar eclipse(variant B)
Earth Science,What is the Milky Way?,The Milky Way is the galaxy containing our solar system with over 200 billion stars.,Basic,Class 8,General,Milky Way(variant B)
Earth Science,What is a black hole?,A black hole is a region in space with such strong gravity that nothing including light can escape.,Intermediate,Class 8,General,Black hole(variant B)
Earth Science,What is a star?,A star is a luminous ball of plasma held together by gravity undergoing nuclear fusion.,Basic,Class 8,General,Star(variant B)
Earth Science,What is a planet?,A planet is a celestial body orbiting a star that has cleared its orbital neighbourhood.,Basic,Class 8,NCERT,Planet(variant B)
Earth Science,How many planets are in our solar system?,There are 8 planets in our solar system: Mercury Venus Earth Mars Jupiter Saturn Uranus Neptune.,Basic,Class 8,NCERT,Planets(variant B)
Earth Science,What is the largest planet in our solar system?,Jupiter is the largest planet in our solar system.,Basic,Class 8,NCERT,Largest planet(variant B)
Earth Science,What is the smallest planet in our solar system?,Mercury is the smallest planet in our solar system.,Basic,Class 8,NCERT,Smallest planet(variant B)
Earth Science,What is the hottest planet in our solar system?,Venus is the hottest planet due to its thick CO2 atmosphere and greenhouse effect.,Basic,Class 8,General,Hottest planet(variant B)
Earth Science,What is the red planet?,Mars is called the red planet due to iron oxide (rust) on its surface.,Basic,Class 8,General,Red planet(variant B)
Earth Science,What is a comet?,A comet is a small icy body that orbits the Sun developing a tail of gas and dust when near the Sun.,Basic,Class 8,General,Comet(variant B)
Earth Science,What is an asteroid?,An asteroid is a rocky body orbiting the Sun mostly found in the asteroid belt between Mars and Jupiter.,Basic,Class 8,General,Asteroid(variant B)
Earth Science,What is a meteor?,A meteor is a space rock that enters Earth's atmosphere and burns up creating a streak of light.,Basic,Class 8,General,Meteor(variant B)
Earth Science,What is a meteorite?,A meteorite is a meteor that survives the atmosphere and hits Earth's surface.,Basic,Class 8,General,Meteorite(variant B)
Space Science,Who was the first human in space?,Yuri Gagarin of the Soviet Union was the first human in space on April 12 1961.,Basic,General,General,Yuri Gagarin(variant B)
Space Science,Who was the first man on the Moon?,Neil Armstrong was the first man to walk on the Moon on July 20 1969.,Basic,General,General,Moon landing(variant B)
Space Science,What is ISRO?,ISRO (Indian Space Research Organisation) is India's national space agency founded in 1969.,Basic,General,General,ISRO(variant B)
Space Science,What is Chandrayaan?,Chandrayaan is India's lunar exploration program. Chandrayaan-1 launched in 2008 discovered water on Moon.,Basic,General,General,Chandrayaan(variant B)
Space Science,What is Mangalyaan?,Mangalyaan (Mars Orbiter Mission) was India's first interplanetary mission launched in 2013.,Basic,General,General,Mangalyaan(variant B)
Space Science,What is a satellite?,A satellite is any object that orbits a planet. Artificial satellites are man-made and used for communication and observation.,Basic,Class 8,General,Satellite(variant B)
Space Science,What is the International Space Station?,The ISS is a habitable space station orbiting Earth at about 400 km altitude.,Basic,General,General,ISS(variant B)
Space Science,What is a light year?,A light year is the distance light travels in one year approximately 9.46 trillion kilometres.,Basic,Class 8,General,Light year(variant B)
Space Science,What is the nearest star to Earth?,Proxima Centauri is the nearest star to Earth at about 4.24 light years away.,Intermediate,General,General,Nearest star(variant B)
Space Science,What is the Big Bang theory?,The Big Bang theory states that the universe began as an extremely hot dense point about 13.8 billion years ago.,Intermediate,Class 12,General,Big Bang(variant B)
Space Science,What is dark matter?,Dark matter is an invisible form of matter that does not emit light but exerts gravitational effects.,Advanced,General,General,Dark matter(variant B)
Space Science,What is a nebula?,A nebula is a cloud of gas and dust in space often the birthplace of stars.,Intermediate,General,General,Nebula(variant B)
Space Science,What is a supernova?,A supernova is the explosive death of a massive star releasing enormous energy.,Intermediate,General,General,Supernova(variant B)
Space Science,What is the speed of light in km/s?,The speed of light is approximately 300000 km/s or 3 x 10^5 km/s.,Basic,Class 10,NCERT,Speed of light km/s(variant B)
Space Science,What is Aditya L1?,Aditya L1 is ISRO's solar observation spacecraft launched in 2023 to study the Sun.,Basic,General,General,Aditya L1(variant B)
Space Science,What is Gaganyaan?,Gaganyaan is India's first crewed spacecraft mission by ISRO aiming to send humans to space.,Basic,General,General,Gaganyaan(variant B)
Environment,What is pollution?,Pollution is the introduction of harmful substances into the environment.,Basic,Class 8,NCERT,Pollution(variant B)
Environment,What is air pollution?,Air pollution is the presence of harmful substances in the atmosphere.,Basic,Class 8,NCERT,Air pollution(variant B)
Environment,What is water pollution?,Water pollution is the contamination of water bodies with harmful substances.,Basic,Class 8,NCERT,Water pollution(variant B)
Environment,What is soil pollution?,Soil pollution is the degradation of land by harmful chemicals and waste.,Basic,Class 8,NCERT,Soil pollution(variant B)
Environment,What is noise pollution?,Noise pollution is excessive sound that disrupts the environment and causes harm.,Basic,Class 8,NCERT,Noise pollution(variant B)
Environment,What is deforestation?,Deforestation is the clearing of forests for agriculture urban development or logging.,Basic,Class 8,NCERT,Deforestation(variant B)
Environment,What is afforestation?,Afforestation is the planting of trees in areas where there were no previous forests.,Basic,Class 8,NCERT,Afforestation(variant B)
Environment,What is sustainable development?,Development that meets present needs without compromising the ability of future generations to meet their needs.,Intermediate,Class 10,NCERT,Sustainable development(variant B)
Environment,What is the carbon footprint?,Carbon footprint is the total greenhouse gas emissions caused by an individual organisation or product.,Intermediate,General,General,Carbon footprint(variant B)
Environment,What is acid rain?,Acid rain is precipitation made acidic by atmospheric pollution from sulphur and nitrogen oxides.,Intermediate,Class 10,NCERT,Acid rain(variant B)
Environment,What is eutrophication?,Eutrophication is excessive plant growth in water bodies due to nutrient pollution causing oxygen depletion.,Advanced,Class 12,NCERT,Eutrophication(variant B)
Environment,What is biomagnification?,Biomagnification is the increase in concentration of a toxic substance in organisms at higher trophic levels.,Advanced,Class 12,NCERT,Biomagnification(variant B)
Environment,What is composting?,Composting is the decomposition of organic waste into nutrient-rich fertiliser.,Basic,Class 8,General,Composting(variant B)
Environment,What are the 3Rs of waste management?,The 3Rs are Reduce Reuse and Recycle.,Basic,Class 8,NCERT,3Rs(variant B)
Environment,What is a national park?,A national park is a protected area conserved for wildlife and natural environment.,Basic,Class 10,NCERT,National park(variant B)
Environment,What is a biosphere reserve?,A biosphere reserve is a protected area designated to promote conservation of biodiversity.,Intermediate,Class 10,NCERT,Biosphere reserve(variant B)
Environment,What is the Paris Agreement?,The Paris Agreement is an international treaty to limit global warming to 1.5-2 degrees Celsius above pre-industrial levels.,Intermediate,General,General,Paris Agreement(variant B)
Environment,What is the Kyoto Protocol?,The Kyoto Protocol was an international agreement to reduce greenhouse gas emissions adopted in 1997.,Advanced,General,General,Kyoto Protocol(variant B)
Physics,What is work in physics?,Work is done when a force causes displacement. W = F x d x cos(theta).,Intermediate,Class 9,NCERT,Work formula(variant B)
Physics,What is power in physics?,Power is the rate of doing work. P = W/t measured in Watts.,Intermediate,Class 9,NCERT,Power formula(variant B)
Physics,What is efficiency?,Efficiency is the ratio of useful output energy to total input energy expressed as percentage.,Intermediate,Class 10,NCERT,Efficiency(variant B)
Physics,What is a lever?,A lever is a simple machine consisting of a rigid bar pivoting around a fulcrum.,Basic,Class 9,General,Lever(variant B)
Physics,What is mechanical advantage?,Mechanical advantage is the ratio of output force to input force in a machine.,Intermediate,Class 9,NCERT,Mechanical advantage(variant B)
Physics,What is friction?,Friction is the force that opposes the relative motion between two surfaces in contact.,Basic,Class 9,NCERT,Friction(variant B)
Physics,What are types of friction?,Types of friction are static friction kinetic friction rolling friction and fluid friction.,Intermediate,Class 9,NCERT,Friction types(variant B)
Physics,What is inertia?,Inertia is the tendency of an object to resist changes in its state of rest or motion.,Basic,Class 9,NCERT,Inertia(variant B)
Physics,What is momentum?,Momentum is the product of mass and velocity of an object. p = mv.,Intermediate,Class 9,NCERT,Momentum(variant B)
Physics,What is impulse?,Impulse is the change in momentum of an object equal to force multiplied by time.,Intermediate,Class 11,NCERT,Impulse(variant B)
Physics,What is the law of conservation of momentum?,The total momentum of a system remains constant if no external force acts on it.,Intermediate,Class 9,NCERT,Momentum conservation(variant B)
Physics,What is projectile motion?,Projectile motion is the motion of an object thrown horizontally moving under gravity in a curved path.,Intermediate,Class 11,NCERT,Projectile motion(variant B)
Physics,What is circular motion?,Circular motion is the movement of an object along the circumference of a circle.,Intermediate,Class 11,NCERT,Circular motion(variant B)
Physics,What is centripetal force?,Centripetal force is the force directed towards the centre of a circle keeping an object in circular motion.,Intermediate,Class 11,NCERT,Centripetal force(variant B)
Physics,What is centrifugal force?,Centrifugal force is the apparent outward force felt by an object undergoing circular motion.,Intermediate,Class 11,NCERT,Centrifugal force(variant B)
Physics,What is a wave front?,A wave front is an imaginary surface joining all points of a wave that have the same phase.,Advanced,Class 12,NCERT,Wave front(variant B)
Physics,What is Snell's law?,Snell's law states that n1 sin(i) = n2 sin(r) where i and r are angles of incidence and refraction.,Intermediate,Class 10,NCERT,Snell's law(variant B)
Physics,What is the mirror formula?,1/f = 1/v + 1/u where f is focal length v is image distance and u is object distance.,Intermediate,Class 10,NCERT,Mirror formula(variant B)
Physics,What is the lens formula?,1/f = 1/v - 1/u where f is focal length v is image distance and u is object distance.,Intermediate,Class 10,NCERT,Lens formula(variant B)
Physics,What is magnification?,Magnification is the ratio of image size to object size.,Basic,Class 10,NCERT,Magnification(variant B)
Chemistry,What is the formula for calcium carbonate?,The formula for calcium carbonate is CaCO3.,Basic,Class 10,NCERT,CaCO3(variant B)
Chemistry,What is the formula for sodium hydroxide?,The formula for sodium hydroxide (caustic soda) is NaOH.,Basic,Class 10,NCERT,NaOH(variant B)
Chemistry,What is the formula for potassium permanganate?,The formula for potassium permanganate is KMnO4.,Intermediate,Class 10,NCERT,KMnO4(variant B)
Chemistry,What is the formula for copper sulphate?,The formula for copper sulphate is CuSO4.,Basic,Class 10,NCERT,CuSO4(variant B)
Chemistry,What is a double displacement reaction?,A reaction where ions of two compounds exchange places forming two new compounds.,Intermediate,Class 10,NCERT,Double displacement(variant B)
Chemistry,What is a precipitation reaction?,A reaction where two solutions combine to form an insoluble solid called a precipitate.,Intermediate,Class 10,NCERT,Precipitation(variant B)
Chemistry,What is the law of definite proportions?,A compound always contains exactly the same proportion of elements by mass.,Basic,Class 9,NCERT,Definite proportions(variant B)
Chemistry,What is an isomer?,Isomers are compounds with the same molecular formula but different structural arrangements.,Advanced,Class 11,NCERT,Isomers(variant B)
Chemistry,What is a functional group?,A functional group is a specific group of atoms in a molecule responsible for its characteristic reactions.,Intermediate,Class 12,NCERT,Functional group(variant B)
Chemistry,What is saponification?,Saponification is the process of making soap by reacting fats or oils with a strong base.,Intermediate,Class 10,NCERT,Saponification(variant B)
Biology,What is an enzyme?,An enzyme is a biological catalyst (protein) that speeds up chemical reactions in living organisms.,Intermediate,Class 11,NCERT,Enzyme(variant B)
Biology,What is ATP?,ATP (Adenosine Triphosphate) is the energy currency of the cell providing energy for cellular processes.,Intermediate,Class 11,NCERT,ATP(variant B)
Biology,What is the cell cycle?,The cell cycle is the series of events that take place in a cell leading to its division and duplication.,Advanced,Class 11,NCERT,Cell cycle(variant B)
Biology,What is apoptosis?,Apoptosis is programmed cell death a normal process that eliminates damaged or unnecessary cells.,Advanced,Class 12,General,Apoptosis(variant B)
Biology,What is a zygote?,A zygote is the cell formed by the fusion of a sperm and an egg during fertilization.,Basic,Class 10,NCERT,Zygote(variant B)
Biology,What is germination?,Germination is the process by which a seed sprouts and begins to grow into a plant.,Basic,Class 7,NCERT,Germination(variant B)
Biology,What is pollination?,Pollination is the transfer of pollen from the male part to the female part of a flower.,Basic,Class 10,NCERT,Pollination(variant B)
Biology,What is fertilization in plants?,Fertilization in plants is the fusion of the male gamete (pollen) with the female gamete (ovule).,Basic,Class 10,NCERT,Plant fertilization(variant B)
Biology,What is the function of roots?,Roots anchor the plant absorb water and minerals from soil and store food.,Basic,Class 7,NCERT,Roots function(variant B)
Biology,What is the function of leaves?,Leaves carry out photosynthesis transpiration and gas exchange.,Basic,Class 7,NCERT,Leaves function(variant B)
Biology,What is the xylem?,Xylem is the vascular tissue that transports water and dissolved minerals from roots to leaves.,Intermediate,Class 10,NCERT,Xylem(variant B)
Biology,What is the phloem?,Phloem is the vascular tissue that transports food (sugars) from leaves to other parts of the plant.,Intermediate,Class 10,NCERT,Phloem(variant B)
Biology,What are the five kingdoms of life?,The five kingdoms are Monera Protista Fungi Plantae and Animalia.,Basic,Class 9,NCERT,Five kingdoms(variant B)
Biology,What is taxonomy?,Taxonomy is the science of classifying and naming organisms.,Basic,Class 11,NCERT,Taxonomy(variant B)
Biology,Who is the father of taxonomy?,Carl Linnaeus is the father of modern taxonomy.,Basic,Class 11,General,Linnaeus(variant B)
Biology,What is binomial nomenclature?,Binomial nomenclature is the system of giving each organism a two-part scientific name (genus and species).,Intermediate,Class 11,NCERT,Binomial nomenclature(variant B)
Biology,What is the scientific name of humans?,The scientific name of humans is Homo sapiens.,Basic,Class 11,General,Human scientific name(variant B)
Biology,What is the scientific name of the house cat?,The scientific name of the house cat is Felis catus.,Basic,General,General,Cat scientific name(variant B)
Biology,What is symbiosis?,Symbiosis is a close and long-term interaction between two different species.,Intermediate,Class 12,NCERT,Symbiosis(variant B)
Biology,What is mutualism?,Mutualism is a symbiotic relationship where both species benefit.,Intermediate,Class 12,NCERT,Mutualism(variant B)
Biology,What is parasitism?,Parasitism is a relationship where one organism benefits at the expense of the other.,Basic,Class 12,NCERT,Parasitism(variant B)
Biology,What is commensalism?,Commensalism is a relationship where one organism benefits and the other is unaffected.,Intermediate,Class 12,NCERT,Commensalism(variant B)
Physics,What is Newton's first law of motion?,An object at rest stays at rest and an object in motion stays in motion unless acted upon by an external force.,Basic,Class 9,NCERT,Law of Inertia(variant C)
Physics,What is Newton's second law of motion?,Force equals mass times acceleration (F = ma).,Basic,Class 9,NCERT,F=ma(variant C)
Physics,What is Newton's third law of motion?,For every action there is an equal and opposite reaction.,Basic,Class 9,NCERT,Action-Reaction(variant C)
Physics,What is the speed of light?,The speed of light in vacuum is approximately 3 x 10^8 meters per second.,Basic,Class 10,NCERT,Speed of light(variant C)
Physics,What is the unit of force?,The unit of force is Newton (N).,Basic,Class 9,NCERT,Force unit(variant C)
Physics,What is the unit of pressure?,The unit of pressure is Pascal (Pa).,Basic,Class 9,NCERT,Pressure unit(variant C)
Physics,What is Ohm's law?,Voltage equals current times resistance (V = IR).,Basic,Class 10,NCERT,V=IR(variant C)
Physics,What is the unit of electric current?,The unit of electric current is Ampere (A).,Basic,Class 10,NCERT,Current unit(variant C)
Physics,What is the unit of resistance?,The unit of resistance is Ohm.,Basic,Class 10,NCERT,Resistance unit(variant C)
Physics,What is the unit of power?,The unit of power is Watt (W).,Basic,Class 10,NCERT,Power unit(variant C)
Physics,What is the unit of energy?,The unit of energy is Joule (J).,Basic,Class 9,NCERT,Energy unit(variant C)
Physics,What is kinetic energy?,Kinetic energy is the energy possessed by an object due to its motion. KE = 1/2 mv^2.,Intermediate,Class 9,NCERT,KE formula(variant C)
Physics,What is potential energy?,Potential energy is the energy stored in an object due to its position or state. PE = mgh.,Intermediate,Class 9,NCERT,PE formula(variant C)
Physics,What is the law of conservation of energy?,Energy can neither be created nor destroyed; it can only be converted from one form to another.,Basic,Class 9,NCERT,Energy conservation(variant C)
Physics,What is gravity?,Gravity is the force of attraction between two objects having mass. On Earth it is 9.8 m/s^2.,Basic,Class 9,NCERT,Gravity(variant C)
Physics,Who discovered gravity?,Sir Isaac Newton discovered gravity when he observed an apple falling from a tree.,Basic,Class 9,NCERT,Newton gravity(variant C)
Physics,What is the unit of frequency?,The unit of frequency is Hertz (Hz).,Basic,Class 10,NCERT,Frequency unit(variant C)
Physics,What is sound?,Sound is a form of energy that travels as a longitudinal wave through a medium.,Basic,Class 9,NCERT,Sound wave(variant C)
Physics,What is the speed of sound in air?,The speed of sound in air at room temperature is approximately 343 meters per second.,Intermediate,Class 9,NCERT,Sound speed(variant C)
Physics,What is reflection of light?,Reflection is the bouncing back of light when it hits a surface.,Basic,Class 10,NCERT,Light reflection(variant C)
Physics,What is refraction of light?,Refraction is the bending of light when it passes from one medium to another.,Basic,Class 10,NCERT,Light refraction(variant C)
Physics,What is a convex lens?,A convex lens is thicker in the middle and converges light rays to a focal point.,Basic,Class 10,NCERT,Convex lens(variant C)
Physics,What is a concave lens?,A concave lens is thinner in the middle and diverges light rays.,Basic,Class 10,NCERT,Concave lens(variant C)
Physics,What is total internal reflection?,When light hits a boundary at an angle greater than the critical angle it is completely reflected back.,Intermediate,Class 10,NCERT,TIR(variant C)
Physics,What is the electromagnetic spectrum?,It is the range of all types of electromagnetic radiation from gamma rays to radio waves.,Intermediate,Class 10,NCERT,EM spectrum(variant C)
Physics,What are the colours of the rainbow?,"Violet, Indigo, Blue, Green, Yellow, Orange, Red (VIBGYOR).",Basic,Class 10,NCERT,VIBGYOR(variant C)
Physics,What is the principle of a transformer?,A transformer works on the principle of electromagnetic induction.,Intermediate,Class 10,NCERT,Transformer(variant C)
Physics,What is the difference between AC and DC?,AC (alternating current) changes direction periodically while DC (direct current) flows in one direction.,Basic,Class 10,NCERT,AC DC(variant C)
Physics,What is nuclear fission?,Nuclear fission is the splitting of a heavy nucleus into smaller nuclei releasing large amounts of energy.,Advanced,Class 12,NCERT,Fission(variant C)
Physics,What is nuclear fusion?,Nuclear fusion is the combining of two light nuclei to form a heavier nucleus releasing energy.,Advanced,Class 12,NCERT,Fusion(variant C)
Physics,What is radioactivity?,Radioactivity is the spontaneous emission of radiation from the nucleus of an unstable atom.,Intermediate,Class 12,NCERT,Radioactivity(variant C)
Physics,What is half-life?,Half-life is the time required for half of the radioactive atoms in a sample to decay.,Intermediate,Class 12,NCERT,Half-life(variant C)
Physics,What is Archimedes principle?,A body immersed in a fluid experiences an upward buoyant force equal to the weight of fluid displaced.,Basic,Class 9,NCERT,Archimedes(variant C)
Physics,What is Pascal's law?,Pressure applied to a confined fluid is transmitted equally in all directions.,Intermediate,Class 10,NCERT,Pascal law(variant C)
Physics,What is Bernoulli's principle?,As the speed of a fluid increases its pressure decreases.,Advanced,Class 11,NCERT,Bernoulli(variant C)
Physics,What is the Doppler effect?,The change in frequency of a wave as the source and observer move relative to each other.,Intermediate,Class 11,NCERT,Doppler(variant C)
Physics,What is specific heat capacity?,The amount of heat required to raise the temperature of 1 kg of a substance by 1 degree Celsius.,Intermediate,Class 11,NCERT,Specific heat(variant C)
Physics,What is latent heat?,The heat absorbed or released by a substance during a phase change without change in temperature.,Intermediate,Class 11,NCERT,Latent heat(variant C)
Physics,What is simple harmonic motion?,A type of periodic motion where the restoring force is proportional to displacement.,Advanced,Class 11,NCERT,SHM(variant C)
Physics,What is resonance?,Resonance occurs when a system vibrates at its natural frequency due to an external periodic force.,Advanced,Class 11,NCERT,Resonance(variant C)
Physics,What is Boyle's law?,At constant temperature the pressure of a gas is inversely proportional to its volume.,Intermediate,Class 11,NCERT,Boyle's law(variant C)
Physics,What is Charles's law?,At constant pressure the volume of a gas is directly proportional to its absolute temperature.,Intermediate,Class 11,NCERT,Charles law(variant C)
Physics,What is the photoelectric effect?,The emission of electrons from a metal surface when light of sufficient frequency falls on it.,Advanced,Class 12,NCERT,Photoelectric(variant C)
Physics,Who proposed the photoelectric effect theory?,Albert Einstein explained the photoelectric effect using the concept of photons in 1905.,Advanced,Class 12,NCERT,Einstein photon(variant C)
Physics,What is a photon?,A photon is a particle of light carrying energy E = hf where h is Planck's constant and f is frequency.,Advanced,Class 12,NCERT,Photon(variant C)
Physics,What is Planck's constant?,Planck's constant h = 6.626 x 10^-34 Joule-seconds.,Advanced,Class 12,NCERT,Planck constant(variant C)
Physics,What is the work function?,The minimum energy required to remove an electron from the surface of a metal.,Advanced,Class 12,NCERT,Work function(variant C)
Physics,What is de Broglie wavelength?,Every moving particle has an associated wavelength given by lambda = h/mv.,Advanced,Class 12,NCERT,de Broglie(variant C)
Physics,What is Heisenberg uncertainty principle?,It is impossible to simultaneously know both the exact position and momentum of a particle.,Advanced,Class 12,NCERT,Uncertainty principle(variant C)
Physics,What is superconductivity?,The phenomenon where certain materials conduct electricity with zero resistance at very low temperatures.,Advanced,Class 12,General,Superconductivity(variant C)
Physics,What is the unit of magnetic field strength?,The unit of magnetic field strength is Tesla (T).,Intermediate,Class 12,NCERT,Magnetic field unit(variant C)
Physics,What is Fleming's left hand rule?,It gives the direction of force on a current-carrying conductor in a magnetic field.,Intermediate,Class 10,NCERT,Fleming left hand(variant C)
Physics,What is Fleming's right hand rule?,It gives the direction of induced current in a conductor moving in a magnetic field.,Intermediate,Class 10,NCERT,Fleming right hand(variant C)
Physics,What is Lenz's law?,The induced current always flows in a direction that opposes the change causing it.,Intermediate,Class 12,NCERT,Lenz law(variant C)
Physics,What is the SI unit of charge?,The SI unit of electric charge is Coulomb (C).,Basic,Class 10,NCERT,Charge unit(variant C)
Physics,What is Coulomb's law?,The force between two charges is proportional to the product of charges and inversely proportional to the square of distance.,Intermediate,Class 12,NCERT,Coulomb law(variant C)
Physics,What is an electric field?,Electric field is the region around a charged particle where another charge experiences a force.,Intermediate,Class 12,NCERT,Electric field(variant C)
Physics,What is capacitance?,Capacitance is the ability of a system to store electric charge. Unit is Farad.,Intermediate,Class 12,NCERT,Capacitance(variant C)
Physics,What is a semiconductor?,A semiconductor is a material whose conductivity lies between a conductor and an insulator.,Intermediate,Class 12,NCERT,Semiconductor(variant C)
Physics,What is a p-n junction?,A p-n junction is formed when p-type and n-type semiconductors are joined together.,Advanced,Class 12,NCERT,PN junction(variant C)
Physics,What is thermodynamics?,Thermodynamics is the branch of physics dealing with heat energy and its conversion to other forms.,Intermediate,Class 11,NCERT,Thermodynamics(variant C)
Physics,What is the first law of thermodynamics?,Energy cannot be created or destroyed; the total energy of an isolated system is constant.,Intermediate,Class 11,NCERT,First law thermo(variant C)
Physics,What is the second law of thermodynamics?,Heat flows naturally from a hot body to a cold body and not the other way around.,Intermediate,Class 11,NCERT,Second law thermo(variant C)
Physics,What is entropy?,Entropy is a measure of the disorder or randomness of a system.,Advanced,Class 11,NCERT,Entropy(variant C)
Physics,What is absolute zero?,Absolute zero is the lowest possible temperature: 0 Kelvin or -273.15 degrees Celsius.,Intermediate,Class 11,NCERT,Absolute zero(variant C)
Physics,What is the refractive index?,Refractive index is the ratio of the speed of light in vacuum to the speed of light in a medium.,Intermediate,Class 10,NCERT,Refractive index(variant C)
Physics,What is dispersion of light?,Dispersion is the splitting of white light into its component colours when it passes through a prism.,Basic,Class 10,NCERT,Light dispersion(variant C)
Physics,What is polarization of light?,Polarization is the restriction of vibration of light waves to a single plane.,Advanced,Class 12,NCERT,Polarization(variant C)
Physics,What is diffraction?,Diffraction is the bending of waves around obstacles or through openings.,Advanced,Class 12,NCERT,Diffraction(variant C)
Physics,What is interference?,Interference is the phenomenon where two waves superpose to form a resultant wave.,Advanced,Class 12,NCERT,Interference(variant C)
Physics,What is Young's double slit experiment?,An experiment demonstrating the wave nature of light through interference patterns.,Advanced,Class 12,NCERT,Young double slit(variant C)
Physics,What is the escape velocity of Earth?,The escape velocity of Earth is approximately 11.2 km/s.,Intermediate,Class 11,NCERT,Escape velocity(variant C)
Physics,What is orbital velocity?,Orbital velocity is the minimum velocity needed to keep a satellite in orbit around Earth.,Intermediate,Class 11,NCERT,Orbital velocity(variant C)
Physics,What is Kepler's first law?,Planets move in elliptical orbits with the Sun at one focus.,Intermediate,Class 11,NCERT,Kepler first(variant C)
Physics,What is Kepler's second law?,A planet sweeps equal areas in equal time intervals as it orbits the Sun.,Intermediate,Class 11,NCERT,Kepler second(variant C)
Physics,What is Kepler's third law?,The square of a planet's orbital period is proportional to the cube of its orbital radius.,Advanced,Class 11,NCERT,Kepler third(variant C)
Physics,What is moment of inertia?,Moment of inertia is the rotational equivalent of mass; it resists angular acceleration.,Advanced,Class 11,NCERT,Moment of inertia(variant C)
Physics,What is angular momentum?,Angular momentum is the product of moment of inertia and angular velocity.,Advanced,Class 11,NCERT,Angular momentum(variant C)
Physics,What is a wave?,A wave is a disturbance that transfers energy through a medium without transferring matter.,Basic,Class 9,NCERT,Wave(variant C)
Physics,What is wavelength?,Wavelength is the distance between two consecutive crests or troughs of a wave.,Basic,Class 9,NCERT,Wavelength(variant C)
Physics,What is amplitude?,Amplitude is the maximum displacement of a wave from its equilibrium position.,Basic,Class 9,NCERT,Amplitude(variant C)
Physics,What is the relationship between speed frequency and wavelength?,Speed equals frequency multiplied by wavelength (v = f x lambda).,Basic,Class 9,NCERT,Wave equation(variant C)
Physics,What is ultrasound?,Ultrasound refers to sound waves with frequency above 20000 Hz inaudible to humans.,Intermediate,Class 9,NCERT,Ultrasound(variant C)
Physics,What is infrasound?,Infrasound refers to sound waves with frequency below 20 Hz inaudible to humans.,Intermediate,Class 9,NCERT,Infrasound(variant C)
Physics,What is the audible range of human hearing?,Humans can hear sounds in the frequency range of 20 Hz to 20000 Hz.,Basic,Class 9,NCERT,Audible range(variant C)
Physics,What is a magnetic field?,A magnetic field is the region around a magnet where magnetic forces are experienced.,Basic,Class 10,NCERT,Magnetic field(variant C)
Physics,What is electromagnetic induction?,The production of an electric current in a conductor due to a changing magnetic field.,Intermediate,Class 10,NCERT,EM induction(variant C)
Physics,Who discovered electromagnetic induction?,Michael Faraday discovered electromagnetic induction in 1831.,Intermediate,Class 10,NCERT,Faraday(variant C)
Physics,What is a generator?,A generator converts mechanical energy into electrical energy using electromagnetic induction.,Basic,Class 10,NCERT,Generator(variant C)
Physics,What is a motor?,An electric motor converts electrical energy into mechanical energy.,Basic,Class 10,NCERT,Motor(variant C)
Physics,What is the greenhouse effect?,The trapping of heat in Earth's atmosphere by greenhouse gases like CO2 and methane.,Basic,Class 10,NCERT,Greenhouse effect(variant C)
Physics,What is global warming?,The gradual increase in Earth's average temperature due to increased greenhouse gas emissions.,Basic,Class 10,NCERT,Global warming(variant C)
Physics,What is ozone?,Ozone is a molecule made of three oxygen atoms (O3) that forms a protective layer in the stratosphere.,Basic,Class 10,NCERT,Ozone(variant C)
Physics,What causes depletion of the ozone layer?,Chlorofluorocarbons (CFCs) released from refrigerants and sprays destroy ozone molecules.,Intermediate,Class 10,NCERT,Ozone depletion(variant C)
Physics,What is renewable energy?,Energy from naturally replenishing sources like solar wind water and geothermal heat.,Basic,Class 10,NCERT,Renewable energy(variant C)
Physics,What is solar energy?,Energy obtained from the Sun's radiation; converted using solar panels (photovoltaic cells).,Basic,Class 10,NCERT,Solar energy(variant C)
Chemistry,What is the atomic number of hydrogen?,The atomic number of hydrogen is 1.,Basic,Class 9,NCERT,Hydrogen(variant C)
Chemistry,What is the atomic number of carbon?,The atomic number of carbon is 6.,Basic,Class 9,NCERT,Carbon(variant C)
Chemistry,What is the atomic number of oxygen?,The atomic number of oxygen is 8.,Basic,Class 9,NCERT,Oxygen(variant C)
Chemistry,What is the atomic number of nitrogen?,The atomic number of nitrogen is 7.,Basic,Class 9,NCERT,Nitrogen(variant C)
Chemistry,What is the atomic number of iron?,The atomic number of iron is 26.,Basic,Class 10,NCERT,Iron(variant C)
Chemistry,What is the atomic number of gold?,The atomic number of gold is 79.,Intermediate,Class 10,NCERT,Gold(variant C)
Chemistry,What is the atomic number of sodium?,The atomic number of sodium is 11.,Basic,Class 10,NCERT,Sodium(variant C)
Chemistry,What is the chemical formula of water?,The chemical formula of water is H2O.,Basic,Class 7,NCERT,Water formula(variant C)
Chemistry,What is the chemical formula of carbon dioxide?,The chemical formula of carbon dioxide is CO2.,Basic,Class 8,NCERT,CO2(variant C)
Chemistry,What is the chemical formula of table salt?,The chemical formula of table salt (sodium chloride) is NaCl.,Basic,Class 9,NCERT,NaCl(variant C)
Chemistry,What is the chemical formula of ammonia?,The chemical formula of ammonia is NH3.,Basic,Class 10,NCERT,Ammonia(variant C)
Chemistry,What is the chemical formula of sulphuric acid?,The chemical formula of sulphuric acid is H2SO4.,Basic,Class 10,NCERT,Sulphuric acid(variant C)
Chemistry,What is the chemical formula of hydrochloric acid?,The chemical formula of hydrochloric acid is HCl.,Basic,Class 10,NCERT,HCl(variant C)
Chemistry,What is the chemical formula of nitric acid?,The chemical formula of nitric acid is HNO3.,Basic,Class 10,NCERT,HNO3(variant C)
Chemistry,What is pH?,pH is a measure of the hydrogen ion concentration in a solution. pH 7 is neutral below 7 is acidic above 7 is basic.,Basic,Class 10,NCERT,pH scale(variant C)
Chemistry,What is an acid?,An acid is a substance that donates hydrogen ions (H+) in solution and has pH less than 7.,Basic,Class 10,NCERT,Acid(variant C)
Chemistry,What is a base?,A base is a substance that accepts hydrogen ions or donates hydroxide ions (OH-) with pH greater than 7.,Basic,Class 10,NCERT,Base(variant C)
Chemistry,What is a neutral solution?,A neutral solution has a pH of exactly 7 like pure water.,Basic,Class 10,NCERT,Neutral(variant C)
Chemistry,What is an indicator?,An indicator is a substance that changes colour to show whether a solution is acidic basic or neutral.,Basic,Class 10,NCERT,Indicator(variant C)
Chemistry,What is litmus?,Litmus is a natural indicator that turns red in acid and blue in base.,Basic,Class 10,NCERT,Litmus(variant C)
Chemistry,What is the periodic table?,The periodic table is an arrangement of elements in order of increasing atomic number showing recurring properties.,Basic,Class 10,NCERT,Periodic table(variant C)
Chemistry,Who created the modern periodic table?,Dmitri Mendeleev created the periodic table in 1869 arranging elements by atomic mass.,Basic,Class 10,NCERT,Mendeleev(variant C)
Chemistry,What are periods in the periodic table?,Periods are horizontal rows in the periodic table. There are 7 periods.,Basic,Class 10,NCERT,Periods(variant C)
Chemistry,What are groups in the periodic table?,Groups are vertical columns in the periodic table. There are 18 groups.,Basic,Class 10,NCERT,Groups(variant C)
Chemistry,What are alkali metals?,Alkali metals are Group 1 elements (Li Na K Rb Cs Fr) that are highly reactive soft metals.,Intermediate,Class 10,NCERT,Alkali metals(variant C)
Chemistry,What are halogens?,Halogens are Group 17 elements (F Cl Br I At) that are highly reactive nonmetals.,Intermediate,Class 10,NCERT,Halogens(variant C)
Chemistry,What are noble gases?,Noble gases are Group 18 elements (He Ne Ar Kr Xe Rn) that are chemically inert.,Basic,Class 10,NCERT,Noble gases(variant C)
Chemistry,What is valency?,Valency is the combining capacity of an element determined by the number of electrons it gains loses or shares.,Basic,Class 9,NCERT,Valency(variant C)
Chemistry,What is an ionic bond?,An ionic bond is formed by the transfer of electrons from one atom to another creating oppositely charged ions.,Intermediate,Class 10,NCERT,Ionic bond(variant C)
Chemistry,What is a covalent bond?,A covalent bond is formed by the sharing of electrons between two atoms.,Intermediate,Class 10,NCERT,Covalent bond(variant C)
Chemistry,What is oxidation?,Oxidation is the loss of electrons or the gain of oxygen by a substance.,Intermediate,Class 10,NCERT,Oxidation(variant C)
Chemistry,What is reduction?,Reduction is the gain of electrons or the loss of oxygen by a substance.,Intermediate,Class 10,NCERT,Reduction(variant C)
Chemistry,What is a redox reaction?,A redox reaction involves both oxidation and reduction occurring simultaneously.,Intermediate,Class 10,NCERT,Redox(variant C)
Chemistry,What is corrosion?,Corrosion is the gradual destruction of metals by chemical reaction with their environment like rusting of iron.,Basic,Class 10,NCERT,Corrosion(variant C)
Chemistry,What is the chemical formula for rust?,Rust is hydrated iron oxide with formula Fe2O3.xH2O.,Intermediate,Class 10,NCERT,Rust formula(variant C)
Chemistry,What is rancidity?,Rancidity is the deterioration of fats and oils due to oxidation causing bad smell and taste.,Basic,Class 10,NCERT,Rancidity(variant C)
Chemistry,What is a catalyst?,A catalyst is a substance that increases the rate of a chemical reaction without being consumed.,Intermediate,Class 10,NCERT,Catalyst(variant C)
Chemistry,What is an exothermic reaction?,An exothermic reaction releases heat energy to the surroundings.,Basic,Class 10,NCERT,Exothermic(variant C)
Chemistry,What is an endothermic reaction?,An endothermic reaction absorbs heat energy from the surroundings.,Basic,Class 10,NCERT,Endothermic(variant C)
Chemistry,What is the law of conservation of mass?,In a chemical reaction the total mass of reactants equals the total mass of products.,Basic,Class 9,NCERT,Conservation of mass(variant C)
Chemistry,What is Avogadro's number?,Avogadro's number is 6.022 x 10^23 the number of atoms or molecules in one mole of a substance.,Intermediate,Class 11,NCERT,Avogadro(variant C)
Chemistry,What is a mole?,A mole is the amount of substance containing 6.022 x 10^23 particles.,Intermediate,Class 11,NCERT,Mole(variant C)
Chemistry,What is molar mass?,Molar mass is the mass of one mole of a substance expressed in grams per mole.,Intermediate,Class 11,NCERT,Molar mass(variant C)
Chemistry,What is an atom?,An atom is the smallest unit of an element that retains the chemical properties of that element.,Basic,Class 9,NCERT,Atom(variant C)
Chemistry,What is a molecule?,A molecule is the smallest unit of a compound that retains the chemical properties of that compound.,Basic,Class 9,NCERT,Molecule(variant C)
Chemistry,What is an element?,An element is a pure substance made of only one type of atom that cannot be broken down further.,Basic,Class 9,NCERT,Element(variant C)
Chemistry,What is a compound?,A compound is a substance formed by the chemical combination of two or more elements in a fixed ratio.,Basic,Class 9,NCERT,Compound(variant C)
Chemistry,What is a mixture?,A mixture is a combination of two or more substances that are not chemically combined.,Basic,Class 9,NCERT,Mixture(variant C)
Chemistry,What is an alloy?,An alloy is a mixture of two or more metals or a metal and a nonmetal.,Basic,Class 10,NCERT,Alloy(variant C)
Chemistry,What is brass made of?,Brass is an alloy of copper and zinc.,Basic,Class 10,NCERT,Brass(variant C)
Chemistry,What is bronze made of?,Bronze is an alloy of copper and tin.,Basic,Class 10,NCERT,Bronze(variant C)
Chemistry,What is steel made of?,Steel is an alloy of iron and carbon.,Basic,Class 10,NCERT,Steel(variant C)
Chemistry,What is stainless steel?,Stainless steel is an alloy of iron carbon and chromium that resists corrosion.,Basic,Class 10,NCERT,Stainless steel(variant C)
Chemistry,What is electrolysis?,Electrolysis is the process of using electric current to drive a non-spontaneous chemical reaction.,Intermediate,Class 10,NCERT,Electrolysis(variant C)
Chemistry,What is an electrolyte?,An electrolyte is a substance that conducts electricity when dissolved in water or melted.,Intermediate,Class 10,NCERT,Electrolyte(variant C)
Chemistry,What is distillation?,Distillation is a method of separating mixtures based on differences in boiling points.,Basic,Class 9,NCERT,Distillation(variant C)
Chemistry,What is crystallization?,Crystallization is a method of obtaining pure solid from a solution by cooling it.,Basic,Class 9,NCERT,Crystallization(variant C)
Chemistry,What is chromatography?,Chromatography is a technique used to separate components of a mixture based on their different rates of movement.,Intermediate,Class 9,NCERT,Chromatography(variant C)
Chemistry,What is a physical change?,A physical change alters the form of a substance without changing its chemical composition.,Basic,Class 8,NCERT,Physical change(variant C)
Chemistry,What is a chemical change?,A chemical change produces new substances with different properties from the original.,Basic,Class 8,NCERT,Chemical change(variant C)
Chemistry,What is sublimation?,Sublimation is the direct conversion of a solid to a gas without passing through the liquid state.,Intermediate,Class 9,NCERT,Sublimation(variant C)
Chemistry,What is evaporation?,Evaporation is the conversion of a liquid into vapour at its surface below its boiling point.,Basic,Class 8,NCERT,Evaporation(variant C)
Chemistry,What is condensation?,Condensation is the conversion of vapour or gas into liquid.,Basic,Class 8,NCERT,Condensation(variant C)
Chemistry,What is a solution?,A solution is a homogeneous mixture of two or more substances.,Basic,Class 9,NCERT,Solution(variant C)
Chemistry,What is solute?,A solute is the substance that is dissolved in a solution.,Basic,Class 9,NCERT,Solute(variant C)
Chemistry,What is solvent?,A solvent is the substance in which the solute is dissolved.,Basic,Class 9,NCERT,Solvent(variant C)
Chemistry,What is solubility?,Solubility is the maximum amount of solute that can dissolve in a given amount of solvent at a given temperature.,Intermediate,Class 9,NCERT,Solubility(variant C)
Chemistry,What is a saturated solution?,A saturated solution contains the maximum amount of dissolved solute at a given temperature.,Intermediate,Class 9,NCERT,Saturated solution(variant C)
Chemistry,What is colloid?,A colloid is a mixture in which fine particles are dispersed in a medium but do not settle.,Intermediate,Class 9,NCERT,Colloid(variant C)
Chemistry,What is the Tyndall effect?,The scattering of light by colloidal particles making the beam of light visible.,Intermediate,Class 9,NCERT,Tyndall effect(variant C)
Chemistry,What is organic chemistry?,Organic chemistry is the study of carbon compounds especially hydrocarbons and their derivatives.,Intermediate,Class 10,NCERT,Organic chemistry(variant C)
Chemistry,What is a hydrocarbon?,A hydrocarbon is a compound containing only carbon and hydrogen atoms.,Intermediate,Class 10,NCERT,Hydrocarbon(variant C)
Chemistry,What is methane?,Methane (CH4) is the simplest hydrocarbon and the main component of natural gas.,Basic,Class 10,NCERT,Methane(variant C)
Chemistry,What is ethanol?,Ethanol (C2H5OH) is an alcohol used in beverages antiseptics and as fuel.,Intermediate,Class 10,NCERT,Ethanol(variant C)
Chemistry,What is the formula of glucose?,The chemical formula of glucose is C6H12O6.,Basic,Class 10,NCERT,Glucose(variant C)
Chemistry,What is soap?,Soap is a salt of a fatty acid made by the reaction of fats or oils with a strong base (saponification).,Basic,Class 10,NCERT,Soap(variant C)
Chemistry,What is detergent?,Detergent is a synthetic cleaning agent that works better than soap in hard water.,Basic,Class 10,NCERT,Detergent(variant C)
Chemistry,What is hard water?,Hard water contains dissolved calcium and magnesium salts that prevent soap from lathering.,Intermediate,Class 10,NCERT,Hard water(variant C)
Chemistry,What is heavy water?,Heavy water is water in which hydrogen is replaced by deuterium (D2O).,Advanced,Class 12,NCERT,Heavy water(variant C)
Chemistry,What is nuclear chemistry?,Nuclear chemistry deals with the study of radioactivity nuclear reactions and their applications.,Advanced,Class 12,NCERT,Nuclear chemistry(variant C)
Chemistry,What is polymer?,A polymer is a large molecule made of many repeating smaller units called monomers.,Intermediate,Class 12,NCERT,Polymer(variant C)
Chemistry,What is plastic?,Plastic is a synthetic polymer that can be moulded into shape and retains that shape.,Basic,Class 10,NCERT,Plastic(variant C)
Chemistry,What is nylon?,Nylon is a synthetic polymer used to make fibres ropes and fabrics.,Basic,Class 10,NCERT,Nylon(variant C)
Chemistry,What is bakelite?,Bakelite is a thermosetting plastic used in electrical fittings and radio cabinets.,Intermediate,Class 10,NCERT,Bakelite(variant C)
Chemistry,What is the Haber process?,The Haber process is the industrial method of making ammonia from nitrogen and hydrogen gases.,Intermediate,Class 11,NCERT,Haber process(variant C)
Chemistry,What is the contact process?,The contact process is the industrial method of making sulphuric acid.,Intermediate,Class 11,NCERT,Contact process(variant C)
Chemistry,What is the Solvay process?,The Solvay process is the industrial method of making sodium carbonate (washing soda).,Advanced,Class 11,NCERT,Solvay process(variant C)
Chemistry,What is baking soda?,Baking soda is sodium bicarbonate (NaHCO3) used in cooking and as an antacid.,Basic,Class 10,NCERT,Baking soda(variant C)
Chemistry,What is washing soda?,Washing soda is sodium carbonate (Na2CO3) used as a cleaning agent.,Basic,Class 10,NCERT,Washing soda(variant C)
Chemistry,What is bleaching powder?,Bleaching powder is calcium hypochlorite Ca(OCl)Cl used for disinfection and bleaching.,Intermediate,Class 10,NCERT,Bleaching powder(variant C)
Chemistry,What is plaster of Paris?,Plaster of Paris is calcium sulphate hemihydrate (CaSO4.1/2H2O) used in making casts.,Intermediate,Class 10,NCERT,Plaster of Paris(variant C)
Chemistry,What is the formula of plaster of Paris?,The formula of Plaster of Paris is CaSO4.1/2 H2O.,Intermediate,Class 10,NCERT,PoP formula(variant C)
Chemistry,What is marble?,Marble is calcium carbonate (CaCO3) a metamorphic rock used in construction and sculpture.,Basic,Class 10,NCERT,Marble(variant C)
Chemistry,What is limestone?,Limestone is calcium carbonate (CaCO3) used in making cement and glass.,Basic,Class 10,NCERT,Limestone(variant C)
Chemistry,What is cement made of?,Cement is made by heating limestone and clay then grinding with gypsum.,Intermediate,Class 10,General,Cement(variant C)
Chemistry,What is glass made of?,Glass is made by melting silica (sand) with sodium carbonate and calcium carbonate.,Basic,Class 10,General,Glass(variant C)
Chemistry,What is dry ice?,Dry ice is solid carbon dioxide (CO2) used as a refrigerant.,Intermediate,Class 11,General,Dry ice(variant C)
Chemistry,What is laughing gas?,Laughing gas is nitrous oxide (N2O) used as an anaesthetic.,Intermediate,Class 11,General,Laughing gas(variant C)
Chemistry,What is the formula of laughing gas?,The formula of laughing gas (nitrous oxide) is N2O.,Intermediate,Class 11,NCERT,N2O(variant C)
Chemistry,What is tear gas?,Tear gas is chloroacetophenone (CN) or CS gas used for riot control.,Advanced,Class 12,General,Tear gas(variant C)
Chemistry,What is LPG?,LPG (Liquefied Petroleum Gas) is mainly a mixture of propane and butane used as fuel.,Basic,Class 10,General,LPG(variant C)
Chemistry,What is CNG?,CNG (Compressed Natural Gas) is mainly methane used as a cleaner fuel for vehicles.,Basic,Class 10,General,CNG(variant C)
Chemistry,What is the main component of biogas?,The main component of biogas is methane (CH4) produced by decomposition of organic waste.,Basic,Class 10,NCERT,Biogas(variant C)
Chemistry,What is photosynthesis equation?,6CO2 + 6H2O + light energy → C6H12O6 + 6O2,Intermediate,Class 10,NCERT,Photosynthesis equation(variant C)
Biology,What is the basic unit of life?,The cell is the basic structural and functional unit of life.,Basic,Class 8,NCERT,Cell(variant C)
Biology,Who discovered the cell?,Robert Hooke discovered the cell in 1665 while observing cork under a microscope.,Basic,Class 8,NCERT,Robert Hooke(variant C)
Biology,What is the cell theory?,Cell theory states that all living things are made of cells cells are the basic unit of life and cells come from existing cells.,Basic,Class 8,NCERT,Cell theory(variant C)
Biology,What is a prokaryotic cell?,A prokaryotic cell lacks a membrane-bound nucleus and organelles e.g. bacteria.,Intermediate,Class 9,NCERT,Prokaryote(variant C)
Biology,What is a eukaryotic cell?,A eukaryotic cell has a membrane-bound nucleus and organelles e.g. plant and animal cells.,Intermediate,Class 9,NCERT,Eukaryote(variant C)
Biology,What is the nucleus of a cell?,The nucleus is the control centre of the cell containing DNA and controlling cell activities.,Basic,Class 8,NCERT,Nucleus(variant C)
Biology,What is the mitochondria?,Mitochondria are organelles that produce energy through cellular respiration; called the powerhouse of the cell.,Basic,Class 9,NCERT,Mitochondria(variant C)
Biology,What is the chloroplast?,Chloroplast is the organelle in plant cells where photosynthesis takes place; contains chlorophyll.,Basic,Class 9,NCERT,Chloroplast(variant C)
Biology,What is the cell membrane?,The cell membrane is a selectively permeable layer that controls what enters and exits the cell.,Basic,Class 8,NCERT,Cell membrane(variant C)
Biology,What is the cell wall?,The cell wall is a rigid outer layer found in plant fungal and bacterial cells providing support.,Basic,Class 8,NCERT,Cell wall(variant C)
Biology,What is the difference between plant and animal cell?,Plant cells have cell wall chloroplasts and large vacuole; animal cells have centrioles and small vacuoles.,Basic,Class 8,NCERT,Plant vs animal cell(variant C)
Biology,What is DNA?,DNA (Deoxyribonucleic acid) is the molecule that carries genetic information in living organisms.,Basic,Class 10,NCERT,DNA(variant C)
Biology,What is RNA?,RNA (Ribonucleic acid) is involved in protein synthesis and gene expression.,Intermediate,Class 12,NCERT,RNA(variant C)
Biology,What is a gene?,A gene is a segment of DNA that codes for a specific protein or trait.,Intermediate,Class 12,NCERT,Gene(variant C)
Biology,What is a chromosome?,A chromosome is a thread-like structure of DNA and protein that carries genetic information.,Intermediate,Class 10,NCERT,Chromosome(variant C)
Biology,How many chromosomes do humans have?,Humans have 46 chromosomes (23 pairs) in each body cell.,Basic,Class 10,NCERT,Human chromosomes(variant C)
Biology,What is mitosis?,Mitosis is a type of cell division that produces two genetically identical daughter cells.,Intermediate,Class 11,NCERT,Mitosis(variant C)
Biology,What is meiosis?,Meiosis is a type of cell division that produces four genetically different haploid cells (gametes).,Intermediate,Class 11,NCERT,Meiosis(variant C)
Biology,What is photosynthesis?,Photosynthesis is the process by which plants use sunlight CO2 and water to make glucose and oxygen.,Basic,Class 7,NCERT,Photosynthesis(variant C)
Biology,What is chlorophyll?,Chlorophyll is the green pigment in plants that absorbs sunlight for photosynthesis.,Basic,Class 7,NCERT,Chlorophyll(variant C)
Biology,What is respiration?,Respiration is the process of breaking down glucose to release energy in cells.,Basic,Class 10,NCERT,Respiration(variant C)
Biology,What is aerobic respiration?,Aerobic respiration uses oxygen to break down glucose producing CO2 water and energy.,Intermediate,Class 10,NCERT,Aerobic respiration(variant C)
Biology,What is anaerobic respiration?,Anaerobic respiration breaks down glucose without oxygen producing lactic acid or alcohol.,Intermediate,Class 10,NCERT,Anaerobic respiration(variant C)
Biology,What is the equation for aerobic respiration?,C6H12O6 + 6O2 → 6CO2 + 6H2O + Energy (ATP),Intermediate,Class 10,NCERT,Respiration equation(variant C)
Biology,What is osmosis?,Osmosis is the movement of water through a semi-permeable membrane from a region of high water concentration to low.,Intermediate,Class 9,NCERT,Osmosis(variant C)
Biology,What is diffusion?,Diffusion is the movement of particles from a region of high concentration to low concentration.,Basic,Class 9,NCERT,Diffusion(variant C)
Biology,What is transpiration?,Transpiration is the loss of water vapour from plant leaves through stomata.,Basic,Class 10,NCERT,Transpiration(variant C)
Biology,What are stomata?,Stomata are tiny pores on leaves that allow gas exchange and water vapour to escape.,Basic,Class 10,NCERT,Stomata(variant C)
Biology,What is the nervous system?,The nervous system controls and coordinates body activities using electrical signals.,Basic,Class 10,NCERT,Nervous system(variant C)
Biology,What is a neuron?,A neuron is the basic functional unit of the nervous system that transmits nerve impulses.,Basic,Class 10,NCERT,Neuron(variant C)
Biology,What is the function of the brain?,The brain controls all body functions processes information and is the centre of thought and memory.,Basic,Class 10,NCERT,Brain function(variant C)
Biology,What is the spinal cord?,The spinal cord is a bundle of nerves running through the spine that relays signals between brain and body.,Basic,Class 10,NCERT,Spinal cord(variant C)
Biology,What is a reflex action?,A reflex action is an automatic and rapid response to a stimulus that does not involve the brain.,Basic,Class 10,NCERT,Reflex action(variant C)
Biology,What is the endocrine system?,The endocrine system is a network of glands that produce and release hormones into the blood.,Intermediate,Class 10,NCERT,Endocrine system(variant C)
Biology,What is insulin?,Insulin is a hormone produced by the pancreas that regulates blood glucose levels.,Basic,Class 10,NCERT,Insulin(variant C)
Biology,What is adrenaline?,Adrenaline is a hormone produced by the adrenal glands in response to stress or danger.,Intermediate,Class 10,NCERT,Adrenaline(variant C)
Biology,What is the digestive system?,The digestive system breaks down food into nutrients that can be absorbed by the body.,Basic,Class 10,NCERT,Digestive system(variant C)
Biology,What is the function of the liver?,The liver produces bile detoxifies blood stores glycogen and performs many metabolic functions.,Intermediate,Class 10,NCERT,Liver(variant C)
Biology,What is the function of the kidney?,The kidney filters blood removes waste products and regulates water and electrolyte balance.,Basic,Class 10,NCERT,Kidney(variant C)
Biology,What is blood?,Blood is a fluid connective tissue that transports oxygen nutrients hormones and waste products.,Basic,Class 10,NCERT,Blood(variant C)
Biology,What are red blood cells?,Red blood cells (RBCs) contain haemoglobin and carry oxygen from lungs to body tissues.,Basic,Class 10,NCERT,RBC(variant C)
Biology,What are white blood cells?,White blood cells (WBCs) are part of the immune system and fight infection.,Basic,Class 10,NCERT,WBC(variant C)
Biology,What are platelets?,Platelets are cell fragments that help in blood clotting to stop bleeding.,Basic,Class 10,NCERT,Platelets(variant C)
Biology,What is haemoglobin?,Haemoglobin is the iron-containing protein in red blood cells that carries oxygen.,Basic,Class 10,NCERT,Haemoglobin(variant C)
Biology,What is the heart?,The heart is a muscular organ that pumps blood throughout the body.,Basic,Class 10,NCERT,Heart(variant C)
Biology,How many chambers does the human heart have?,The human heart has four chambers: right atrium right ventricle left atrium left ventricle.,Basic,Class 10,NCERT,Heart chambers(variant C)
Biology,What is blood pressure?,Blood pressure is the force exerted by blood on the walls of blood vessels.,Basic,Class 10,NCERT,Blood pressure(variant C)
Biology,What is the normal blood pressure?,Normal blood pressure is 120/80 mmHg (systolic/diastolic).,Basic,Class 10,General,Normal BP(variant C)
Biology,What is vaccination?,Vaccination introduces a weakened or dead pathogen to stimulate the immune system to produce antibodies.,Basic,Class 10,NCERT,Vaccination(variant C)
Biology,What is an antibiotic?,An antibiotic is a medicine that kills or inhibits the growth of bacteria.,Basic,Class 10,NCERT,Antibiotic(variant C)
Biology,Who discovered penicillin?,Alexander Fleming discovered penicillin in 1928.,Basic,Class 10,NCERT,Penicillin(variant C)
Biology,What is a virus?,A virus is a non-cellular infectious agent that replicates only inside a living host cell.,Basic,Class 10,NCERT,Virus(variant C)
Biology,What is a bacteria?,Bacteria are single-celled prokaryotic microorganisms that can be beneficial or harmful.,Basic,Class 9,NCERT,Bacteria(variant C)
Biology,What is fungi?,Fungi are eukaryotic organisms that include mushrooms moulds and yeasts that decompose organic matter.,Basic,Class 9,NCERT,Fungi(variant C)
Biology,What is an ecosystem?,An ecosystem is a community of living organisms interacting with each other and their non-living environment.,Basic,Class 10,NCERT,Ecosystem(variant C)
Biology,What is a food chain?,A food chain shows the sequence of who eats whom in an ecosystem transferring energy.,Basic,Class 10,NCERT,Food chain(variant C)
Biology,What is a food web?,A food web is an interconnected network of food chains in an ecosystem.,Basic,Class 10,NCERT,Food web(variant C)
Biology,What are producers in an ecosystem?,Producers are organisms (mainly plants) that make their own food through photosynthesis.,Basic,Class 10,NCERT,Producers(variant C)
Biology,What are consumers?,Consumers are organisms that cannot make their own food and eat other organisms.,Basic,Class 10,NCERT,Consumers(variant C)
Biology,What are decomposers?,Decomposers break down dead organic matter and recycle nutrients back into the ecosystem.,Basic,Class 10,NCERT,Decomposers(variant C)
Biology,What is biodiversity?,Biodiversity is the variety of life on Earth including all species ecosystems and genetic variation.,Basic,Class 10,NCERT,Biodiversity(variant C)
Biology,What is evolution?,Evolution is the gradual change in inherited characteristics of populations over many generations.,Intermediate,Class 12,NCERT,Evolution(variant C)
Biology,Who proposed the theory of evolution?,Charles Darwin proposed the theory of evolution by natural selection in 1859.,Basic,Class 12,NCERT,Darwin(variant C)
Biology,What is natural selection?,Natural selection is the process where organisms better adapted to their environment survive and reproduce more.,Intermediate,Class 12,NCERT,Natural selection(variant C)
Biology,What is heredity?,Heredity is the passing of traits from parents to offspring through genes.,Basic,Class 10,NCERT,Heredity(variant C)
Biology,Who is the father of genetics?,Gregor Mendel is the father of genetics.,Basic,Class 10,NCERT,Mendel genetics(variant C)
Biology,What is dominant trait?,A dominant trait is one that is expressed even when only one copy of the gene is present.,Intermediate,Class 10,NCERT,Dominant trait(variant C)
Biology,What is recessive trait?,A recessive trait is only expressed when two copies of the gene are present.,Intermediate,Class 10,NCERT,Recessive trait(variant C)
Biology,What is cloning?,Cloning is the process of producing genetically identical copies of an organism.,Intermediate,Class 12,NCERT,Cloning(variant C)
Biology,What is Dolly the sheep?,Dolly was the first mammal cloned from an adult somatic cell in 1996.,Intermediate,Class 12,General,Dolly sheep(variant C)
Biology,What is biotechnology?,Biotechnology is the use of biological systems and living organisms to develop products and technologies.,Intermediate,Class 12,NCERT,Biotechnology(variant C)
Biology,What is genetic engineering?,Genetic engineering is the direct manipulation of an organism's genes using biotechnology.,Advanced,Class 12,NCERT,Genetic engineering(variant C)
Biology,What are stem cells?,Stem cells are undifferentiated cells that can develop into many different types of cells.,Advanced,Class 12,General,Stem cells(variant C)
Biology,What is the human genome?,The human genome is the complete set of DNA including all genes in a human cell.,Advanced,Class 12,General,Human genome(variant C)
Biology,What is the Human Genome Project?,The Human Genome Project was an international effort to map all human genes completed in 2003.,Advanced,Class 12,General,HGP(variant C)
Biology,What is cancer?,Cancer is a disease where cells divide uncontrollably and may spread to other parts of the body.,Intermediate,Class 12,General,Cancer(variant C)
Biology,What is diabetes?,Diabetes is a condition where the body cannot regulate blood sugar due to insufficient insulin.,Basic,Class 10,General,Diabetes(variant C)
Biology,What is malaria?,Malaria is a disease caused by Plasmodium parasites transmitted through Anopheles mosquito bites.,Basic,Class 10,NCERT,Malaria(variant C)
Biology,What is tuberculosis?,Tuberculosis (TB) is a bacterial infection caused by Mycobacterium tuberculosis affecting the lungs.,Basic,Class 10,General,Tuberculosis(variant C)
Biology,What is AIDS?,AIDS is a disease caused by HIV virus that weakens the immune system.,Basic,Class 10,NCERT,AIDS(variant C)
Biology,What is dengue?,Dengue is a viral disease transmitted by Aedes mosquitoes causing high fever and joint pain.,Basic,Class 10,General,Dengue(variant C)
Biology,What is COVID-19?,COVID-19 is a disease caused by SARS-CoV-2 coronavirus causing respiratory illness.,Basic,General,General,COVID-19(variant C)
Biology,What is the largest organ of the human body?,The skin is the largest organ of the human body.,Basic,Class 8,General,Largest organ(variant C)
Biology,What is the largest internal organ?,The liver is the largest internal organ of the human body.,Basic,Class 10,General,Largest internal organ(variant C)
Biology,What is the smallest bone in the human body?,The stapes in the ear is the smallest bone in the human body.,Basic,General,General,Smallest bone(variant C)
Biology,What is the longest bone in the human body?,The femur (thigh bone) is the longest bone in the human body.,Basic,General,General,Longest bone(variant C)
Biology,How many bones does the adult human body have?,The adult human body has 206 bones.,Basic,Class 8,General,Human bones(variant C)
Biology,What is the function of the lungs?,The lungs exchange gases: absorbing oxygen from air and releasing carbon dioxide from blood.,Basic,Class 10,NCERT,Lungs(variant C)
Biology,What is the function of the stomach?,The stomach digests food by mixing it with gastric juices containing hydrochloric acid and enzymes.,Basic,Class 10,NCERT,Stomach(variant C)
Biology,What is the function of the small intestine?,The small intestine absorbs nutrients from digested food into the bloodstream.,Basic,Class 10,NCERT,Small intestine(variant C)
Biology,What is the function of the large intestine?,The large intestine absorbs water and electrolytes and eliminates waste as faeces.,Basic,Class 10,NCERT,Large intestine(variant C)
Earth Science,What is the atmosphere?,The atmosphere is the layer of gases surrounding Earth held by gravity.,Basic,Class 7,NCERT,Atmosphere(variant C)
Earth Science,What are the layers of the atmosphere?,Troposphere Stratosphere Mesosphere Thermosphere and Exosphere.,Intermediate,Class 7,NCERT,Atmosphere layers(variant C)
Earth Science,What is the ozone layer?,The ozone layer in the stratosphere absorbs harmful ultraviolet radiation from the Sun.,Basic,Class 10,NCERT,Ozone layer(variant C)
Earth Science,What is the water cycle?,The water cycle is the continuous movement of water through evaporation condensation precipitation and collection.,Basic,Class 7,NCERT,Water cycle(variant C)
Earth Science,What causes rainfall?,Rainfall occurs when water vapour in clouds condenses into droplets heavy enough to fall.,Basic,Class 7,NCERT,Rainfall(variant C)
Earth Science,What is an earthquake?,An earthquake is the shaking of Earth's surface caused by movement of tectonic plates.,Basic,Class 7,NCERT,Earthquake(variant C)
Earth Science,What causes earthquakes?,Earthquakes are caused by the movement and collision of tectonic plates along fault lines.,Basic,Class 7,NCERT,Earthquake cause(variant C)
Earth Science,What is the Richter scale?,The Richter scale measures the magnitude (energy released) of earthquakes.,Basic,Class 7,General,Richter scale(variant C)
Earth Science,What is a volcano?,A volcano is an opening in Earth's crust where molten rock gases and ash erupt.,Basic,Class 7,NCERT,Volcano(variant C)
Earth Science,What is a tsunami?,A tsunami is a series of large ocean waves caused by underwater earthquakes or volcanic eruptions.,Basic,Class 7,General,Tsunami(variant C)
Earth Science,What is the structure of the Earth?,Earth has four layers: crust mantle outer core and inner core.,Basic,Class 7,NCERT,Earth structure(variant C)
Earth Science,What is the crust of the Earth?,The crust is the outermost solid layer of Earth on which we live.,Basic,Class 7,NCERT,Earth crust(variant C)
Earth Science,What is the mantle?,The mantle is the thick layer of hot semi-solid rock between the crust and the core.,Basic,Class 7,NCERT,Earth mantle(variant C)
Earth Science,What is the core of the Earth?,The core is the innermost part of Earth made of iron and nickel.,Basic,Class 7,NCERT,Earth core(variant C)
Earth Science,What are tectonic plates?,Tectonic plates are large pieces of Earth's crust that move slowly on the mantle.,Intermediate,Class 7,NCERT,Tectonic plates(variant C)
Earth Science,What is weathering?,Weathering is the breaking down of rocks minerals and soils through contact with the environment.,Basic,Class 7,NCERT,Weathering(variant C)
Earth Science,What is erosion?,Erosion is the process by which wind water or ice moves weathered material from one place to another.,Basic,Class 7,NCERT,Erosion(variant C)
Earth Science,What is soil erosion?,Soil erosion is the wearing away of topsoil by wind water or human activities.,Basic,Class 7,NCERT,Soil erosion(variant C)
Earth Science,What is a fossil?,A fossil is the preserved remains or traces of a once-living organism found in rock.,Basic,Class 10,NCERT,Fossil(variant C)
Earth Science,What is the age of Earth?,Earth is approximately 4.5 billion years old.,Basic,Class 8,General,Earth age(variant C)
Earth Science,What is the Sun?,The Sun is a star at the centre of our solar system providing light and heat.,Basic,Class 6,NCERT,Sun(variant C)
Earth Science,How far is the Earth from the Sun?,Earth is approximately 150 million km (1 AU) from the Sun.,Basic,Class 8,General,Earth Sun distance(variant C)
Earth Science,What causes seasons?,Seasons are caused by the tilt of Earth's axis as it orbits the Sun.,Basic,Class 6,NCERT,Seasons(variant C)
Earth Science,What causes day and night?,Day and night are caused by Earth's rotation on its own axis.,Basic,Class 6,NCERT,Day night(variant C)
Earth Science,What is the Moon?,The Moon is Earth's natural satellite that orbits Earth once every 27.3 days.,Basic,Class 6,NCERT,Moon(variant C)
Earth Science,What causes tides?,Tides are caused by the gravitational pull of the Moon (and Sun) on Earth's oceans.,Intermediate,Class 8,NCERT,Tides(variant C)
Earth Science,What is a solar eclipse?,A solar eclipse occurs when the Moon comes between the Sun and Earth blocking sunlight.,Basic,Class 8,NCERT,Solar eclipse(variant C)
Earth Science,What is a lunar eclipse?,A lunar eclipse occurs when Earth comes between the Sun and Moon casting a shadow on the Moon.,Basic,Class 8,NCERT,Lunar eclipse(variant C)
Earth Science,What is the Milky Way?,The Milky Way is the galaxy containing our solar system with over 200 billion stars.,Basic,Class 8,General,Milky Way(variant C)
Earth Science,What is a black hole?,A black hole is a region in space with such strong gravity that nothing including light can escape.,Intermediate,Class 8,General,Black hole(variant C)
Earth Science,What is a star?,A star is a luminous ball of plasma held together by gravity undergoing nuclear fusion.,Basic,Class 8,General,Star(variant C)
Earth Science,What is a planet?,A planet is a celestial body orbiting a star that has cleared its orbital neighbourhood.,Basic,Class 8,NCERT,Planet(variant C)
Earth Science,How many planets are in our solar system?,There are 8 planets in our solar system: Mercury Venus Earth Mars Jupiter Saturn Uranus Neptune.,Basic,Class 8,NCERT,Planets(variant C)
Earth Science,What is the largest planet in our solar system?,Jupiter is the largest planet in our solar system.,Basic,Class 8,NCERT,Largest planet(variant C)
Earth Science,What is the smallest planet in our solar system?,Mercury is the smallest planet in our solar system.,Basic,Class 8,NCERT,Smallest planet(variant C)
Earth Science,What is the hottest planet in our solar system?,Venus is the hottest planet due to its thick CO2 atmosphere and greenhouse effect.,Basic,Class 8,General,Hottest planet(variant C)
Earth Science,What is the red planet?,Mars is called the red planet due to iron oxide (rust) on its surface.,Basic,Class 8,General,Red planet(variant C)
Earth Science,What is a comet?,A comet is a small icy body that orbits the Sun developing a tail of gas and dust when near the Sun.,Basic,Class 8,General,Comet(variant C)
Earth Science,What is an asteroid?,An asteroid is a rocky body orbiting the Sun mostly found in the asteroid belt between Mars and Jupiter.,Basic,Class 8,General,Asteroid(variant C)
Earth Science,What is a meteor?,A meteor is a space rock that enters Earth's atmosphere and burns up creating a streak of light.,Basic,Class 8,General,Meteor(variant C)
Earth Science,What is a meteorite?,A meteorite is a meteor that survives the atmosphere and hits Earth's surface.,Basic,Class 8,General,Meteorite(variant C)
Space Science,Who was the first human in space?,Yuri Gagarin of the Soviet Union was the first human in space on April 12 1961.,Basic,General,General,Yuri Gagarin(variant C)
Space Science,Who was the first man on the Moon?,Neil Armstrong was the first man to walk on the Moon on July 20 1969.,Basic,General,General,Moon landing(variant C)
Space Science,What is ISRO?,ISRO (Indian Space Research Organisation) is India's national space agency founded in 1969.,Basic,General,General,ISRO(variant C)
Space Science,What is Chandrayaan?,Chandrayaan is India's lunar exploration program. Chandrayaan-1 launched in 2008 discovered water on Moon.,Basic,General,General,Chandrayaan(variant C)
Space Science,What is Mangalyaan?,Mangalyaan (Mars Orbiter Mission) was India's first interplanetary mission launched in 2013.,Basic,General,General,Mangalyaan(variant C)
Space Science,What is a satellite?,A satellite is any object that orbits a planet. Artificial satellites are man-made and used for communication and observation.,Basic,Class 8,General,Satellite(variant C)
Space Science,What is the International Space Station?,The ISS is a habitable space station orbiting Earth at about 400 km altitude.,Basic,General,General,ISS(variant C)
Space Science,What is a light year?,A light year is the distance light travels in one year approximately 9.46 trillion kilometres.,Basic,Class 8,General,Light year(variant C)
Space Science,What is the nearest star to Earth?,Proxima Centauri is the nearest star to Earth at about 4.24 light years away.,Intermediate,General,General,Nearest star(variant C)
Space Science,What is the Big Bang theory?,The Big Bang theory states that the universe began as an extremely hot dense point about 13.8 billion years ago.,Intermediate,Class 12,General,Big Bang(variant C)
Space Science,What is dark matter?,Dark matter is an invisible form of matter that does not emit light but exerts gravitational effects.,Advanced,General,General,Dark matter(variant C)
Space Science,What is a nebula?,A nebula is a cloud of gas and dust in space often the birthplace of stars.,Intermediate,General,General,Nebula(variant C)
Space Science,What is a supernova?,A supernova is the explosive death of a massive star releasing enormous energy.,Intermediate,General,General,Supernova(variant C)
Space Science,What is the speed of light in km/s?,The speed of light is approximately 300000 km/s or 3 x 10^5 km/s.,Basic,Class 10,NCERT,Speed of light km/s(variant C)
Space Science,What is Aditya L1?,Aditya L1 is ISRO's solar observation spacecraft launched in 2023 to study the Sun.,Basic,General,General,Aditya L1(variant C)
Space Science,What is Gaganyaan?,Gaganyaan is India's first crewed spacecraft mission by ISRO aiming to send humans to space.,Basic,General,General,Gaganyaan(variant C)
Environment,What is pollution?,Pollution is the introduction of harmful substances into the environment.,Basic,Class 8,NCERT,Pollution(variant C)
Environment,What is air pollution?,Air pollution is the presence of harmful substances in the atmosphere.,Basic,Class 8,NCERT,Air pollution(variant C)
Environment,What is water pollution?,Water pollution is the contamination of water bodies with harmful substances.,Basic,Class 8,NCERT,Water pollution(variant C)
Environment,What is soil pollution?,Soil pollution is the degradation of land by harmful chemicals and waste.,Basic,Class 8,NCERT,Soil pollution(variant C)
Environment,What is noise pollution?,Noise pollution is excessive sound that disrupts the environment and causes harm.,Basic,Class 8,NCERT,Noise pollution(variant C)
Environment,What is deforestation?,Deforestation is the clearing of forests for agriculture urban development or logging.,Basic,Class 8,NCERT,Deforestation(variant C)
Environment,What is afforestation?,Afforestation is the planting of trees in areas where there were no previous forests.,Basic,Class 8,NCERT,Afforestation(variant C)
Environment,What is sustainable development?,Development that meets present needs without compromising the ability of future generations to meet their needs.,Intermediate,Class 10,NCERT,Sustainable development(variant C)
Environment,What is the carbon footprint?,Carbon footprint is the total greenhouse gas emissions caused by an individual organisation or product.,Intermediate,General,General,Carbon footprint(variant C)
Environment,What is acid rain?,Acid rain is precipitation made acidic by atmospheric pollution from sulphur and nitrogen oxides.,Intermediate,Class 10,NCERT,Acid rain(variant C)
Environment,What is eutrophication?,Eutrophication is excessive plant growth in water bodies due to nutrient pollution causing oxygen depletion.,Advanced,Class 12,NCERT,Eutrophication(variant C)
Environment,What is biomagnification?,Biomagnification is the increase in concentration of a toxic substance in organisms at higher trophic levels.,Advanced,Class 12,NCERT,Biomagnification(variant C)
Environment,What is composting?,Composting is the decomposition of organic waste into nutrient-rich fertiliser.,Basic,Class 8,General,Composting(variant C)
Environment,What are the 3Rs of waste management?,The 3Rs are Reduce Reuse and Recycle.,Basic,Class 8,NCERT,3Rs(variant C)
Environment,What is a national park?,A national park is a protected area conserved for wildlife and natural environment.,Basic,Class 10,NCERT,National park(variant C)
Environment,What is a biosphere reserve?,A biosphere reserve is a protected area designated to promote conservation of biodiversity.,Intermediate,Class 10,NCERT,Biosphere reserve(variant C)
Environment,What is the Paris Agreement?,The Paris Agreement is an international treaty to limit global warming to 1.5-2 degrees Celsius above pre-industrial levels.,Intermediate,General,General,Paris Agreement(variant C)
Environment,What is the Kyoto Protocol?,The Kyoto Protocol was an international agreement to reduce greenhouse gas emissions adopted in 1997.,Advanced,General,General,Kyoto Protocol(variant C)
Physics,What is work in physics?,Work is done when a force causes displacement. W = F x d x cos(theta).,Intermediate,Class 9,NCERT,Work formula(variant C)
Physics,What is power in physics?,Power is the rate of doing work. P = W/t measured in Watts.,Intermediate,Class 9,NCERT,Power formula(variant C)
Physics,What is efficiency?,Efficiency is the ratio of useful output energy to total input energy expressed as percentage.,Intermediate,Class 10,NCERT,Efficiency(variant C)
Physics,What is a lever?,A lever is a simple machine consisting of a rigid bar pivoting around a fulcrum.,Basic,Class 9,General,Lever(variant C)
Physics,What is mechanical advantage?,Mechanical advantage is the ratio of output force to input force in a machine.,Intermediate,Class 9,NCERT,Mechanical advantage(variant C)
Physics,What is friction?,Friction is the force that opposes the relative motion between two surfaces in contact.,Basic,Class 9,NCERT,Friction(variant C)
Physics,What are types of friction?,Types of friction are static friction kinetic friction rolling friction and fluid friction.,Intermediate,Class 9,NCERT,Friction types(variant C)
Physics,What is inertia?,Inertia is the tendency of an object to resist changes in its state of rest or motion.,Basic,Class 9,NCERT,Inertia(variant C)
Physics,What is momentum?,Momentum is the product of mass and velocity of an object. p = mv.,Intermediate,Class 9,NCERT,Momentum(variant C)
Physics,What is impulse?,Impulse is the change in momentum of an object equal to force multiplied by time.,Intermediate,Class 11,NCERT,Impulse(variant C)
Physics,What is the law of conservation of momentum?,The total momentum of a system remains constant if no external force acts on it.,Intermediate,Class 9,NCERT,Momentum conservation(variant C)
Physics,What is projectile motion?,Projectile motion is the motion of an object thrown horizontally moving under gravity in a curved path.,Intermediate,Class 11,NCERT,Projectile motion(variant C)
Physics,What is circular motion?,Circular motion is the movement of an object along the circumference of a circle.,Intermediate,Class 11,NCERT,Circular motion(variant C)
Physics,What is centripetal force?,Centripetal force is the force directed towards the centre of a circle keeping an object in circular motion.,Intermediate,Class 11,NCERT,Centripetal force(variant C)
Physics,What is centrifugal force?,Centrifugal force is the apparent outward force felt by an object undergoing circular motion.,Intermediate,Class 11,NCERT,Centrifugal force(variant C)
Physics,What is a wave front?,A wave front is an imaginary surface joining all points of a wave that have the same phase.,Advanced,Class 12,NCERT,Wave front(variant C)
Physics,What is Snell's law?,Snell's law states that n1 sin(i) = n2 sin(r) where i and r are angles of incidence and refraction.,Intermediate,Class 10,NCERT,Snell's law(variant C)
Physics,What is the mirror formula?,1/f = 1/v + 1/u where f is focal length v is image distance and u is object distance.,Intermediate,Class 10,NCERT,Mirror formula(variant C)
Physics,What is the lens formula?,1/f = 1/v - 1/u where f is focal length v is image distance and u is object distance.,Intermediate,Class 10,NCERT,Lens formula(variant C)
Physics,What is magnification?,Magnification is the ratio of image size to object size.,Basic,Class 10,NCERT,Magnification(variant C)
Chemistry,What is the formula for calcium carbonate?,The formula for calcium carbonate is CaCO3.,Basic,Class 10,NCERT,CaCO3(variant C)
Chemistry,What is the formula for sodium hydroxide?,The formula for sodium hydroxide (caustic soda) is NaOH.,Basic,Class 10,NCERT,NaOH(variant C)
Chemistry,What is the formula for potassium permanganate?,The formula for potassium permanganate is KMnO4.,Intermediate,Class 10,NCERT,KMnO4(variant C)
Chemistry,What is the formula for copper sulphate?,The formula for copper sulphate is CuSO4.,Basic,Class 10,NCERT,CuSO4(variant C)
Chemistry,What is a double displacement reaction?,A reaction where ions of two compounds exchange places forming two new compounds.,Intermediate,Class 10,NCERT,Double displacement(variant C)
Chemistry,What is a precipitation reaction?,A reaction where two solutions combine to form an insoluble solid called a precipitate.,Intermediate,Class 10,NCERT,Precipitation(variant C)
Chemistry,What is the law of definite proportions?,A compound always contains exactly the same proportion of elements by mass.,Basic,Class 9,NCERT,Definite proportions(variant C)
Chemistry,What is an isomer?,Isomers are compounds with the same molecular formula but different structural arrangements.,Advanced,Class 11,NCERT,Isomers(variant C)
Chemistry,What is a functional group?,A functional group is a specific group of atoms in a molecule responsible for its characteristic reactions.,Intermediate,Class 12,NCERT,Functional group(variant C)
Chemistry,What is saponification?,Saponification is the process of making soap by reacting fats or oils with a strong base.,Intermediate,Class 10,NCERT,Saponification(variant C)
Biology,What is an enzyme?,An enzyme is a biological catalyst (protein) that speeds up chemical reactions in living organisms.,Intermediate,Class 11,NCERT,Enzyme(variant C)
Biology,What is ATP?,ATP (Adenosine Triphosphate) is the energy currency of the cell providing energy for cellular processes.,Intermediate,Class 11,NCERT,ATP(variant C)
Biology,What is the cell cycle?,The cell cycle is the series of events that take place in a cell leading to its division and duplication.,Advanced,Class 11,NCERT,Cell cycle(variant C)
Biology,What is apoptosis?,Apoptosis is programmed cell death a normal process that eliminates damaged or unnecessary cells.,Advanced,Class 12,General,Apoptosis(variant C)
Biology,What is a zygote?,A zygote is the cell formed by the fusion of a sperm and an egg during fertilization.,Basic,Class 10,NCERT,Zygote(variant C)
Biology,What is germination?,Germination is the process by which a seed sprouts and begins to grow into a plant.,Basic,Class 7,NCERT,Germination(variant C)
Biology,What is pollination?,Pollination is the transfer of pollen from the male part to the female part of a flower.,Basic,Class 10,NCERT,Pollination(variant C)
Biology,What is fertilization in plants?,Fertilization in plants is the fusion of the male gamete (pollen) with the female gamete (ovule).,Basic,Class 10,NCERT,Plant fertilization(variant C)
Biology,What is the function of roots?,Roots anchor the plant absorb water and minerals from soil and store food.,Basic,Class 7,NCERT,Roots function(variant C)
Biology,What is the function of leaves?,Leaves carry out photosynthesis transpiration and gas exchange.,Basic,Class 7,NCERT,Leaves function(variant C)
Biology,What is the xylem?,Xylem is the vascular tissue that transports water and dissolved minerals from roots to leaves.,Intermediate,Class 10,NCERT,Xylem(variant C)
Biology,What is the phloem?,Phloem is the vascular tissue that transports food (sugars) from leaves to other parts of the plant.,Intermediate,Class 10,NCERT,Phloem(variant C)
Biology,What are the five kingdoms of life?,The five kingdoms are Monera Protista Fungi Plantae and Animalia.,Basic,Class 9,NCERT,Five kingdoms(variant C)
Biology,What is taxonomy?,Taxonomy is the science of classifying and naming organisms.,Basic,Class 11,NCERT,Taxonomy(variant C)
Biology,Who is the father of taxonomy?,Carl Linnaeus is the father of modern taxonomy.,Basic,Class 11,General,Linnaeus(variant C)
Biology,What is binomial nomenclature?,Binomial nomenclature is the system of giving each organism a two-part scientific name (genus and species).,Intermediate,Class 11,NCERT,Binomial nomenclature(variant C)
Biology,What is the scientific name of humans?,The scientific name of humans is Homo sapiens.,Basic,Class 11,General,Human scientific name(variant C)
Biology,What is the scientific name of the house cat?,The scientific name of the house cat is Felis catus.,Basic,General,General,Cat scientific name(variant C)
Biology,What is symbiosis?,Symbiosis is a close and long-term interaction between two different species.,Intermediate,Class 12,NCERT,Symbiosis(variant C)
Biology,What is mutualism?,Mutualism is a symbiotic relationship where both species benefit.,Intermediate,Class 12,NCERT,Mutualism(variant C)
Biology,What is parasitism?,Parasitism is a relationship where one organism benefits at the expense of the other.,Basic,Class 12,NCERT,Parasitism(variant C)
Biology,What is commensalism?,Commensalism is a relationship where one organism benefits and the other is unaffected.,Intermediate,Class 12,NCERT,Commensalism(variant C)
Physics,What is Newton's first law of motion?,An object at rest stays at rest and an object in motion stays in motion unless acted upon by an external force.,Basic,Class 9,NCERT,Law of Inertia(variant D)
Physics,What is Newton's second law of motion?,Force equals mass times acceleration (F = ma).,Basic,Class 9,NCERT,F=ma(variant D)
Physics,What is Newton's third law of motion?,For every action there is an equal and opposite reaction.,Basic,Class 9,NCERT,Action-Reaction(variant D)
Physics,What is the speed of light?,The speed of light in vacuum is approximately 3 x 10^8 meters per second.,Basic,Class 10,NCERT,Speed of light(variant D)
Physics,What is the unit of force?,The unit of force is Newton (N).,Basic,Class 9,NCERT,Force unit(variant D)
Physics,What is the unit of pressure?,The unit of pressure is Pascal (Pa).,Basic,Class 9,NCERT,Pressure unit(variant D)
Physics,What is Ohm's law?,Voltage equals current times resistance (V = IR).,Basic,Class 10,NCERT,V=IR(variant D)
Physics,What is the unit of electric current?,The unit of electric current is Ampere (A).,Basic,Class 10,NCERT,Current unit(variant D)
Physics,What is the unit of resistance?,The unit of resistance is Ohm.,Basic,Class 10,NCERT,Resistance unit(variant D)
Physics,What is the unit of power?,The unit of power is Watt (W).,Basic,Class 10,NCERT,Power unit(variant D)
Physics,What is the unit of energy?,The unit of energy is Joule (J).,Basic,Class 9,NCERT,Energy unit(variant D)
Physics,What is kinetic energy?,Kinetic energy is the energy possessed by an object due to its motion. KE = 1/2 mv^2.,Intermediate,Class 9,NCERT,KE formula(variant D)
Physics,What is potential energy?,Potential energy is the energy stored in an object due to its position or state. PE = mgh.,Intermediate,Class 9,NCERT,PE formula(variant D)
Physics,What is the law of conservation of energy?,Energy can neither be created nor destroyed; it can only be converted from one form to another.,Basic,Class 9,NCERT,Energy conservation(variant D)
Physics,What is gravity?,Gravity is the force of attraction between two objects having mass. On Earth it is 9.8 m/s^2.,Basic,Class 9,NCERT,Gravity(variant D)
Physics,Who discovered gravity?,Sir Isaac Newton discovered gravity when he observed an apple falling from a tree.,Basic,Class 9,NCERT,Newton gravity(variant D)
Physics,What is the unit of frequency?,The unit of frequency is Hertz (Hz).,Basic,Class 10,NCERT,Frequency unit(variant D)
Physics,What is sound?,Sound is a form of energy that travels as a longitudinal wave through a medium.,Basic,Class 9,NCERT,Sound wave(variant D)
Physics,What is the speed of sound in air?,The speed of sound in air at room temperature is approximately 343 meters per second.,Intermediate,Class 9,NCERT,Sound speed(variant D)
Physics,What is reflection of light?,Reflection is the bouncing back of light when it hits a surface.,Basic,Class 10,NCERT,Light reflection(variant D)
Physics,What is refraction of light?,Refraction is the bending of light when it passes from one medium to another.,Basic,Class 10,NCERT,Light refraction(variant D)
Physics,What is a convex lens?,A convex lens is thicker in the middle and converges light rays to a focal point.,Basic,Class 10,NCERT,Convex lens(variant D)
Physics,What is a concave lens?,A concave lens is thinner in the middle and diverges light rays.,Basic,Class 10,NCERT,Concave lens(variant D)
Physics,What is total internal reflection?,When light hits a boundary at an angle greater than the critical angle it is completely reflected back.,Intermediate,Class 10,NCERT,TIR(variant D)
Physics,What is the electromagnetic spectrum?,It is the range of all types of electromagnetic radiation from gamma rays to radio waves.,Intermediate,Class 10,NCERT,EM spectrum(variant D)
Physics,What are the colours of the rainbow?,"Violet, Indigo, Blue, Green, Yellow, Orange, Red (VIBGYOR).",Basic,Class 10,NCERT,VIBGYOR(variant D)
Physics,What is the principle of a transformer?,A transformer works on the principle of electromagnetic induction.,Intermediate,Class 10,NCERT,Transformer(variant D)
Physics,What is the difference between AC and DC?,AC (alternating current) changes direction periodically while DC (direct current) flows in one direction.,Basic,Class 10,NCERT,AC DC(variant D)
Physics,What is nuclear fission?,Nuclear fission is the splitting of a heavy nucleus into smaller nuclei releasing large amounts of energy.,Advanced,Class 12,NCERT,Fission(variant D)
Physics,What is nuclear fusion?,Nuclear fusion is the combining of two light nuclei to form a heavier nucleus releasing energy.,Advanced,Class 12,NCERT,Fusion(variant D)
Physics,What is radioactivity?,Radioactivity is the spontaneous emission of radiation from the nucleus of an unstable atom.,Intermediate,Class 12,NCERT,Radioactivity(variant D)
Physics,What is half-life?,Half-life is the time required for half of the radioactive atoms in a sample to decay.,Intermediate,Class 12,NCERT,Half-life(variant D)
Physics,What is Archimedes principle?,A body immersed in a fluid experiences an upward buoyant force equal to the weight of fluid displaced.,Basic,Class 9,NCERT,Archimedes(variant D)
Physics,What is Pascal's law?,Pressure applied to a confined fluid is transmitted equally in all directions.,Intermediate,Class 10,NCERT,Pascal law(variant D)
Physics,What is Bernoulli's principle?,As the speed of a fluid increases its pressure decreases.,Advanced,Class 11,NCERT,Bernoulli(variant D)
Physics,What is the Doppler effect?,The change in frequency of a wave as the source and observer move relative to each other.,Intermediate,Class 11,NCERT,Doppler(variant D)
Physics,What is specific heat capacity?,The amount of heat required to raise the temperature of 1 kg of a substance by 1 degree Celsius.,Intermediate,Class 11,NCERT,Specific heat(variant D)
Physics,What is latent heat?,The heat absorbed or released by a substance during a phase change without change in temperature.,Intermediate,Class 11,NCERT,Latent heat(variant D)
Physics,What is simple harmonic motion?,A type of periodic motion where the restoring force is proportional to displacement.,Advanced,Class 11,NCERT,SHM(variant D)
Physics,What is resonance?,Resonance occurs when a system vibrates at its natural frequency due to an external periodic force.,Advanced,Class 11,NCERT,Resonance(variant D)
Physics,What is Boyle's law?,At constant temperature the pressure of a gas is inversely proportional to its volume.,Intermediate,Class 11,NCERT,Boyle's law(variant D)
Physics,What is Charles's law?,At constant pressure the volume of a gas is directly proportional to its absolute temperature.,Intermediate,Class 11,NCERT,Charles law(variant D)
Physics,What is the photoelectric effect?,The emission of electrons from a metal surface when light of sufficient frequency falls on it.,Advanced,Class 12,NCERT,Photoelectric(variant D)
Physics,Who proposed the photoelectric effect theory?,Albert Einstein explained the photoelectric effect using the concept of photons in 1905.,Advanced,Class 12,NCERT,Einstein photon(variant D)
Physics,What is a photon?,A photon is a particle of light carrying energy E = hf where h is Planck's constant and f is frequency.,Advanced,Class 12,NCERT,Photon(variant D)
Physics,What is Planck's constant?,Planck's constant h = 6.626 x 10^-34 Joule-seconds.,Advanced,Class 12,NCERT,Planck constant(variant D)
Physics,What is the work function?,The minimum energy required to remove an electron from the surface of a metal.,Advanced,Class 12,NCERT,Work function(variant D)
Physics,What is de Broglie wavelength?,Every moving particle has an associated wavelength given by lambda = h/mv.,Advanced,Class 12,NCERT,de Broglie(variant D)
Physics,What is Heisenberg uncertainty principle?,It is impossible to simultaneously know both the exact position and momentum of a particle.,Advanced,Class 12,NCERT,Uncertainty principle(variant D)
Physics,What is superconductivity?,The phenomenon where certain materials conduct electricity with zero resistance at very low temperatures.,Advanced,Class 12,General,Superconductivity(variant D)
Physics,What is the unit of magnetic field strength?,The unit of magnetic field strength is Tesla (T).,Intermediate,Class 12,NCERT,Magnetic field unit(variant D)
Physics,What is Fleming's left hand rule?,It gives the direction of force on a current-carrying conductor in a magnetic field.,Intermediate,Class 10,NCERT,Fleming left hand(variant D)
Physics,What is Fleming's right hand rule?,It gives the direction of induced current in a conductor moving in a magnetic field.,Intermediate,Class 10,NCERT,Fleming right hand(variant D)
Physics,What is Lenz's law?,The induced current always flows in a direction that opposes the change causing it.,Intermediate,Class 12,NCERT,Lenz law(variant D)
Physics,What is the SI unit of charge?,The SI unit of electric charge is Coulomb (C).,Basic,Class 10,NCERT,Charge unit(variant D)
Physics,What is Coulomb's law?,The force between two charges is proportional to the product of charges and inversely proportional to the square of distance.,Intermediate,Class 12,NCERT,Coulomb law(variant D)
Physics,What is an electric field?,Electric field is the region around a charged particle where another charge experiences a force.,Intermediate,Class 12,NCERT,Electric field(variant D)
Physics,What is capacitance?,Capacitance is the ability of a system to store electric charge. Unit is Farad.,Intermediate,Class 12,NCERT,Capacitance(variant D)
Physics,What is a semiconductor?,A semiconductor is a material whose conductivity lies between a conductor and an insulator.,Intermediate,Class 12,NCERT,Semiconductor(variant D)
Physics,What is a p-n junction?,A p-n junction is formed when p-type and n-type semiconductors are joined together.,Advanced,Class 12,NCERT,PN junction(variant D)
Physics,What is thermodynamics?,Thermodynamics is the branch of physics dealing with heat energy and its conversion to other forms.,Intermediate,Class 11,NCERT,Thermodynamics(variant D)
Physics,What is the first law of thermodynamics?,Energy cannot be created or destroyed; the total energy of an isolated system is constant.,Intermediate,Class 11,NCERT,First law thermo(variant D)
Physics,What is the second law of thermodynamics?,Heat flows naturally from a hot body to a cold body and not the other way around.,Intermediate,Class 11,NCERT,Second law thermo(variant D)
Physics,What is entropy?,Entropy is a measure of the disorder or randomness of a system.,Advanced,Class 11,NCERT,Entropy(variant D)
Physics,What is absolute zero?,Absolute zero is the lowest possible temperature: 0 Kelvin or -273.15 degrees Celsius.,Intermediate,Class 11,NCERT,Absolute zero(variant D)
Physics,What is the refractive index?,Refractive index is the ratio of the speed of light in vacuum to the speed of light in a medium.,Intermediate,Class 10,NCERT,Refractive index(variant D)
Physics,What is dispersion of light?,Dispersion is the splitting of white light into its component colours when it passes through a prism.,Basic,Class 10,NCERT,Light dispersion(variant D)
Physics,What is polarization of light?,Polarization is the restriction of vibration of light waves to a single plane.,Advanced,Class 12,NCERT,Polarization(variant D)
Physics,What is diffraction?,Diffraction is the bending of waves around obstacles or through openings.,Advanced,Class 12,NCERT,Diffraction(variant D)
Physics,What is interference?,Interference is the phenomenon where two waves superpose to form a resultant wave.,Advanced,Class 12,NCERT,Interference(variant D)
Physics,What is Young's double slit experiment?,An experiment demonstrating the wave nature of light through interference patterns.,Advanced,Class 12,NCERT,Young double slit(variant D)
Physics,What is the escape velocity of Earth?,The escape velocity of Earth is approximately 11.2 km/s.,Intermediate,Class 11,NCERT,Escape velocity(variant D)
Physics,What is orbital velocity?,Orbital velocity is the minimum velocity needed to keep a satellite in orbit around Earth.,Intermediate,Class 11,NCERT,Orbital velocity(variant D)
Physics,What is Kepler's first law?,Planets move in elliptical orbits with the Sun at one focus.,Intermediate,Class 11,NCERT,Kepler first(variant D)
Physics,What is Kepler's second law?,A planet sweeps equal areas in equal time intervals as it orbits the Sun.,Intermediate,Class 11,NCERT,Kepler second(variant D)
Physics,What is Kepler's third law?,The square of a planet's orbital period is proportional to the cube of its orbital radius.,Advanced,Class 11,NCERT,Kepler third(variant D)
Physics,What is moment of inertia?,Moment of inertia is the rotational equivalent of mass; it resists angular acceleration.,Advanced,Class 11,NCERT,Moment of inertia(variant D)
Physics,What is angular momentum?,Angular momentum is the product of moment of inertia and angular velocity.,Advanced,Class 11,NCERT,Angular momentum(variant D)
Physics,What is a wave?,A wave is a disturbance that transfers energy through a medium without transferring matter.,Basic,Class 9,NCERT,Wave(variant D)
Physics,What is wavelength?,Wavelength is the distance between two consecutive crests or troughs of a wave.,Basic,Class 9,NCERT,Wavelength(variant D)
Physics,What is amplitude?,Amplitude is the maximum displacement of a wave from its equilibrium position.,Basic,Class 9,NCERT,Amplitude(variant D)
Physics,What is the relationship between speed frequency and wavelength?,Speed equals frequency multiplied by wavelength (v = f x lambda).,Basic,Class 9,NCERT,Wave equation(variant D)
Physics,What is ultrasound?,Ultrasound refers to sound waves with frequency above 20000 Hz inaudible to humans.,Intermediate,Class 9,NCERT,Ultrasound(variant D)
Physics,What is infrasound?,Infrasound refers to sound waves with frequency below 20 Hz inaudible to humans.,Intermediate,Class 9,NCERT,Infrasound(variant D)
Physics,What is the audible range of human hearing?,Humans can hear sounds in the frequency range of 20 Hz to 20000 Hz.,Basic,Class 9,NCERT,Audible range(variant D)
Physics,What is a magnetic field?,A magnetic field is the region around a magnet where magnetic forces are experienced.,Basic,Class 10,NCERT,Magnetic field(variant D)
Physics,What is electromagnetic induction?,The production of an electric current in a conductor due to a changing magnetic field.,Intermediate,Class 10,NCERT,EM induction(variant D)
Physics,Who discovered electromagnetic induction?,Michael Faraday discovered electromagnetic induction in 1831.,Intermediate,Class 10,NCERT,Faraday(variant D)
Physics,What is a generator?,A generator converts mechanical energy into electrical energy using electromagnetic induction.,Basic,Class 10,NCERT,Generator(variant D)
Physics,What is a motor?,An electric motor converts electrical energy into mechanical energy.,Basic,Class 10,NCERT,Motor(variant D)
Physics,What is the greenhouse effect?,The trapping of heat in Earth's atmosphere by greenhouse gases like CO2 and methane.,Basic,Class 10,NCERT,Greenhouse effect(variant D)
Physics,What is global warming?,The gradual increase in Earth's average temperature due to increased greenhouse gas emissions.,Basic,Class 10,NCERT,Global warming(variant D)
Physics,What is ozone?,Ozone is a molecule made of three oxygen atoms (O3) that forms a protective layer in the stratosphere.,Basic,Class 10,NCERT,Ozone(variant D)
Physics,What causes depletion of the ozone layer?,Chlorofluorocarbons (CFCs) released from refrigerants and sprays destroy ozone molecules.,Intermediate,Class 10,NCERT,Ozone depletion(variant D)
Physics,What is renewable energy?,Energy from naturally replenishing sources like solar wind water and geothermal heat.,Basic,Class 10,NCERT,Renewable energy(variant D)
Physics,What is solar energy?,Energy obtained from the Sun's radiation; converted using solar panels (photovoltaic cells).,Basic,Class 10,NCERT,Solar energy(variant D)
Chemistry,What is the atomic number of hydrogen?,The atomic number of hydrogen is 1.,Basic,Class 9,NCERT,Hydrogen(variant D)
Chemistry,What is the atomic number of carbon?,The atomic number of carbon is 6.,Basic,Class 9,NCERT,Carbon(variant D)
Chemistry,What is the atomic number of oxygen?,The atomic number of oxygen is 8.,Basic,Class 9,NCERT,Oxygen(variant D)
Chemistry,What is the atomic number of nitrogen?,The atomic number of nitrogen is 7.,Basic,Class 9,NCERT,Nitrogen(variant D)
Chemistry,What is the atomic number of iron?,The atomic number of iron is 26.,Basic,Class 10,NCERT,Iron(variant D)
Chemistry,What is the atomic number of gold?,The atomic number of gold is 79.,Intermediate,Class 10,NCERT,Gold(variant D)
Chemistry,What is the atomic number of sodium?,The atomic number of sodium is 11.,Basic,Class 10,NCERT,Sodium(variant D)
Chemistry,What is the chemical formula of water?,The chemical formula of water is H2O.,Basic,Class 7,NCERT,Water formula(variant D)
Chemistry,What is the chemical formula of carbon dioxide?,The chemical formula of carbon dioxide is CO2.,Basic,Class 8,NCERT,CO2(variant D)
Chemistry,What is the chemical formula of table salt?,The chemical formula of table salt (sodium chloride) is NaCl.,Basic,Class 9,NCERT,NaCl(variant D)
Chemistry,What is the chemical formula of ammonia?,The chemical formula of ammonia is NH3.,Basic,Class 10,NCERT,Ammonia(variant D)
Chemistry,What is the chemical formula of sulphuric acid?,The chemical formula of sulphuric acid is H2SO4.,Basic,Class 10,NCERT,Sulphuric acid(variant D)
Chemistry,What is the chemical formula of hydrochloric acid?,The chemical formula of hydrochloric acid is HCl.,Basic,Class 10,NCERT,HCl(variant D)
Chemistry,What is the chemical formula of nitric acid?,The chemical formula of nitric acid is HNO3.,Basic,Class 10,NCERT,HNO3(variant D)
Chemistry,What is pH?,pH is a measure of the hydrogen ion concentration in a solution. pH 7 is neutral below 7 is acidic above 7 is basic.,Basic,Class 10,NCERT,pH scale(variant D)
Chemistry,What is an acid?,An acid is a substance that donates hydrogen ions (H+) in solution and has pH less than 7.,Basic,Class 10,NCERT,Acid(variant D)
Chemistry,What is a base?,A base is a substance that accepts hydrogen ions or donates hydroxide ions (OH-) with pH greater than 7.,Basic,Class 10,NCERT,Base(variant D)
Chemistry,What is a neutral solution?,A neutral solution has a pH of exactly 7 like pure water.,Basic,Class 10,NCERT,Neutral(variant D)
Chemistry,What is an indicator?,An indicator is a substance that changes colour to show whether a solution is acidic basic or neutral.,Basic,Class 10,NCERT,Indicator(variant D)
Chemistry,What is litmus?,Litmus is a natural indicator that turns red in acid and blue in base.,Basic,Class 10,NCERT,Litmus(variant D)
Chemistry,What is the periodic table?,The periodic table is an arrangement of elements in order of increasing atomic number showing recurring properties.,Basic,Class 10,NCERT,Periodic table(variant D)
Chemistry,Who created the modern periodic table?,Dmitri Mendeleev created the periodic table in 1869 arranging elements by atomic mass.,Basic,Class 10,NCERT,Mendeleev(variant D)
Chemistry,What are periods in the periodic table?,Periods are horizontal rows in the periodic table. There are 7 periods.,Basic,Class 10,NCERT,Periods(variant D)
Chemistry,What are groups in the periodic table?,Groups are vertical columns in the periodic table. There are 18 groups.,Basic,Class 10,NCERT,Groups(variant D)
Chemistry,What are alkali metals?,Alkali metals are Group 1 elements (Li Na K Rb Cs Fr) that are highly reactive soft metals.,Intermediate,Class 10,NCERT,Alkali metals(variant D)
Chemistry,What are halogens?,Halogens are Group 17 elements (F Cl Br I At) that are highly reactive nonmetals.,Intermediate,Class 10,NCERT,Halogens(variant D)
Chemistry,What are noble gases?,Noble gases are Group 18 elements (He Ne Ar Kr Xe Rn) that are chemically inert.,Basic,Class 10,NCERT,Noble gases(variant D)
Chemistry,What is valency?,Valency is the combining capacity of an element determined by the number of electrons it gains loses or shares.,Basic,Class 9,NCERT,Valency(variant D)
Chemistry,What is an ionic bond?,An ionic bond is formed by the transfer of electrons from one atom to another creating oppositely charged ions.,Intermediate,Class 10,NCERT,Ionic bond(variant D)
Chemistry,What is a covalent bond?,A covalent bond is formed by the sharing of electrons between two atoms.,Intermediate,Class 10,NCERT,Covalent bond(variant D)
Chemistry,What is oxidation?,Oxidation is the loss of electrons or the gain of oxygen by a substance.,Intermediate,Class 10,NCERT,Oxidation(variant D)
Chemistry,What is reduction?,Reduction is the gain of electrons or the loss of oxygen by a substance.,Intermediate,Class 10,NCERT,Reduction(variant D)
Chemistry,What is a redox reaction?,A redox reaction involves both oxidation and reduction occurring simultaneously.,Intermediate,Class 10,NCERT,Redox(variant D)
Chemistry,What is corrosion?,Corrosion is the gradual destruction of metals by chemical reaction with their environment like rusting of iron.,Basic,Class 10,NCERT,Corrosion(variant D)
Chemistry,What is the chemical formula for rust?,Rust is hydrated iron oxide with formula Fe2O3.xH2O.,Intermediate,Class 10,NCERT,Rust formula(variant D)
Chemistry,What is rancidity?,Rancidity is the deterioration of fats and oils due to oxidation causing bad smell and taste.,Basic,Class 10,NCERT,Rancidity(variant D)
Chemistry,What is a catalyst?,A catalyst is a substance that increases the rate of a chemical reaction without being consumed.,Intermediate,Class 10,NCERT,Catalyst(variant D)
Chemistry,What is an exothermic reaction?,An exothermic reaction releases heat energy to the surroundings.,Basic,Class 10,NCERT,Exothermic(variant D)
Chemistry,What is an endothermic reaction?,An endothermic reaction absorbs heat energy from the surroundings.,Basic,Class 10,NCERT,Endothermic(variant D)
Chemistry,What is the law of conservation of mass?,In a chemical reaction the total mass of reactants equals the total mass of products.,Basic,Class 9,NCERT,Conservation of mass(variant D)
Chemistry,What is Avogadro's number?,Avogadro's number is 6.022 x 10^23 the number of atoms or molecules in one mole of a substance.,Intermediate,Class 11,NCERT,Avogadro(variant D)
Chemistry,What is a mole?,A mole is the amount of substance containing 6.022 x 10^23 particles.,Intermediate,Class 11,NCERT,Mole(variant D)
Chemistry,What is molar mass?,Molar mass is the mass of one mole of a substance expressed in grams per mole.,Intermediate,Class 11,NCERT,Molar mass(variant D)
Chemistry,What is an atom?,An atom is the smallest unit of an element that retains the chemical properties of that element.,Basic,Class 9,NCERT,Atom(variant D)
Chemistry,What is a molecule?,A molecule is the smallest unit of a compound that retains the chemical properties of that compound.,Basic,Class 9,NCERT,Molecule(variant D)
Chemistry,What is an element?,An element is a pure substance made of only one type of atom that cannot be broken down further.,Basic,Class 9,NCERT,Element(variant D)
Chemistry,What is a compound?,A compound is a substance formed by the chemical combination of two or more elements in a fixed ratio.,Basic,Class 9,NCERT,Compound(variant D)
Chemistry,What is a mixture?,A mixture is a combination of two or more substances that are not chemically combined.,Basic,Class 9,NCERT,Mixture(variant D)
Chemistry,What is an alloy?,An alloy is a mixture of two or more metals or a metal and a nonmetal.,Basic,Class 10,NCERT,Alloy(variant D)
Chemistry,What is brass made of?,Brass is an alloy of copper and zinc.,Basic,Class 10,NCERT,Brass(variant D)
Chemistry,What is bronze made of?,Bronze is an alloy of copper and tin.,Basic,Class 10,NCERT,Bronze(variant D)
Chemistry,What is steel made of?,Steel is an alloy of iron and carbon.,Basic,Class 10,NCERT,Steel(variant D)
Chemistry,What is stainless steel?,Stainless steel is an alloy of iron carbon and chromium that resists corrosion.,Basic,Class 10,NCERT,Stainless steel(variant D)
Chemistry,What is electrolysis?,Electrolysis is the process of using electric current to drive a non-spontaneous chemical reaction.,Intermediate,Class 10,NCERT,Electrolysis(variant D)
Chemistry,What is an electrolyte?,An electrolyte is a substance that conducts electricity when dissolved in water or melted.,Intermediate,Class 10,NCERT,Electrolyte(variant D)
Chemistry,What is distillation?,Distillation is a method of separating mixtures based on differences in boiling points.,Basic,Class 9,NCERT,Distillation(variant D)
Chemistry,What is crystallization?,Crystallization is a method of obtaining pure solid from a solution by cooling it.,Basic,Class 9,NCERT,Crystallization(variant D)
Chemistry,What is chromatography?,Chromatography is a technique used to separate components of a mixture based on their different rates of movement.,Intermediate,Class 9,NCERT,Chromatography(variant D)
Chemistry,What is a physical change?,A physical change alters the form of a substance without changing its chemical composition.,Basic,Class 8,NCERT,Physical change(variant D)
Chemistry,What is a chemical change?,A chemical change produces new substances with different properties from the original.,Basic,Class 8,NCERT,Chemical change(variant D)
Chemistry,What is sublimation?,Sublimation is the direct conversion of a solid to a gas without passing through the liquid state.,Intermediate,Class 9,NCERT,Sublimation(variant D)
Chemistry,What is evaporation?,Evaporation is the conversion of a liquid into vapour at its surface below its boiling point.,Basic,Class 8,NCERT,Evaporation(variant D)
Chemistry,What is condensation?,Condensation is the conversion of vapour or gas into liquid.,Basic,Class 8,NCERT,Condensation(variant D)
Chemistry,What is a solution?,A solution is a homogeneous mixture of two or more substances.,Basic,Class 9,NCERT,Solution(variant D)
Chemistry,What is solute?,A solute is the substance that is dissolved in a solution.,Basic,Class 9,NCERT,Solute(variant D)
Chemistry,What is solvent?,A solvent is the substance in which the solute is dissolved.,Basic,Class 9,NCERT,Solvent(variant D)
Chemistry,What is solubility?,Solubility is the maximum amount of solute that can dissolve in a given amount of solvent at a given temperature.,Intermediate,Class 9,NCERT,Solubility(variant D)
Chemistry,What is a saturated solution?,A saturated solution contains the maximum amount of dissolved solute at a given temperature.,Intermediate,Class 9,NCERT,Saturated solution(variant D)
Chemistry,What is colloid?,A colloid is a mixture in which fine particles are dispersed in a medium but do not settle.,Intermediate,Class 9,NCERT,Colloid(variant D)
Chemistry,What is the Tyndall effect?,The scattering of light by colloidal particles making the beam of light visible.,Intermediate,Class 9,NCERT,Tyndall effect(variant D)
Chemistry,What is organic chemistry?,Organic chemistry is the study of carbon compounds especially hydrocarbons and their derivatives.,Intermediate,Class 10,NCERT,Organic chemistry(variant D)
Chemistry,What is a hydrocarbon?,A hydrocarbon is a compound containing only carbon and hydrogen atoms.,Intermediate,Class 10,NCERT,Hydrocarbon(variant D)
Chemistry,What is methane?,Methane (CH4) is the simplest hydrocarbon and the main component of natural gas.,Basic,Class 10,NCERT,Methane(variant D)
Chemistry,What is ethanol?,Ethanol (C2H5OH) is an alcohol used in beverages antiseptics and as fuel.,Intermediate,Class 10,NCERT,Ethanol(variant D)
Chemistry,What is the formula of glucose?,The chemical formula of glucose is C6H12O6.,Basic,Class 10,NCERT,Glucose(variant D)
Chemistry,What is soap?,Soap is a salt of a fatty acid made by the reaction of fats or oils with a strong base (saponification).,Basic,Class 10,NCERT,Soap(variant D)
Chemistry,What is detergent?,Detergent is a synthetic cleaning agent that works better than soap in hard water.,Basic,Class 10,NCERT,Detergent(variant D)
Chemistry,What is hard water?,Hard water contains dissolved calcium and magnesium salts that prevent soap from lathering.,Intermediate,Class 10,NCERT,Hard water(variant D)
Chemistry,What is heavy water?,Heavy water is water in which hydrogen is replaced by deuterium (D2O).,Advanced,Class 12,NCERT,Heavy water(variant D)
Chemistry,What is nuclear chemistry?,Nuclear chemistry deals with the study of radioactivity nuclear reactions and their applications.,Advanced,Class 12,NCERT,Nuclear chemistry(variant D)
Chemistry,What is polymer?,A polymer is a large molecule made of many repeating smaller units called monomers.,Intermediate,Class 12,NCERT,Polymer(variant D)
Chemistry,What is plastic?,Plastic is a synthetic polymer that can be moulded into shape and retains that shape.,Basic,Class 10,NCERT,Plastic(variant D)
Chemistry,What is nylon?,Nylon is a synthetic polymer used to make fibres ropes and fabrics.,Basic,Class 10,NCERT,Nylon(variant D)
Chemistry,What is bakelite?,Bakelite is a thermosetting plastic used in electrical fittings and radio cabinets.,Intermediate,Class 10,NCERT,Bakelite(variant D)
Chemistry,What is the Haber process?,The Haber process is the industrial method of making ammonia from nitrogen and hydrogen gases.,Intermediate,Class 11,NCERT,Haber process(variant D)
Chemistry,What is the contact process?,The contact process is the industrial method of making sulphuric acid.,Intermediate,Class 11,NCERT,Contact process(variant D)
Chemistry,What is the Solvay process?,The Solvay process is the industrial method of making sodium carbonate (washing soda).,Advanced,Class 11,NCERT,Solvay process(variant D)
Chemistry,What is baking soda?,Baking soda is sodium bicarbonate (NaHCO3) used in cooking and as an antacid.,Basic,Class 10,NCERT,Baking soda(variant D)
Chemistry,What is washing soda?,Washing soda is sodium carbonate (Na2CO3) used as a cleaning agent.,Basic,Class 10,NCERT,Washing soda(variant D)
Chemistry,What is bleaching powder?,Bleaching powder is calcium hypochlorite Ca(OCl)Cl used for disinfection and bleaching.,Intermediate,Class 10,NCERT,Bleaching powder(variant D)
Chemistry,What is plaster of Paris?,Plaster of Paris is calcium sulphate hemihydrate (CaSO4.1/2H2O) used in making casts.,Intermediate,Class 10,NCERT,Plaster of Paris(variant D)
Chemistry,What is the formula of plaster of Paris?,The formula of Plaster of Paris is CaSO4.1/2 H2O.,Intermediate,Class 10,NCERT,PoP formula(variant D)
Chemistry,What is marble?,Marble is calcium carbonate (CaCO3) a metamorphic rock used in construction and sculpture.,Basic,Class 10,NCERT,Marble(variant D)
Chemistry,What is limestone?,Limestone is calcium carbonate (CaCO3) used in making cement and glass.,Basic,Class 10,NCERT,Limestone(variant D)
Chemistry,What is cement made of?,Cement is made by heating limestone and clay then grinding with gypsum.,Intermediate,Class 10,General,Cement(variant D)
Chemistry,What is glass made of?,Glass is made by melting silica (sand) with sodium carbonate and calcium carbonate.,Basic,Class 10,General,Glass(variant D)
Chemistry,What is dry ice?,Dry ice is solid carbon dioxide (CO2) used as a refrigerant.,Intermediate,Class 11,General,Dry ice(variant D)
Chemistry,What is laughing gas?,Laughing gas is nitrous oxide (N2O) used as an anaesthetic.,Intermediate,Class 11,General,Laughing gas(variant D)
Chemistry,What is the formula of laughing gas?,The formula of laughing gas (nitrous oxide) is N2O.,Intermediate,Class 11,NCERT,N2O(variant D)
Chemistry,What is tear gas?,Tear gas is chloroacetophenone (CN) or CS gas used for riot control.,Advanced,Class 12,General,Tear gas(variant D)
Chemistry,What is LPG?,LPG (Liquefied Petroleum Gas) is mainly a mixture of propane and butane used as fuel.,Basic,Class 10,General,LPG(variant D)
Chemistry,What is CNG?,CNG (Compressed Natural Gas) is mainly methane used as a cleaner fuel for vehicles.,Basic,Class 10,General,CNG(variant D)
Chemistry,What is the main component of biogas?,The main component of biogas is methane (CH4) produced by decomposition of organic waste.,Basic,Class 10,NCERT,Biogas(variant D)
Chemistry,What is photosynthesis equation?,6CO2 + 6H2O + light energy → C6H12O6 + 6O2,Intermediate,Class 10,NCERT,Photosynthesis equation(variant D)
Biology,What is the basic unit of life?,The cell is the basic structural and functional unit of life.,Basic,Class 8,NCERT,Cell(variant D)
Biology,Who discovered the cell?,Robert Hooke discovered the cell in 1665 while observing cork under a microscope.,Basic,Class 8,NCERT,Robert Hooke(variant D)
Biology,What is the cell theory?,Cell theory states that all living things are made of cells cells are the basic unit of life and cells come from existing cells.,Basic,Class 8,NCERT,Cell theory(variant D)
Biology,What is a prokaryotic cell?,A prokaryotic cell lacks a membrane-bound nucleus and organelles e.g. bacteria.,Intermediate,Class 9,NCERT,Prokaryote(variant D)
Biology,What is a eukaryotic cell?,A eukaryotic cell has a membrane-bound nucleus and organelles e.g. plant and animal cells.,Intermediate,Class 9,NCERT,Eukaryote(variant D)
Biology,What is the nucleus of a cell?,The nucleus is the control centre of the cell containing DNA and controlling cell activities.,Basic,Class 8,NCERT,Nucleus(variant D)
Biology,What is the mitochondria?,Mitochondria are organelles that produce energy through cellular respiration; called the powerhouse of the cell.,Basic,Class 9,NCERT,Mitochondria(variant D)
Biology,What is the chloroplast?,Chloroplast is the organelle in plant cells where photosynthesis takes place; contains chlorophyll.,Basic,Class 9,NCERT,Chloroplast(variant D)
Biology,What is the cell membrane?,The cell membrane is a selectively permeable layer that controls what enters and exits the cell.,Basic,Class 8,NCERT,Cell membrane(variant D)
Biology,What is the cell wall?,The cell wall is a rigid outer layer found in plant fungal and bacterial cells providing support.,Basic,Class 8,NCERT,Cell wall(variant D)
Biology,What is the difference between plant and animal cell?,Plant cells have cell wall chloroplasts and large vacuole; animal cells have centrioles and small vacuoles.,Basic,Class 8,NCERT,Plant vs animal cell(variant D)
Biology,What is DNA?,DNA (Deoxyribonucleic acid) is the molecule that carries genetic information in living organisms.,Basic,Class 10,NCERT,DNA(variant D)
Biology,What is RNA?,RNA (Ribonucleic acid) is involved in protein synthesis and gene expression.,Intermediate,Class 12,NCERT,RNA(variant D)
Biology,What is a gene?,A gene is a segment of DNA that codes for a specific protein or trait.,Intermediate,Class 12,NCERT,Gene(variant D)
Biology,What is a chromosome?,A chromosome is a thread-like structure of DNA and protein that carries genetic information.,Intermediate,Class 10,NCERT,Chromosome(variant D)
Biology,How many chromosomes do humans have?,Humans have 46 chromosomes (23 pairs) in each body cell.,Basic,Class 10,NCERT,Human chromosomes(variant D)
Biology,What is mitosis?,Mitosis is a type of cell division that produces two genetically identical daughter cells.,Intermediate,Class 11,NCERT,Mitosis(variant D)
Biology,What is meiosis?,Meiosis is a type of cell division that produces four genetically different haploid cells (gametes).,Intermediate,Class 11,NCERT,Meiosis(variant D)
Biology,What is photosynthesis?,Photosynthesis is the process by which plants use sunlight CO2 and water to make glucose and oxygen.,Basic,Class 7,NCERT,Photosynthesis(variant D)
Biology,What is chlorophyll?,Chlorophyll is the green pigment in plants that absorbs sunlight for photosynthesis.,Basic,Class 7,NCERT,Chlorophyll(variant D)
Biology,What is respiration?,Respiration is the process of breaking down glucose to release energy in cells.,Basic,Class 10,NCERT,Respiration(variant D)
Biology,What is aerobic respiration?,Aerobic respiration uses oxygen to break down glucose producing CO2 water and energy.,Intermediate,Class 10,NCERT,Aerobic respiration(variant D)
Biology,What is anaerobic respiration?,Anaerobic respiration breaks down glucose without oxygen producing lactic acid or alcohol.,Intermediate,Class 10,NCERT,Anaerobic respiration(variant D)
Biology,What is the equation for aerobic respiration?,C6H12O6 + 6O2 → 6CO2 + 6H2O + Energy (ATP),Intermediate,Class 10,NCERT,Respiration equation(variant D)
Biology,What is osmosis?,Osmosis is the movement of water through a semi-permeable membrane from a region of high water concentration to low.,Intermediate,Class 9,NCERT,Osmosis(variant D)
Biology,What is diffusion?,Diffusion is the movement of particles from a region of high concentration to low concentration.,Basic,Class 9,NCERT,Diffusion(variant D)
Biology,What is transpiration?,Transpiration is the loss of water vapour from plant leaves through stomata.,Basic,Class 10,NCERT,Transpiration(variant D)
Biology,What are stomata?,Stomata are tiny pores on leaves that allow gas exchange and water vapour to escape.,Basic,Class 10,NCERT,Stomata(variant D)
Biology,What is the nervous system?,The nervous system controls and coordinates body activities using electrical signals.,Basic,Class 10,NCERT,Nervous system(variant D)
Biology,What is a neuron?,A neuron is the basic functional unit of the nervous system that transmits nerve impulses.,Basic,Class 10,NCERT,Neuron(variant D)
Biology,What is the function of the brain?,The brain controls all body functions processes information and is the centre of thought and memory.,Basic,Class 10,NCERT,Brain function(variant D)
Biology,What is the spinal cord?,The spinal cord is a bundle of nerves running through the spine that relays signals between brain and body.,Basic,Class 10,NCERT,Spinal cord(variant D)
Biology,What is a reflex action?,A reflex action is an automatic and rapid response to a stimulus that does not involve the brain.,Basic,Class 10,NCERT,Reflex action(variant D)
Biology,What is the endocrine system?,The endocrine system is a network of glands that produce and release hormones into the blood.,Intermediate,Class 10,NCERT,Endocrine system(variant D)
Biology,What is insulin?,Insulin is a hormone produced by the pancreas that regulates blood glucose levels.,Basic,Class 10,NCERT,Insulin(variant D)
Biology,What is adrenaline?,Adrenaline is a hormone produced by the adrenal glands in response to stress or danger.,Intermediate,Class 10,NCERT,Adrenaline(variant D)
Biology,What is the digestive system?,The digestive system breaks down food into nutrients that can be absorbed by the body.,Basic,Class 10,NCERT,Digestive system(variant D)
Biology,What is the function of the liver?,The liver produces bile detoxifies blood stores glycogen and performs many metabolic functions.,Intermediate,Class 10,NCERT,Liver(variant D)
Biology,What is the function of the kidney?,The kidney filters blood removes waste products and regulates water and electrolyte balance.,Basic,Class 10,NCERT,Kidney(variant D)
Biology,What is blood?,Blood is a fluid connective tissue that transports oxygen nutrients hormones and waste products.,Basic,Class 10,NCERT,Blood(variant D)
Biology,What are red blood cells?,Red blood cells (RBCs) contain haemoglobin and carry oxygen from lungs to body tissues.,Basic,Class 10,NCERT,RBC(variant D)
Biology,What are white blood cells?,White blood cells (WBCs) are part of the immune system and fight infection.,Basic,Class 10,NCERT,WBC(variant D)
Biology,What are platelets?,Platelets are cell fragments that help in blood clotting to stop bleeding.,Basic,Class 10,NCERT,Platelets(variant D)
Biology,What is haemoglobin?,Haemoglobin is the iron-containing protein in red blood cells that carries oxygen.,Basic,Class 10,NCERT,Haemoglobin(variant D)
Biology,What is the heart?,The heart is a muscular organ that pumps blood throughout the body.,Basic,Class 10,NCERT,Heart(variant D)
Biology,How many chambers does the human heart have?,The human heart has four chambers: right atrium right ventricle left atrium left ventricle.,Basic,Class 10,NCERT,Heart chambers(variant D)
Biology,What is blood pressure?,Blood pressure is the force exerted by blood on the walls of blood vessels.,Basic,Class 10,NCERT,Blood pressure(variant D)
Biology,What is the normal blood pressure?,Normal blood pressure is 120/80 mmHg (systolic/diastolic).,Basic,Class 10,General,Normal BP(variant D)
Biology,What is vaccination?,Vaccination introduces a weakened or dead pathogen to stimulate the immune system to produce antibodies.,Basic,Class 10,NCERT,Vaccination(variant D)
Biology,What is an antibiotic?,An antibiotic is a medicine that kills or inhibits the growth of bacteria.,Basic,Class 10,NCERT,Antibiotic(variant D)
Biology,Who discovered penicillin?,Alexander Fleming discovered penicillin in 1928.,Basic,Class 10,NCERT,Penicillin(variant D)
Biology,What is a virus?,A virus is a non-cellular infectious agent that replicates only inside a living host cell.,Basic,Class 10,NCERT,Virus(variant D)
Biology,What is a bacteria?,Bacteria are single-celled prokaryotic microorganisms that can be beneficial or harmful.,Basic,Class 9,NCERT,Bacteria(variant D)
Biology,What is fungi?,Fungi are eukaryotic organisms that include mushrooms moulds and yeasts that decompose organic matter.,Basic,Class 9,NCERT,Fungi(variant D)
Biology,What is an ecosystem?,An ecosystem is a community of living organisms interacting with each other and their non-living environment.,Basic,Class 10,NCERT,Ecosystem(variant D)
Biology,What is a food chain?,A food chain shows the sequence of who eats whom in an ecosystem transferring energy.,Basic,Class 10,NCERT,Food chain(variant D)
Biology,What is a food web?,A food web is an interconnected network of food chains in an ecosystem.,Basic,Class 10,NCERT,Food web(variant D)
Biology,What are producers in an ecosystem?,Producers are organisms (mainly plants) that make their own food through photosynthesis.,Basic,Class 10,NCERT,Producers(variant D)
Biology,What are consumers?,Consumers are organisms that cannot make their own food and eat other organisms.,Basic,Class 10,NCERT,Consumers(variant D)
Biology,What are decomposers?,Decomposers break down dead organic matter and recycle nutrients back into the ecosystem.,Basic,Class 10,NCERT,Decomposers(variant D)
Biology,What is biodiversity?,Biodiversity is the variety of life on Earth including all species ecosystems and genetic variation.,Basic,Class 10,NCERT,Biodiversity(variant D)
Biology,What is evolution?,Evolution is the gradual change in inherited characteristics of populations over many generations.,Intermediate,Class 12,NCERT,Evolution(variant D)
Biology,Who proposed the theory of evolution?,Charles Darwin proposed the theory of evolution by natural selection in 1859.,Basic,Class 12,NCERT,Darwin(variant D)
Biology,What is natural selection?,Natural selection is the process where organisms better adapted to their environment survive and reproduce more.,Intermediate,Class 12,NCERT,Natural selection(variant D)
Biology,What is heredity?,Heredity is the passing of traits from parents to offspring through genes.,Basic,Class 10,NCERT,Heredity(variant D)
Biology,Who is the father of genetics?,Gregor Mendel is the father of genetics.,Basic,Class 10,NCERT,Mendel genetics(variant D)
Biology,What is dominant trait?,A dominant trait is one that is expressed even when only one copy of the gene is present.,Intermediate,Class 10,NCERT,Dominant trait(variant D)
Biology,What is recessive trait?,A recessive trait is only expressed when two copies of the gene are present.,Intermediate,Class 10,NCERT,Recessive trait(variant D)
Biology,What is cloning?,Cloning is the process of producing genetically identical copies of an organism.,Intermediate,Class 12,NCERT,Cloning(variant D)
Biology,What is Dolly the sheep?,Dolly was the first mammal cloned from an adult somatic cell in 1996.,Intermediate,Class 12,General,Dolly sheep(variant D)
Biology,What is biotechnology?,Biotechnology is the use of biological systems and living organisms to develop products and technologies.,Intermediate,Class 12,NCERT,Biotechnology(variant D)
Biology,What is genetic engineering?,Genetic engineering is the direct manipulation of an organism's genes using biotechnology.,Advanced,Class 12,NCERT,Genetic engineering(variant D)
Biology,What are stem cells?,Stem cells are undifferentiated cells that can develop into many different types of cells.,Advanced,Class 12,General,Stem cells(variant D)
Biology,What is the human genome?,The human genome is the complete set of DNA including all genes in a human cell.,Advanced,Class 12,General,Human genome(variant D)
Biology,What is the Human Genome Project?,The Human Genome Project was an international effort to map all human genes completed in 2003.,Advanced,Class 12,General,HGP(variant D)
Biology,What is cancer?,Cancer is a disease where cells divide uncontrollably and may spread to other parts of the body.,Intermediate,Class 12,General,Cancer(variant D)
Biology,What is diabetes?,Diabetes is a condition where the body cannot regulate blood sugar due to insufficient insulin.,Basic,Class 10,General,Diabetes(variant D)
Biology,What is malaria?,Malaria is a disease caused by Plasmodium parasites transmitted through Anopheles mosquito bites.,Basic,Class 10,NCERT,Malaria(variant D)
Biology,What is tuberculosis?,Tuberculosis (TB) is a bacterial infection caused by Mycobacterium tuberculosis affecting the lungs.,Basic,Class 10,General,Tuberculosis(variant D)
Biology,What is AIDS?,AIDS is a disease caused by HIV virus that weakens the immune system.,Basic,Class 10,NCERT,AIDS(variant D)
Biology,What is dengue?,Dengue is a viral disease transmitted by Aedes mosquitoes causing high fever and joint pain.,Basic,Class 10,General,Dengue(variant D)
Biology,What is COVID-19?,COVID-19 is a disease caused by SARS-CoV-2 coronavirus causing respiratory illness.,Basic,General,General,COVID-19(variant D)
Biology,What is the largest organ of the human body?,The skin is the largest organ of the human body.,Basic,Class 8,General,Largest organ(variant D)
Biology,What is the largest internal organ?,The liver is the largest internal organ of the human body.,Basic,Class 10,General,Largest internal organ(variant D)
Biology,What is the smallest bone in the human body?,The stapes in the ear is the smallest bone in the human body.,Basic,General,General,Smallest bone(variant D)
Biology,What is the longest bone in the human body?,The femur (thigh bone) is the longest bone in the human body.,Basic,General,General,Longest bone(variant D)
Biology,How many bones does the adult human body have?,The adult human body has 206 bones.,Basic,Class 8,General,Human bones(variant D)
Biology,What is the function of the lungs?,The lungs exchange gases: absorbing oxygen from air and releasing carbon dioxide from blood.,Basic,Class 10,NCERT,Lungs(variant D)
Biology,What is the function of the stomach?,The stomach digests food by mixing it with gastric juices containing hydrochloric acid and enzymes.,Basic,Class 10,NCERT,Stomach(variant D)
Biology,What is the function of the small intestine?,The small intestine absorbs nutrients from digested food into the bloodstream.,Basic,Class 10,NCERT,Small intestine(variant D)
Biology,What is the function of the large intestine?,The large intestine absorbs water and electrolytes and eliminates waste as faeces.,Basic,Class 10,NCERT,Large intestine(variant D)
Earth Science,What is the atmosphere?,The atmosphere is the layer of gases surrounding Earth held by gravity.,Basic,Class 7,NCERT,Atmosphere(variant D)
Earth Science,What are the layers of the atmosphere?,Troposphere Stratosphere Mesosphere Thermosphere and Exosphere.,Intermediate,Class 7,NCERT,Atmosphere layers(variant D)
Earth Science,What is the ozone layer?,The ozone layer in the stratosphere absorbs harmful ultraviolet radiation from the Sun.,Basic,Class 10,NCERT,Ozone layer(variant D)
Earth Science,What is the water cycle?,The water cycle is the continuous movement of water through evaporation condensation precipitation and collection.,Basic,Class 7,NCERT,Water cycle(variant D)
Earth Science,What causes rainfall?,Rainfall occurs when water vapour in clouds condenses into droplets heavy enough to fall.,Basic,Class 7,NCERT,Rainfall(variant D)
Earth Science,What is an earthquake?,An earthquake is the shaking of Earth's surface caused by movement of tectonic plates.,Basic,Class 7,NCERT,Earthquake(variant D)
Earth Science,What causes earthquakes?,Earthquakes are caused by the movement and collision of tectonic plates along fault lines.,Basic,Class 7,NCERT,Earthquake cause(variant D)
Earth Science,What is the Richter scale?,The Richter scale measures the magnitude (energy released) of earthquakes.,Basic,Class 7,General,Richter scale(variant D)
Earth Science,What is a volcano?,A volcano is an opening in Earth's crust where molten rock gases and ash erupt.,Basic,Class 7,NCERT,Volcano(variant D)
Earth Science,What is a tsunami?,A tsunami is a series of large ocean waves caused by underwater earthquakes or volcanic eruptions.,Basic,Class 7,General,Tsunami(variant D)
Earth Science,What is the structure of the Earth?,Earth has four layers: crust mantle outer core and inner core.,Basic,Class 7,NCERT,Earth structure(variant D)
Earth Science,What is the crust of the Earth?,The crust is the outermost solid layer of Earth on which we live.,Basic,Class 7,NCERT,Earth crust(variant D)
Earth Science,What is the mantle?,The mantle is the thick layer of hot semi-solid rock between the crust and the core.,Basic,Class 7,NCERT,Earth mantle(variant D)
Earth Science,What is the core of the Earth?,The core is the innermost part of Earth made of iron and nickel.,Basic,Class 7,NCERT,Earth core(variant D)
Earth Science,What are tectonic plates?,Tectonic plates are large pieces of Earth's crust that move slowly on the mantle.,Intermediate,Class 7,NCERT,Tectonic plates(variant D)
Earth Science,What is weathering?,Weathering is the breaking down of rocks minerals and soils through contact with the environment.,Basic,Class 7,NCERT,Weathering(variant D)
Earth Science,What is erosion?,Erosion is the process by which wind water or ice moves weathered material from one place to another.,Basic,Class 7,NCERT,Erosion(variant D)
Earth Science,What is soil erosion?,Soil erosion is the wearing away of topsoil by wind water or human activities.,Basic,Class 7,NCERT,Soil erosion(variant D)
Earth Science,What is a fossil?,A fossil is the preserved remains or traces of a once-living organism found in rock.,Basic,Class 10,NCERT,Fossil(variant D)
Earth Science,What is the age of Earth?,Earth is approximately 4.5 billion years old.,Basic,Class 8,General,Earth age(variant D)
Earth Science,What is the Sun?,The Sun is a star at the centre of our solar system providing light and heat.,Basic,Class 6,NCERT,Sun(variant D)
Earth Science,How far is the Earth from the Sun?,Earth is approximately 150 million km (1 AU) from the Sun.,Basic,Class 8,General,Earth Sun distance(variant D)
Earth Science,What causes seasons?,Seasons are caused by the tilt of Earth's axis as it orbits the Sun.,Basic,Class 6,NCERT,Seasons(variant D)
Earth Science,What causes day and night?,Day and night are caused by Earth's rotation on its own axis.,Basic,Class 6,NCERT,Day night(variant D)
Earth Science,What is the Moon?,The Moon is Earth's natural satellite that orbits Earth once every 27.3 days.,Basic,Class 6,NCERT,Moon(variant D)
Earth Science,What causes tides?,Tides are caused by the gravitational pull of the Moon (and Sun) on Earth's oceans.,Intermediate,Class 8,NCERT,Tides(variant D)
Earth Science,What is a solar eclipse?,A solar eclipse occurs when the Moon comes between the Sun and Earth blocking sunlight.,Basic,Class 8,NCERT,Solar eclipse(variant D)
Earth Science,What is a lunar eclipse?,A lunar eclipse occurs when Earth comes between the Sun and Moon casting a shadow on the Moon.,Basic,Class 8,NCERT,Lunar eclipse(variant D)
Earth Science,What is the Milky Way?,The Milky Way is the galaxy containing our solar system with over 200 billion stars.,Basic,Class 8,General,Milky Way(variant D)
Earth Science,What is a black hole?,A black hole is a region in space with such strong gravity that nothing including light can escape.,Intermediate,Class 8,General,Black hole(variant D)
Earth Science,What is a star?,A star is a luminous ball of plasma held together by gravity undergoing nuclear fusion.,Basic,Class 8,General,Star(variant D)
Earth Science,What is a planet?,A planet is a celestial body orbiting a star that has cleared its orbital neighbourhood.,Basic,Class 8,NCERT,Planet(variant D)
Earth Science,How many planets are in our solar system?,There are 8 planets in our solar system: Mercury Venus Earth Mars Jupiter Saturn Uranus Neptune.,Basic,Class 8,NCERT,Planets(variant D)
Earth Science,What is the largest planet in our solar system?,Jupiter is the largest planet in our solar system.,Basic,Class 8,NCERT,Largest planet(variant D)
Earth Science,What is the smallest planet in our solar system?,Mercury is the smallest planet in our solar system.,Basic,Class 8,NCERT,Smallest planet(variant D)
Earth Science,What is the hottest planet in our solar system?,Venus is the hottest planet due to its thick CO2 atmosphere and greenhouse effect.,Basic,Class 8,General,Hottest planet(variant D)
Earth Science,What is the red planet?,Mars is called the red planet due to iron oxide (rust) on its surface.,Basic,Class 8,General,Red planet(variant D)
